000000 128 000000 128 0 000000 129 0
000000 128 000000 128 1 000000 0 1
000000 128 800000 128 0 000000 127 0
000000 128 800000 128 1 400000 129 0
000000 128 800000 127 0 400000 128 0
000000 128 800000 127 1 600000 129 0
000000 128 000000 127 0 400000 129 0
000000 128 000000 127 1 000000 127 0
000000 128 800000 255 0 800000 255 0
000000 128 800000 255 1 000000 254 0
000000 128 000000 255 0 000000 255 0
000000 128 000000 255 1 400000 0 4
000000 128 800000 1 0 000000 128 0
000000 128 800000 1 1 000000 128 0
000000 128 000000 1 0 000000 128 0
000000 128 000000 1 1 000000 128 0
000000 128 ffffff 127 0 000000 127 0
000000 128 ffffff 127 1 400000 129 0
000000 128 000001 127 0 400000 129 0
000000 128 000001 127 1 000000 127 0
000000 128 000000 0 0 000000 128 0
000000 128 000000 0 1 000000 128 0
000000 128 ffffff 0 0 100000 0 7
000000 128 ffffff 0 1 100000 0 7
000000 128 400000 0 0 100000 0 7
000000 128 400000 0 1 100000 0 7
000000 128 800000 0 0 100000 0 7
000000 128 800000 0 1 100000 0 7
000000 128 200000 0 0 000000 128 0
000000 128 200000 0 1 000000 128 0
000000 128 c00000 0 0 000000 128 0
000000 128 c00000 0 1 000000 128 0
000000 128 100000 0 0 100000 0 7
000000 128 100000 0 1 100000 0 7
800000 128 000000 128 0 000000 127 0
800000 128 000000 128 1 c00000 129 0
800000 128 800000 128 0 800000 129 0
800000 128 800000 128 1 000000 0 1
800000 128 800000 127 0 c00000 128 0
800000 128 800000 127 1 800000 127 0
800000 128 000000 127 0 000000 0 1
800000 128 000000 127 1 800000 129 0
800000 128 800000 255 0 800000 255 0
800000 128 800000 255 1 000000 254 0
800000 128 000000 255 0 000000 255 0
800000 128 000000 255 1 400000 0 4
800000 128 800000 1 0 800000 128 0
800000 128 800000 1 1 800000 128 0
800000 128 000000 1 0 800000 128 0
800000 128 000000 1 1 800000 128 0
800000 128 ffffff 127 0 800000 129 0
800000 128 ffffff 127 1 800000 104 0
800000 128 000001 127 0 800000 104 0
800000 128 000001 127 1 800000 129 0
800000 128 000000 0 0 800000 128 0
800000 128 000000 0 1 800000 128 0
800000 128 ffffff 0 0 100000 0 7
800000 128 ffffff 0 1 100000 0 7
800000 128 400000 0 0 100000 0 7
800000 128 400000 0 1 100000 0 7
800000 128 800000 0 0 100000 0 7
800000 128 800000 0 1 100000 0 7
800000 128 200000 0 0 800000 128 0
800000 128 200000 0 1 800000 128 0
800000 128 c00000 0 0 800000 128 0
800000 128 c00000 0 1 800000 128 0
800000 128 100000 0 0 100000 0 7
800000 128 100000 0 1 100000 0 7
800000 127 000000 128 0 400000 128 0
800000 127 000000 128 1 a00000 129 0
800000 127 800000 128 0 c00000 128 0
800000 127 800000 128 1 000000 126 0
800000 127 800000 127 0 800000 128 0
800000 127 800000 127 1 000000 0 1
800000 127 000000 127 0 000000 126 0
800000 127 000000 127 1 c00000 128 0
800000 127 800000 255 0 800000 255 0
800000 127 800000 255 1 000000 254 0
800000 127 000000 255 0 000000 255 0
800000 127 000000 255 1 400000 0 4
800000 127 800000 1 0 800000 127 0
800000 127 800000 1 1 800000 127 0
800000 127 000000 1 0 800000 127 0
800000 127 000000 1 1 800000 127 0
800000 127 ffffff 127 0 c00000 128 0
800000 127 ffffff 127 1 000002 126 0
800000 127 000001 127 0 000002 126 0
800000 127 000001 127 1 c00000 128 0
800000 127 000000 0 0 800000 127 0
800000 127 000000 0 1 800000 127 0
800000 127 ffffff 0 0 100000 0 7
800000 127 ffffff 0 1 100000 0 7
800000 127 400000 0 0 100000 0 7
800000 127 400000 0 1 100000 0 7
800000 127 800000 0 0 100000 0 7
800000 127 800000 0 1 100000 0 7
800000 127 200000 0 0 800000 127 0
800000 127 200000 0 1 800000 127 0
800000 127 c00000 0 0 800000 127 0
800000 127 c00000 0 1 800000 127 0
800000 127 100000 0 0 100000 0 7
800000 127 100000 0 1 100000 0 7
000000 127 000000 128 0 400000 129 0
000000 127 000000 128 1 800000 128 0
000000 127 800000 128 0 000000 0 1
000000 127 800000 128 1 000000 128 0
000000 127 800000 127 0 000000 126 0
000000 127 800000 127 1 400000 128 0
000000 127 000000 127 0 000000 128 0
000000 127 000000 127 1 000000 0 1
000000 127 800000 255 0 800000 255 0
000000 127 800000 255 1 000000 254 0
000000 127 000000 255 0 000000 255 0
000000 127 000000 255 1 400000 0 4
000000 127 800000 1 0 000000 127 0
000000 127 800000 1 1 000000 127 0
000000 127 000000 1 0 000000 127 0
000000 127 000000 1 1 000000 127 0
000000 127 ffffff 127 0 000000 103 0
000000 127 ffffff 127 1 000000 128 0
000000 127 000001 127 0 000000 128 0
000000 127 000001 127 1 000000 103 0
000000 127 000000 0 0 000000 127 0
000000 127 000000 0 1 000000 127 0
000000 127 ffffff 0 0 100000 0 7
000000 127 ffffff 0 1 100000 0 7
000000 127 400000 0 0 100000 0 7
000000 127 400000 0 1 100000 0 7
000000 127 800000 0 0 100000 0 7
000000 127 800000 0 1 100000 0 7
000000 127 200000 0 0 000000 127 0
000000 127 200000 0 1 000000 127 0
000000 127 c00000 0 0 000000 127 0
000000 127 c00000 0 1 000000 127 0
000000 127 100000 0 0 100000 0 7
000000 127 100000 0 1 100000 0 7
800000 255 000000 128 0 800000 255 0
800000 255 000000 128 1 800000 255 0
800000 255 800000 128 0 800000 255 0
800000 255 800000 128 1 800000 255 0
800000 255 800000 127 0 800000 255 0
800000 255 800000 127 1 800000 255 0
800000 255 000000 127 0 800000 255 0
800000 255 000000 127 1 800000 255 0
800000 255 800000 255 0 400000 0 4
800000 255 800000 255 1 000000 0 1
800000 255 000000 255 0 000000 254 0
800000 255 000000 255 1 400000 0 4
800000 255 800000 1 0 800000 255 0
800000 255 800000 1 1 800000 255 0
800000 255 000000 1 0 800000 255 0
800000 255 000000 1 1 800000 255 0
800000 255 ffffff 127 0 800000 255 0
800000 255 ffffff 127 1 800000 255 0
800000 255 000001 127 0 800000 255 0
800000 255 000001 127 1 800000 255 0
800000 255 000000 0 0 800000 255 0
800000 255 000000 0 1 800000 255 0
800000 255 ffffff 0 0 100000 0 7
800000 255 ffffff 0 1 100000 0 7
800000 255 400000 0 0 100000 0 7
800000 255 400000 0 1 100000 0 7
800000 255 800000 0 0 100000 0 7
800000 255 800000 0 1 100000 0 7
800000 255 200000 0 0 800000 255 0
800000 255 200000 0 1 800000 255 0
800000 255 c00000 0 0 800000 255 0
800000 255 c00000 0 1 800000 255 0
800000 255 100000 0 0 100000 0 7
800000 255 100000 0 1 100000 0 7
000000 255 000000 128 0 000000 255 0
000000 255 000000 128 1 000000 255 0
000000 255 800000 128 0 000000 255 0
000000 255 800000 128 1 000000 255 0
000000 255 800000 127 0 000000 255 0
000000 255 800000 127 1 000000 255 0
000000 255 000000 127 0 000000 255 0
000000 255 000000 127 1 000000 255 0
000000 255 800000 255 0 000000 254 0
000000 255 800000 255 1 800000 0 5
000000 255 000000 255 0 800000 0 5
000000 255 000000 255 1 000000 0 1
000000 255 800000 1 0 000000 255 0
000000 255 800000 1 1 000000 255 0
000000 255 000000 1 0 000000 255 0
000000 255 000000 1 1 000000 255 0
000000 255 ffffff 127 0 000000 255 0
000000 255 ffffff 127 1 000000 255 0
000000 255 000001 127 0 000000 255 0
000000 255 000001 127 1 000000 255 0
000000 255 000000 0 0 000000 255 0
000000 255 000000 0 1 000000 255 0
000000 255 ffffff 0 0 100000 0 7
000000 255 ffffff 0 1 100000 0 7
000000 255 400000 0 0 100000 0 7
000000 255 400000 0 1 100000 0 7
000000 255 800000 0 0 100000 0 7
000000 255 800000 0 1 100000 0 7
000000 255 200000 0 0 000000 255 0
000000 255 200000 0 1 000000 255 0
000000 255 c00000 0 0 000000 255 0
000000 255 c00000 0 1 000000 255 0
000000 255 100000 0 0 100000 0 7
000000 255 100000 0 1 100000 0 7
800000 1 000000 128 0 000000 128 0
800000 1 000000 128 1 800000 129 0
800000 1 800000 128 0 800000 128 0
800000 1 800000 128 1 000000 127 0
800000 1 800000 127 0 800000 127 0
800000 1 800000 127 1 000000 126 0
800000 1 000000 127 0 000000 127 0
800000 1 000000 127 1 800000 128 0
800000 1 800000 255 0 800000 255 0
800000 1 800000 255 1 000000 254 0
800000 1 000000 255 0 000000 255 0
800000 1 000000 255 1 400000 0 4
800000 1 800000 1 0 800000 2 0
800000 1 800000 1 1 000000 0 1
800000 1 000000 1 0 c00000 0 3
800000 1 000000 1 1 c00000 2 0
800000 1 ffffff 127 0 ffffff 127 0
800000 1 ffffff 127 1 000001 127 0
800000 1 000001 127 0 000001 127 0
800000 1 000001 127 1 ffffff 127 0
800000 1 000000 0 0 800000 1 0
800000 1 000000 0 1 800000 1 0
800000 1 ffffff 0 0 100000 0 7
800000 1 ffffff 0 1 100000 0 7
800000 1 400000 0 0 100000 0 7
800000 1 400000 0 1 100000 0 7
800000 1 800000 0 0 100000 0 7
800000 1 800000 0 1 100000 0 7
800000 1 200000 0 0 800000 1 0
800000 1 200000 0 1 800000 1 0
800000 1 c00000 0 0 800000 1 0
800000 1 c00000 0 1 800000 1 0
800000 1 100000 0 0 100000 0 7
800000 1 100000 0 1 100000 0 7
000000 1 000000 128 0 000000 128 0
000000 1 000000 128 1 800000 129 0
000000 1 800000 128 0 800000 128 0
000000 1 800000 128 1 000000 127 0
000000 1 800000 127 0 800000 127 0
000000 1 800000 127 1 000000 126 0
000000 1 000000 127 0 000000 127 0
000000 1 000000 127 1 800000 128 0
000000 1 800000 255 0 800000 255 0
000000 1 800000 255 1 000000 254 0
000000 1 000000 255 0 000000 255 0
000000 1 000000 255 1 400000 0 4
000000 1 800000 1 0 c00000 0 3
000000 1 800000 1 1 400000 2 0
000000 1 000000 1 0 000000 2 0
000000 1 000000 1 1 000000 0 1
000000 1 ffffff 127 0 ffffff 127 0
000000 1 ffffff 127 1 000001 127 0
000000 1 000001 127 0 000001 127 0
000000 1 000001 127 1 ffffff 127 0
000000 1 000000 0 0 000000 1 0
000000 1 000000 0 1 000000 1 0
000000 1 ffffff 0 0 100000 0 7
000000 1 ffffff 0 1 100000 0 7
000000 1 400000 0 0 100000 0 7
000000 1 400000 0 1 100000 0 7
000000 1 800000 0 0 100000 0 7
000000 1 800000 0 1 100000 0 7
000000 1 200000 0 0 000000 1 0
000000 1 200000 0 1 000000 1 0
000000 1 c00000 0 0 000000 1 0
000000 1 c00000 0 1 000000 1 0
000000 1 100000 0 0 100000 0 7
000000 1 100000 0 1 100000 0 7
ffffff 127 000000 128 0 000000 127 0
ffffff 127 000000 128 1 c00000 129 0
ffffff 127 800000 128 0 800000 129 0
ffffff 127 800000 128 1 000000 103 0
ffffff 127 800000 127 0 c00000 128 0
ffffff 127 800000 127 1 fffffe 126 0
ffffff 127 000000 127 0 000000 103 0
ffffff 127 000000 127 1 800000 129 0
ffffff 127 800000 255 0 800000 255 0
ffffff 127 800000 255 1 000000 254 0
ffffff 127 000000 255 0 000000 255 0
ffffff 127 000000 255 1 400000 0 4
ffffff 127 800000 1 0 ffffff 127 0
ffffff 127 800000 1 1 ffffff 127 0
ffffff 127 000000 1 0 ffffff 127 0
ffffff 127 000000 1 1 ffffff 127 0
ffffff 127 ffffff 127 0 ffffff 128 0
ffffff 127 ffffff 127 1 000000 0 1
ffffff 127 000001 127 0 000000 0 1
ffffff 127 000001 127 1 ffffff 128 0
ffffff 127 000000 0 0 ffffff 127 0
ffffff 127 000000 0 1 ffffff 127 0
ffffff 127 ffffff 0 0 100000 0 7
ffffff 127 ffffff 0 1 100000 0 7
ffffff 127 400000 0 0 100000 0 7
ffffff 127 400000 0 1 100000 0 7
ffffff 127 800000 0 0 100000 0 7
ffffff 127 800000 0 1 100000 0 7
ffffff 127 200000 0 0 ffffff 127 0
ffffff 127 200000 0 1 ffffff 127 0
ffffff 127 c00000 0 0 ffffff 127 0
ffffff 127 c00000 0 1 ffffff 127 0
ffffff 127 100000 0 0 100000 0 7
ffffff 127 100000 0 1 100000 0 7
000001 127 000000 128 0 400000 129 0
000001 127 000000 128 1 800000 128 0
000001 127 800000 128 0 800000 104 0
000001 127 800000 128 1 000000 128 0
000001 127 800000 127 0 000002 126 0
000001 127 800000 127 1 400000 128 0
000001 127 000000 127 0 000000 128 0
000001 127 000000 127 1 800000 104 0
000001 127 800000 255 0 800000 255 0
000001 127 800000 255 1 000000 254 0
000001 127 000000 255 0 000000 255 0
000001 127 000000 255 1 400000 0 4
000001 127 800000 1 0 000001 127 0
000001 127 800000 1 1 000001 127 0
000001 127 000000 1 0 000001 127 0
000001 127 000000 1 1 000001 127 0
000001 127 ffffff 127 0 000000 0 1
000001 127 ffffff 127 1 000001 128 0
000001 127 000001 127 0 000001 128 0
000001 127 000001 127 1 000000 0 1
000001 127 000000 0 0 000001 127 0
000001 127 000000 0 1 000001 127 0
000001 127 ffffff 0 0 100000 0 7
000001 127 ffffff 0 1 100000 0 7
000001 127 400000 0 0 100000 0 7
000001 127 400000 0 1 100000 0 7
000001 127 800000 0 0 100000 0 7
000001 127 800000 0 1 100000 0 7
000001 127 200000 0 0 000001 127 0
000001 127 200000 0 1 000001 127 0
000001 127 c00000 0 0 000001 127 0
000001 127 c00000 0 1 000001 127 0
000001 127 100000 0 0 100000 0 7
000001 127 100000 0 1 100000 0 7
000000 0 000000 128 0 000000 128 0
000000 0 000000 128 1 800000 129 0
000000 0 800000 128 0 800000 128 0
000000 0 800000 128 1 000000 127 0
000000 0 800000 127 0 800000 127 0
000000 0 800000 127 1 000000 126 0
000000 0 000000 127 0 000000 127 0
000000 0 000000 127 1 800000 128 0
000000 0 800000 255 0 800000 255 0
000000 0 800000 255 1 000000 254 0
000000 0 000000 255 0 000000 255 0
000000 0 000000 255 1 400000 0 4
000000 0 800000 1 0 800000 1 0
000000 0 800000 1 1 c00000 0 3
000000 0 000000 1 0 000000 1 0
000000 0 000000 1 1 800000 2 0
000000 0 ffffff 127 0 ffffff 127 0
000000 0 ffffff 127 1 000001 127 0
000000 0 000001 127 0 000001 127 0
000000 0 000001 127 1 ffffff 127 0
000000 0 000000 0 0 000000 0 1
000000 0 000000 0 1 000000 0 1
000000 0 ffffff 0 0 ffffff 0 6
000000 0 ffffff 0 1 ffffff 0 6
000000 0 400000 0 0 400000 0 4
000000 0 400000 0 1 800000 0 5
000000 0 800000 0 0 800000 0 5
000000 0 800000 0 1 400000 0 4
000000 0 200000 0 0 200000 0 2
000000 0 200000 0 1 c00000 0 3
000000 0 c00000 0 0 c00000 0 3
000000 0 c00000 0 1 200000 0 2
000000 0 100000 0 0 100000 0 7
000000 0 100000 0 1 100000 0 7
ffffff 0 000000 128 0 100000 0 7
ffffff 0 000000 128 1 100000 0 7
ffffff 0 800000 128 0 100000 0 7
ffffff 0 800000 128 1 100000 0 7
ffffff 0 800000 127 0 100000 0 7
ffffff 0 800000 127 1 100000 0 7
ffffff 0 000000 127 0 100000 0 7
ffffff 0 000000 127 1 100000 0 7
ffffff 0 800000 255 0 100000 0 7
ffffff 0 800000 255 1 100000 0 7
ffffff 0 000000 255 0 100000 0 7
ffffff 0 000000 255 1 100000 0 7
ffffff 0 800000 1 0 100000 0 7
ffffff 0 800000 1 1 100000 0 7
ffffff 0 000000 1 0 100000 0 7
ffffff 0 000000 1 1 100000 0 7
ffffff 0 ffffff 127 0 100000 0 7
ffffff 0 ffffff 127 1 100000 0 7
ffffff 0 000001 127 0 100000 0 7
ffffff 0 000001 127 1 100000 0 7
ffffff 0 000000 0 0 ffffff 0 6
ffffff 0 000000 0 1 ffffff 0 6
ffffff 0 ffffff 0 0 100000 0 7
ffffff 0 ffffff 0 1 100000 0 7
ffffff 0 400000 0 0 100000 0 7
ffffff 0 400000 0 1 100000 0 7
ffffff 0 800000 0 0 100000 0 7
ffffff 0 800000 0 1 100000 0 7
ffffff 0 200000 0 0 100000 0 7
ffffff 0 200000 0 1 100000 0 7
ffffff 0 c00000 0 0 100000 0 7
ffffff 0 c00000 0 1 100000 0 7
ffffff 0 100000 0 0 100000 0 7
ffffff 0 100000 0 1 100000 0 7
400000 0 000000 128 0 100000 0 7
400000 0 000000 128 1 100000 0 7
400000 0 800000 128 0 100000 0 7
400000 0 800000 128 1 100000 0 7
400000 0 800000 127 0 100000 0 7
400000 0 800000 127 1 100000 0 7
400000 0 000000 127 0 100000 0 7
400000 0 000000 127 1 100000 0 7
400000 0 800000 255 0 100000 0 7
400000 0 800000 255 1 100000 0 7
400000 0 000000 255 0 100000 0 7
400000 0 000000 255 1 100000 0 7
400000 0 800000 1 0 100000 0 7
400000 0 800000 1 1 100000 0 7
400000 0 000000 1 0 100000 0 7
400000 0 000000 1 1 100000 0 7
400000 0 ffffff 127 0 100000 0 7
400000 0 ffffff 127 1 100000 0 7
400000 0 000001 127 0 100000 0 7
400000 0 000001 127 1 100000 0 7
400000 0 000000 0 0 400000 0 4
400000 0 000000 0 1 400000 0 4
400000 0 ffffff 0 0 100000 0 7
400000 0 ffffff 0 1 100000 0 7
400000 0 400000 0 0 100000 0 7
400000 0 400000 0 1 100000 0 7
400000 0 800000 0 0 100000 0 7
400000 0 800000 0 1 100000 0 7
400000 0 200000 0 0 100000 0 7
400000 0 200000 0 1 100000 0 7
400000 0 c00000 0 0 100000 0 7
400000 0 c00000 0 1 100000 0 7
400000 0 100000 0 0 100000 0 7
400000 0 100000 0 1 100000 0 7
800000 0 000000 128 0 100000 0 7
800000 0 000000 128 1 100000 0 7
800000 0 800000 128 0 100000 0 7
800000 0 800000 128 1 100000 0 7
800000 0 800000 127 0 100000 0 7
800000 0 800000 127 1 100000 0 7
800000 0 000000 127 0 100000 0 7
800000 0 000000 127 1 100000 0 7
800000 0 800000 255 0 100000 0 7
800000 0 800000 255 1 100000 0 7
800000 0 000000 255 0 100000 0 7
800000 0 000000 255 1 100000 0 7
800000 0 800000 1 0 100000 0 7
800000 0 800000 1 1 100000 0 7
800000 0 000000 1 0 100000 0 7
800000 0 000000 1 1 100000 0 7
800000 0 ffffff 127 0 100000 0 7
800000 0 ffffff 127 1 100000 0 7
800000 0 000001 127 0 100000 0 7
800000 0 000001 127 1 100000 0 7
800000 0 000000 0 0 800000 0 5
800000 0 000000 0 1 800000 0 5
800000 0 ffffff 0 0 100000 0 7
800000 0 ffffff 0 1 100000 0 7
800000 0 400000 0 0 100000 0 7
800000 0 400000 0 1 100000 0 7
800000 0 800000 0 0 100000 0 7
800000 0 800000 0 1 100000 0 7
800000 0 200000 0 0 100000 0 7
800000 0 200000 0 1 100000 0 7
800000 0 c00000 0 0 100000 0 7
800000 0 c00000 0 1 100000 0 7
800000 0 100000 0 0 100000 0 7
800000 0 100000 0 1 100000 0 7
200000 0 000000 128 0 000000 128 0
200000 0 000000 128 1 800000 129 0
200000 0 800000 128 0 800000 128 0
200000 0 800000 128 1 000000 127 0
200000 0 800000 127 0 800000 127 0
200000 0 800000 127 1 000000 126 0
200000 0 000000 127 0 000000 127 0
200000 0 000000 127 1 800000 128 0
200000 0 800000 255 0 800000 255 0
200000 0 800000 255 1 000000 254 0
200000 0 000000 255 0 000000 255 0
200000 0 000000 255 1 400000 0 4
200000 0 800000 1 0 800000 1 0
200000 0 800000 1 1 c00000 0 3
200000 0 000000 1 0 000000 1 0
200000 0 000000 1 1 800000 2 0
200000 0 ffffff 127 0 ffffff 127 0
200000 0 ffffff 127 1 000001 127 0
200000 0 000001 127 0 000001 127 0
200000 0 000001 127 1 ffffff 127 0
200000 0 000000 0 0 200000 0 2
200000 0 000000 0 1 200000 0 2
200000 0 ffffff 0 0 100000 0 7
200000 0 ffffff 0 1 100000 0 7
200000 0 400000 0 0 100000 0 7
200000 0 400000 0 1 100000 0 7
200000 0 800000 0 0 100000 0 7
200000 0 800000 0 1 100000 0 7
200000 0 200000 0 0 100000 0 7
200000 0 200000 0 1 100000 0 7
200000 0 c00000 0 0 100000 0 7
200000 0 c00000 0 1 100000 0 7
200000 0 100000 0 0 100000 0 7
200000 0 100000 0 1 100000 0 7
c00000 0 000000 128 0 000000 128 0
c00000 0 000000 128 1 800000 129 0
c00000 0 800000 128 0 800000 128 0
c00000 0 800000 128 1 000000 127 0
c00000 0 800000 127 0 800000 127 0
c00000 0 800000 127 1 000000 126 0
c00000 0 000000 127 0 000000 127 0
c00000 0 000000 127 1 800000 128 0
c00000 0 800000 255 0 800000 255 0
c00000 0 800000 255 1 000000 254 0
c00000 0 000000 255 0 000000 255 0
c00000 0 000000 255 1 400000 0 4
c00000 0 800000 1 0 800000 1 0
c00000 0 800000 1 1 c00000 0 3
c00000 0 000000 1 0 000000 1 0
c00000 0 000000 1 1 800000 2 0
c00000 0 ffffff 127 0 ffffff 127 0
c00000 0 ffffff 127 1 000001 127 0
c00000 0 000001 127 0 000001 127 0
c00000 0 000001 127 1 ffffff 127 0
c00000 0 000000 0 0 c00000 0 3
c00000 0 000000 0 1 c00000 0 3
c00000 0 ffffff 0 0 100000 0 7
c00000 0 ffffff 0 1 100000 0 7
c00000 0 400000 0 0 100000 0 7
c00000 0 400000 0 1 100000 0 7
c00000 0 800000 0 0 100000 0 7
c00000 0 800000 0 1 100000 0 7
c00000 0 200000 0 0 100000 0 7
c00000 0 200000 0 1 100000 0 7
c00000 0 c00000 0 0 100000 0 7
c00000 0 c00000 0 1 100000 0 7
c00000 0 100000 0 0 100000 0 7
c00000 0 100000 0 1 100000 0 7
100000 0 000000 128 0 100000 0 7
100000 0 000000 128 1 100000 0 7
100000 0 800000 128 0 100000 0 7
100000 0 800000 128 1 100000 0 7
100000 0 800000 127 0 100000 0 7
100000 0 800000 127 1 100000 0 7
100000 0 000000 127 0 100000 0 7
100000 0 000000 127 1 100000 0 7
100000 0 800000 255 0 100000 0 7
100000 0 800000 255 1 100000 0 7
100000 0 000000 255 0 100000 0 7
100000 0 000000 255 1 100000 0 7
100000 0 800000 1 0 100000 0 7
100000 0 800000 1 1 100000 0 7
100000 0 000000 1 0 100000 0 7
100000 0 000000 1 1 100000 0 7
100000 0 ffffff 127 0 100000 0 7
100000 0 ffffff 127 1 100000 0 7
100000 0 000001 127 0 100000 0 7
100000 0 000001 127 1 100000 0 7
100000 0 000000 0 0 100000 0 7
100000 0 000000 0 1 100000 0 7
100000 0 ffffff 0 0 100000 0 7
100000 0 ffffff 0 1 100000 0 7
100000 0 400000 0 0 100000 0 7
100000 0 400000 0 1 100000 0 7
100000 0 800000 0 0 100000 0 7
100000 0 800000 0 1 100000 0 7
100000 0 200000 0 0 100000 0 7
100000 0 200000 0 1 100000 0 7
100000 0 c00000 0 0 100000 0 7
100000 0 c00000 0 1 100000 0 7
100000 0 100000 0 0 100000 0 7
100000 0 100000 0 1 100000 0 7
800000 127 800000 127 1 000000 0 1
800000 127 000000 126 0 000000 0 1
000000 126 800000 127 0 000000 0 1
800000 132 800000 132 1 000000 0 1
800000 132 000000 131 0 000000 0 1
000000 131 800000 132 0 000000 0 1
800000 27 800000 27 1 000000 0 1
800000 27 000000 26 0 000000 0 1
000000 26 800000 27 0 000000 0 1
000000 127 000000 127 1 000000 0 1
000000 127 800000 128 0 000000 0 1
800000 128 000000 127 0 000000 0 1
000000 132 000000 132 1 000000 0 1
000000 132 800000 133 0 000000 0 1
800000 133 000000 132 0 000000 0 1
000000 27 000000 27 1 000000 0 1
000000 27 800000 28 0 000000 0 1
800000 28 000000 27 0 000000 0 1
c00000 130 c00000 130 1 000000 0 1
c00000 130 400000 130 0 000000 0 1
400000 130 c00000 130 0 000000 0 1
400000 130 400000 130 1 000000 0 1
400000 130 c00000 130 0 000000 0 1
c00000 130 400000 130 0 000000 0 1
abcdef 139 abcdef 139 1 000000 0 1
abcdef 139 543211 139 0 000000 0 1
543211 139 abcdef 139 0 000000 0 1
0087fa 203 4043fd 230 1 bfbc03 230 0
501100 250 d7f780 253 0 c1f9a0 253 0
6a0220 192 350110 224 0 350110 224 0
0d4044 120 06a022 188 1 f95fde 188 0
01a809 239 40d405 248 1 beaccf 248 0
103502 126 081a81 191 1 f7e57f 191 0
2206a1 112 110351 184 1 eefcaf 184 0
0440d5 110 fddf95 183 0 fddf95 183 0
df77e5 174 10440e 87 1 df77e5 174 0
241104 214 edf77e 235 1 12087b 235 0
db7ddf 187 adbeef 94 1 db7ddf 187 0
549045 24 d5b7dd 140 0 d5b7dd 140 0
f56df7 163 bab6fb 82 1 f56df7 163 0
aeadbe 21 68a921 11 1 aed394 21 0
c5d5b7 67 5d1525 34 1 c5d5b7 67 0
57454a 201 945d5b 229 1 6ba2a5 229 0
7ae8aa 186 c28bab 221 1 3d7455 221 0
90a2ea 56 37ae8b 28 0 90a2ea 56 0
0deba3 199 b90a2e 228 1 46f5d2 228 0
11bd75 57 b72145 157 0 b72145 157 0
8dc851 168 391bd8 84 0 8dc851 168 0
f1b90a 85 47237b 43 0 f1b90a 85 0
ce3721 203 58e470 102 0 ce3721 203 0
56391c 90 d4e372 173 1 2b1c8e 173 0
6ac724 172 ca9c6e 214 1 356392 214 0
4d58e5 182 d9538d 219 0 d9538d 219 0
d654e3 55 ab2a71 28 0 d654e3 55 0
eaca9c 7 4a9ab2 4 1 80bba3 8 0
ed5953 65 b6aca9 33 0 ed5953 65 0
7254d6 137 86d595 197 0 86d595 197 0
7e4a9b 178 3f254e 217 1 c0dab2 217 0
9036ac 247 77e4aa 124 1 9036ac 247 0
e206d5 223 4efc96 112 1 e206d5 223 0
13bf26 220 09df93 238 0 09df58 238 0
bd881b 252 dec40d 126 0 bd881b 252 0
b7b103 160 dbd881 80 0 b7b103 160 0
f6f620 148 fb7b10 74 0 f6f620 148 0
bedec4 147 9f6f62 74 1 bedec4 147 0
a7dbd8 19 93edec 10 0 a825cf 19 0
5b0485 3 927dbd 130 0 927dbd 130 0
a49f6f 161 924fb7 81 1 a49f6f 161 0
7b6c13 21 8249f6 139 1 7db60a 139 0
3f6d83 163 a0493e 210 1 5fb6c2 210 0
a8124f 181 940927 91 1 a8124f 181 0
3afdb7 23 a28124 140 0 a28124 140 0
e8a049 35 b45024 18 0 e8a0a3 35 0
ad1409 133 6975fc 67 0 ad1409 133 0
c5a281 81 5d2ec0 41 0 c5a281 81 0
88b450 203 7ba5d8 102 0 88b450 203 0
a1168a 90 2f74bb 45 0 a1168a 90 0
9422d1 76 35ee98 38 0 9422d1 76 0
4d7ba6 202 26bdd3 229 0 26bdd3 229 0
96508b 122 cb2845 61 0 96508b 122 0
6d35ef 16 369af8 136 0 369af8 136 0
0da6be 98 f92ca1 177 0 f92ca1 177 0
9e4b28 173 8f2594 87 0 9e4b28 173 0
c3c965 22 e1e4b2 11 1 c3ad28 22 0
d8792c 3 ac3c96 2 1 825ae1 3 0
54f0db 129 958792 193 1 6a786e 193 0
7a9e1c 49 7d4f0e 153 1 82b0f2 153 0
80ac3c 231 7fa9e2 116 1 80ac3c 231 0
e01587 221 4ff53d 111 1 e01587 221 0
33fd50 220 e60158 238 0 e60125 238 0
467faa 60 233fd5 158 1 dcc02b 158 0
b7300a 232 2467fb 116 0 b7300a 232 0
0919ff 93 448d00 175 0 448d00 175 0
312340 236 1891a0 246 0 185de9 246 0
462468 126 dcedcc 191 0 dcedcc 191 0
28c48d 176 eb9db9 216 0 eb9db9 216 0
051892 182 fd73b7 219 1 028c49 219 0
df5ced 55 afae76 28 1 df5ced 55 0
ebeb9d 135 4a0a32 68 1 ebeb9d 135 0
ed7d73 209 b6beb9 105 0 ed7d73 209 0
725052 155 86d7d7 206 1 792829 206 0
a1b5f5 180 2f2506 90 1 a1b5f5 180 0
b436be 87 65e4a1 44 1 b436be 87 0
197929 203 b3436b 230 1 4cbc95 230 0
acd0da 58 d6686d 29 0 acd0da 58 0
959a1b 136 3532f3 68 0 959a1b 136 0
0d4cbd 209 46a65f 233 0 46a65e 233 0
8e5668 123 78d4cc 62 0 8e5668 123 0
a1cacd 80 d0e566 40 1 a1cacd 80 0
0bc6a7 10 fa1cac 133 0 fa1cac 133 0
6178d5 34 30bc6b 145 0 30bc6b 145 0
93d0e5 101 76178e 51 1 93d0e5 101 0
c27a1c 205 5ec2f2 103 1 c27a1c 205 0
37b0bd 218 e427a1 237 0 e42788 237 0
66f618 188 337b0c 222 0 337b0c 222 0
4cdec3 120 d9909e 188 1 266f62 188 0
f66427 47 bb3213 24 1 f66426 47 0
eecc84 134 0899be 67 1 eecc84 134 0
222670 209 511338 233 0 511337 233 0
8bbb32 251 7a2267 126 0 8bbb32 251 0
5e889a 224 2f444d 240 1 d0bb12 240 0
0bd114 124 fa1776 190 1 05e88a 190 0
417a23 48 df42ee 152 1 20bd12 152 0
f7d0bb 166 fbe85d 83 0 f7d0bb 166 0
defa17 21 5082f5 11 1 df25f6 21 0
3420be 195 5a105f 226 0 5a105f 226 0
568418 249 6b420c 253 0 60aa4e 253 0
100000 0 3d6842 128 1 100000 0 7
f0a5ef 96 07ad09 48 1 f0a5ef 96 0
01eb43 204 00f5a2 230 1 ff0a5e 230 0
bfc297 122 201eb5 61 1 bfc297 122 0
6807ae 208 3403d7 232 0 3403d6 232 0
0d00f6 250 f97f85 253 0 db1fa4 253 0
61a01f 64 cf2ff0 160 0 cf2ff0 160 0
f3cbfc 168 061a02 84 1 f3cbfc 168 0
018681 85 40c341 171 1 bf3cbf 171 0
3030d1 235 581869 246 1 a7cd9d 246 0
56061b 254 2b030e 255 1 ffffff 254 0
100000 0 100000 0 1 100000 0 7
055819 128 02ac0d 192 1 fd53f3 192 0
00ab04 112 005582 184 1 ffaa7e 184 0
001561 238 000ab1 247 1 ff755a 247 0
dffd53 254 effea9 127 0 dffd53 254 0
dbffaa 160 12002b 80 0 dbffaa 160 0
04800b 212 024006 234 1 fdbff6 234 0
bf6ffe 123 604801 62 1 bf6ffe 123 0
a7edff 80 d3f6ff 40 1 a7edff 80 0
0b0241 10 058121 133 1 fa7edf 133 0
616049 226 cf4fdb 241 1 30aee8 241 0
93d3f6 189 761605 95 1 93d3f6 189 0
c27a7e 216 1ec2c1 108 1 c27a7e 216 0
f84f4f 219 43d859 110 1 f84f4f 219 0
af09e9 92 287b0c 46 0 af09e9 92 0
4a1ec3 76 daf09e 166 1 250f62 166 0
b6bc27 170 db5e13 85 1 b6bc27 170 0
96d784 22 34943e 11 1 96f0f1 22 0
2d2510 195 a96d78 226 0 a96d78 226 0
aa5b5e 57 952daf 29 1 aa5b5e 57 0
854b6b 8 c2a5b5 4 0 9175c6 8 0
0f5693 129 b854b6 193 1 47ab4a 193 0
8e152d 49 870a96 25 1 8e152c 49 0
7e3d5b 135 80e152 196 1 7f1eae 196 0
1fc7ac 49 b01c2a 153 1 4fe3d6 153 0
8c070a 167 79fc7b 84 0 8c070a 167 0
1e7f1f 213 4f3f90 235 0 4f3f8c 235 0
cc301c 251 59e7f2 126 1 cc301c 251 0
a98603 96 2b3cff 48 0 a98603 96 0
0acf40 204 fa9860 230 0 fa9860 230 0
4159e8 58 20acf4 157 0 20acf4 157 0
682b3d 232 cbea61 244 0 cbe0e4 244 0
f2fa98 189 b97d4c 95 0 f2fa98 189 0
ce5f53 24 e72fa9 12 0 ce6dc6 24 0
063416 131 bce5f5 194 0 bce5f5 194 0
50c683 49 979cbe 153 1 686342 153 0
85e72f 39 7d0c69 20 1 85e73f 39 0
1f431b 197 4fa18e 227 1 b05e72 227 0
cc179c 121 a60bce 61 1 cc179c 121 0
8982f3 16 3b3e87 8 0 88be32 16 0
f1305e 66 f8982f 33 1 f1305e 66 0
9e260b 137 70ecfb 69 0 9e260b 137 0
83c4c1 210 3e1da0 105 0 83c4c1 210 0
907898 219 77c3b4 110 0 907898 219 0
5df0ed 220 d10789 238 0 d10760 238 0
b441e2 188 da20f1 94 0 b441e2 188 0
4977c4 152 24bbe2 204 1 db441e 204 0
092ef9 115 44977d 186 1 bb6883 186 0
5125e0 239 976d10 248 0 9715a3 248 0
e5db44 190 f2eda2 95 1 e5db44 190 0
234498 24 11a24c 140 0 11a24c 140 0
046893 99 42344a 178 1 bdcbb6 178 0
508d13 237 68468a 247 1 978d99 247 0
3a11a3 254 e2f72e 255 1 800000 0 5
d8bdcb 192 13a11b 96 0 d8bdcb 192 0
04e847 216 fd8bdc 236 0 fd8bcc 236 0
009d09 59 bfb17b 158 1 404e85 158 0
afec5e 40 2809d1 20 1 afec6b 40 0
f5fd8b 197 bafec5 99 0 f5fd8b 197 0
cebfb1 153 58a028 77 0 cebfb1 153 0
89d7f6 212 3b1405 106 1 89d7f6 212 0
4ec502 91 676281 174 1 989d7f 174 0
a6275f 236 d313af 118 1 a6275f 236 0
b4c4eb 30 da6275 15 0 b4c6a0 30 0
296763 4 eb4c4e 130 1 14b3b2 130 0
452ced 161 629677 209 0 629677 209 0
78a59e 117 83ad31 187 0 83ad31 187 0
3f14b4 47 a075a6 152 1 5f8a5a 152 0
17e297 166 0bf14c 211 0 0bf14c 211 0
22fc53 245 517e2a 251 1 ab0dc7 251 0
cba075 255 a5d03a 128 1 cba075 255 0
e9740e 160 f4ba07 80 1 e9740e 160 0
02d17f 148 fe9740 202 0 fe9740 202 0
bfa5d0 51 602d18 26 0 bfa5d0 51 0
580b46 199 93fa5d 228 0 93fa5d 228 0
1b0169 185 b27f4b 221 1 4d80b5 221 0
73602e 56 c64fe9 156 0 c64fe9 156 0
0e6c06 39 b8c9fd 148 0 b8c9fd 148 0
11cd81 37 48e6c1 147 1 b7193f 147 0
cdc64f 229 591cd9 115 1 cdc64f 229 0
c9b8c9 221 a4dc64 111 0 c9b8c9 221 0
c93719 156 1b6474 78 0 c93719 156 0
b926e3 212 dc9371 106 0 b926e3 212 0
48db24 27 9b926e 142 1 646d92 142 0
591b65 36 2c8db3 146 0 2c8db3 146 0
4b236d 229 6591b7 243 0 658ee4 243 0
39646e 125 5cb237 191 0 5cb237 191 0
c8d372 240 e469b9 120 0 c8d372 240 0
06e592 158 0372c9 207 1 fc8d37 207 0
df234d 244 ef91a6 122 1 df234d 244 0
441b97 31 9df234 144 0 9df234 144 0
e77c8d 164 f3be46 82 1 e77c8d 164 0
43106f 21 618838 139 0 618838 139 0
c79df2 227 a3cef9 114 0 c79df2 227 0
a8f3be 29 9479df 15 1 a8f16c 29 0
c51e77 132 e28f3b 66 1 c51e77 132 0
475c32 145 9c51e7 201 1 63ae19 201 0
871479 51 838a3c 26 0 871479 51 0
a0e28f 7 6f8eb9 4 1 b2f0b8 7 0
e41c51 65 4df1d8 33 0 e41c51 65 0
8c838a 73 79be3b 37 0 8c838a 73 0
819071 202 3f37c8 101 0 819071 202 0
90320e 218 37e6f9 109 1 90320e 218 0
920641 92 36fce0 46 0 920641 92 0
b240c8 76 26df9c 38 0 b240c8 76 0
49b7e7 74 db240c 165 0 db240c 165 0
6936fd 170 cb6481 213 0 cb6481 213 0
92d920 182 c96c90 91 0 92d920 182 0
2da4dc 151 a92d92 204 1 56d26e 204 0
15b49c 179 b525b2 218 1 4ada4e 218 0
ad496c 55 695b4a 28 1 ad496c 55 0
e5a92d 199 4d2b6a 100 1 e5a92d 199 0
ecb525 217 b65a92 109 1 ecb525 217 0
8d96a4 28 c6cb52 14 1 8d9389 28 0
4e4d2c 4 d8d96a 130 1 272696 130 0
49c9a6 161 9b1b2d 209 0 9b1b2d 209 0
793935 53 7c9c9b 155 0 7c9c9b 155 0
c0d8d9 231 5f9394 116 0 c0d8d9 231 0
e81b1b 93 4bf273 47 0 e81b1b 93 0
cd0363 204 e681b1 102 0 cd0363 204 0
b9a06c 26 dcd036 13 1 b99985 26 0
68cbf3 132 cb9a06 194 1 3465fa 194 0
b2e681 49 997340 25 0 b2e682 49 0
79a330 135 832e68 196 0 832e68 196 0
e0cb9a 49 b065cd 25 0 e0cb9b 49 0
73e68d 7 860cb9 132 0 860cb9 132 0
1e7cd2 33 b0c197 145 1 4f3e69 145 0
73cf9b 37 79e7ce 147 1 861832 147 0
3e79f4 101 5f3cfa 179 1 a0c306 179 0
c830c1 109 a41860 55 0 c830c1 109 0
c90618 142 e4830c 71 0 c90618 142 0
26df3d 18 ec9061 137 0 ec9061 137 0
9b2418 35 726df4 18 0 9b23d1 35 0
5c9b7d 69 91b241 163 0 91b241 163 0
3b9370 41 5dc9b8 149 0 5dc9b8 149 0
77726e 230 c446c9 243 0 c44285 243 0
2eee4e 189 577727 223 0 577727 223 0
ca2236 120 1aeee5 60 1 ca2236 120 0
06bbba 207 bca223 232 1 435ddd 232 0
10d778 186 086bbc 221 0 086bbc 221 0
621aef 120 cef288 188 0 cef288 188 0
f3bca2 175 4621af 88 0 f3bca2 175 0
ee7794 214 08c436 107 1 ee7794 214 0
ddcef2 219 511887 110 0 ddcef2 219 0
abb9de 220 2a2311 110 1 abb9de 220 0
4a88c5 92 254463 174 0 254463 174 0
b6aee7 108 db5773 54 1 b6aee7 108 0
b6d5dc 14 249512 7 1 b88cb2 14 0
d6dabb 194 eb6d5d 97 0 d6dabb 194 0
6524a9 25 8d6dab 141 1 729255 141 0
7ca496 36 c1adb5 146 0 c1adb5 146 0
b06b6d 165 67ca4a 83 1 b06b6d 165 0
39f293 85 a306b6 171 1 5cf94a 171 0
373e53 171 a460d6 214 1 5b9f2a 214 0
a91835 182 2b73e6 91 1 a91835 182 0
2adcfa 87 556e7d 172 1 aa9183 172 0
eaa460 235 4aadd0 118 0 eaa460 235 0
ad548c 94 2955ba 47 1 ad548c 94 0
d5aa91 204 ead548 102 0 d5aa91 204 0
bab552 154 22a557 77 0 bab552 154 0
68a956 84 3454ab 170 0 3454ab 170 0
b2ead5 107 99756a 54 1 b2ead5 107 0
a65d5a 142 d32ead 71 0 a65d5a 142 0
d4cbab 18 ea65d5 9 0 d540de 18 0
9a9975 3 8d4cba 2 1 a7e630 2 0
a3532e 129 6e5669 65 1 a3532e 129 0
7b959b 81 823532 169 1 7dcace 169 0
808d4c 171 7fb95a 86 1 808d4c 171 0
5fee57 86 2ff72c 171 0 2ff72c 171 0
d40235 107 55fee6 54 1 d40235 107 0
aa8046 78 d54023 39 1 aa8046 78 0
d55008 138 eaa804 69 0 d55008 138 0
9aaa01 18 cd5500 9 0 9b10ac 18 0
6caac0 3 89aaa0 130 0 89aaa0 130 0
5d9558 33 913554 145 0 913554 145 0
844d55 37 7dd956 19 1 844d76 37 0
c089aa 197 5fbb2b 99 0 c089aa 197 0
37eecb 217 a4089a 237 1 5bf759 237 0
76fdda 188 3b7eed 222 1 c48113 222 0
b12044 248 276fde 124 1 b12044 248 0
f62408 95 44edfc 48 0 f62408 95 0
113b7f 76 f76240 166 0 f76240 166 0
422770 42 deec48 149 0 deec48 149 0
6844ee 166 cbdd89 211 0 cbdd89 211 0
d2f762 53 a97bb1 27 0 d2f762 53 0
35a114 135 5ad08a 196 1 a52f76 196 0
e94bdd 113 b4a5ee 57 1 e94bdd 113 0
8d297b 15 8694bd 8 0 8e36a4 15 0
e1a52f 2 1e5ad2 1 1 a93be3 3 0
63cb5b 65 71e5ae 161 1 8e1a52 161 0
838694 105 7e3cb6 53 1 838694 105 0
7f8f2e 78 c03869 167 0 c03869 167 0
2ff1e6 170 e8070d 213 0 e8070d 213 0
65fe3d 54 32ff1f 155 0 32ff1f 155 0
d34038 103 a9a01c 52 0 d34038 103 0
1597f9 13 b53403 135 1 4acbfd 135 0
32b300 34 e6a680 145 0 e6a680 145 0
665660 37 8cd4d0 147 0 8cd4d0 147 0
c33534 165 5e6566 83 1 c33534 165 0
37995a 213 5bccad 235 1 a43350 235 0
36f32c 251 a4866a 254 1 4257fc 254 0
56de66 64 d490cd 160 0 d490cd 160 0
f52433 168 fa9219 84 0 f52433 168 0
015b7a 149 bf5243 203 1 40adbd 203 0
cfd490 179 5815b8 90 0 cfd490 179 0
a9fa92 215 94fd49 108 0 a9fa92 215 0
e53f52 27 b29fa9 14 0 e544e7 27 0
aca7ea 132 d653f5 66 0 aca7ea 132 0
b594fd 17 653582 9 1 b62fc7 17 0
794d61 195 7ca6b1 226 1 83594f 226 0
5f29ad 121 6f94d7 189 0 6f94d7 189 0
7be536 112 c20d65 184 0 c20d65 184 0
0f7ca7 46 f841ac 151 0 f841ac 151 0
21ef95 166 10f7cb 211 0 10f7cb 211 0
243df3 245 ade106 251 1 4eaff2 251 0
3487bf 191 5a43e0 224 0 5a43e0 224 0
e96f08 120 f4b784 60 0 e96f08 120 0
fd2de1 15 be96f0 8 0 feab0f 15 0
efa5bc 130 f7d2de 65 1 efa5bc 130 0
620b49 145 7105a5 201 1 8efa5b 201 0
83be96 115 7e20b5 58 1 83be96 115 0
5f882e 79 903be9 168 0 903be9 168 0
e40efa 170 0df883 85 0 e40efa 170 0
637e21 86 31bf11 171 1 ce40ef 171 0
2c6fc5 107 a9c81d 182 0 a9c81d 182 0
aa7207 174 2ac6fd 87 1 aa7207 174 0
2ab1c0 86 eaa720 171 0 eaa720 171 0
255638 171 ad54e4 214 0 ad54e4 214 0
54aac7 182 2a5564 219 0 2a5564 219 0
d56aa7 119 554aad 60 1 d56aa7 119 0
1552ac 207 b556aa 232 1 4aa956 232 0
ed55aa 58 09552b 29 0 ed55aa 58 0
9daab5 200 ced55a 100 1 9daab5 200 0
0c4aaa 153 462555 205 1 b9daab 205 0
8e76aa 244 38c4ab 122 0 8e76aa 244 0
b1ced5 223 671896 112 1 b1ced5 223 0
e639da 92 f31ced 46 0 e639da 92 0
bcc73b 140 de639d 70 0 bcc73b 140 0
486719 146 dbcc73 201 1 24338d 201 0
690ce4 51 8b798e 154 1 748672 154 0
a2de63 39 6e90cf 20 0 a2de51 39 0
1ba434 69 b22de6 163 1 4dd21a 163 0
cc8b79 41 a645bc 21 0 cc8b83 41 0
89916f 6 3b3749 3 1 a22a86 6 0
d1322d 65 5766ea 33 1 d1322d 65 0
8a2645 73 851322 37 1 8a2645 73 0
8144c8 10 c0a264 5 0 8749db 10 0
6fd767 2 c8144c 129 0 c8144c 129 0
920513 33 76fd77 17 0 92048a 33 0
8240a2 69 7edfaf 35 0 8240a2 69 0
c04814 201 a0240a 101 1 c04814 201 0
880902 26 c40481 13 0 880f22 26 0
6efee0 4 377f70 130 0 377f70 130 0
4ddfdc 225 991012 241 1 66ef3c 241 0
79bbfc 189 7cddfe 223 1 832202 223 0
c0c880 120 e06440 60 0 c0c880 120 0
07e6f0 143 43f378 200 0 43f378 200 0
10fcde 114 f78191 185 0 f78191 185 0
621f9c 47 710fce 152 1 8ef032 152 0
1c43f4 230 f1de06 243 1 0e1adc 243 0
23887f 61 ae3bc0 159 0 ae3bc0 159 0
347110 168 e5c778 212 0 e5c778 212 0
068e22 181 434711 219 1 bcb8ef 219 0
cf2e3b 119 5868e3 60 0 cf2e3b 119 0
e9e5c7 207 b4f2e3 104 1 e9e5c7 207 0
ed3cb8 26 0961a4 13 0 ed3503 26 0
9da797 196 ced3cb 98 1 9da797 196 0
4c4b0e 25 662587 141 0 662587 141 0
798962 100 c33b4f 178 1 3cc4b1 178 0
b0ced3 173 986769 87 0 b0ced3 173 0
39e626 150 1cf313 203 0 1cf313 203 0
273cc5 115 ac619d 186 0 ac619d 186 0
54e799 47 958c33 152 1 6a73cd 152 0
1a9cf4 38 0d4e7a 147 1 f2b186 147 0
dcac61 229 51a9d0 115 0 dcac61 229 0
cb958c 93 a5cac6 47 1 cb958c 93 0
c972b1 12 e4b958 6 0 cd0596 12 0
46d1aa 2 2368d5 129 1 dc972b 129 0
9725ca 225 746d1b 113 0 9725ca 225 0
7d1b47 93 7e8da4 175 0 7e8da4 175 0
3fa369 108 e02e4b 182 1 1fd1b5 182 0
47f46e 174 dc05c9 215 0 dc05c9 215 0
d70172 54 147f47 27 0 d70172 54 0
dae02e 71 528fe9 36 1 dae02e 71 0
14a3fb 201 4a51fe 229 1 b5ae02 229 0
729480 122 394a40 189 0 394a40 189 0
6e5290 112 372948 184 0 372948 184 0
f235ae 110 f91ad7 55 1 f235ae 110 0
de46b5 142 10dca6 71 1 de46b5 142 0
dbc8d6 82 121b95 41 1 dbc8d6 82 0
6486e6 75 8dbc8d 166 0 8dbc8d 166 0
5c90dd 42 2e486f 149 0 2e486f 149 0
946de4 230 ca36f2 115 1 946de4 230 0
d28dbc 29 56b922 15 1 d29061 29 0
ca51b7 68 1ad725 34 1 ca51b7 68 0
46b5ca 201 635ae5 229 1 9ca51b 229 0
872946 250 c394a3 125 1 872946 250 0
6f1ad8 32 c87294 144 0 c87294 144 0
f21ca5 36 06f1ae 18 1 f21ce3 36 0
be4394 197 60de36 99 1 be4394 197 0
c7c872 89 5c1bc7 45 0 c7c872 89 0
7706f2 76 c47c87 166 1 3b8379 166 0
b11f21 170 d88f90 85 0 b11f21 170 0
9623e4 150 cb11f2 75 1 9623e4 150 0
d2c47c 147 569dc2 74 1 d2c47c 147 0
55a771 211 952c47 234 1 6ad3b8 234 0
a54b11 59 92a588 30 0 a54b11 59 0
5b569e 8 d254b1 132 0 d254b1 132 0
0b6ad4 33 45b56a 145 1 ba4a96 145 0
716d5b 101 874952 179 1 78b6ae 179 0
3e2dac 45 a0e92a 151 1 5f16d6 151 0
c83a4a 166 1be2db 83 0 c83a4a 166 0
d90749 85 ac83a4 43 0 d90749 85 0
34df17 11 5a6f8c 134 0 5a6f8c 134 0
a9641d 226 d4b20e 113 1 a9641d 226 0
952c83 157 7569bf 79 0 952c83 157 0
3d5a70 84 e152c8 170 0 e152c8 170 0
b854b2 43 63d5a7 22 0 b854ad 43 0
58f56a 70 d3854b 163 1 2c7ab5 163 0
2b1eae 41 aa70a9 149 0 aa70a9 149 0
7563d6 166 c54e15 211 0 c54e15 211 0
2eac7b 53 a8a9c2 155 1 57563e 155 0
ca2a70 39 5aeac8 20 0 ca2a5b 39 0
e9454e 69 b4a2a7 35 1 e9454e 69 0
cd28a9 9 596bac 5 0 c2bf64 9 0
765aeb 194 c4d28a 225 1 3b2d76 225 0
9134a2 57 7765af 29 0 9134a2 57 0
7dd96c 72 3eecb6 164 1 c1134a 164 0
f044d2 105 47dd97 53 0 f044d2 105 0
8e089a 206 38fbb3 103 0 8e089a 206 0
d1c113 218 e8e089 109 0 d1c113 218 0
9a3822 156 cd1c11 78 0 9a3822 156 0
4cb8fc 20 265c7e 138 1 d9a382 138 0
499720 227 9b3470 242 0 9b3303 242 0
a6cd1c 61 93668e 31 1 a6cd1c 61 0
c4d9a3 136 1d932f 68 0 c4d9a3 136 0
f89b34 81 bc4d9a 41 1 f89b34 81 0
70ec9a 139 8789b3 198 1 78764d 198 0
5e1d94 178 d0f136 217 1 2f0eca 217 0
943c4d 183 8a1e26 92 1 943c4d 183 0
1d7877 151 b143c4 204 0 b143c4 204 0
13af0f 179 b62878 218 0 b62878 218 0
5275e2 55 96c50f 156 1 693af1 156 0
e5b143 167 4d275f 84 0 e5b143 167 0
ecb628 213 49a4ec 107 0 ecb628 213 0
cd96c5 91 a6cb62 46 1 cd96c5 91 0
a9b2d8 12 d4d96c 6 0 ad063e 12 0
4ac9a5 130 2564d3 193 0 2564d3 193 0
695935 113 74ac9b 185 0 74ac9b 185 0
7d2b27 239 816a6c 248 0 812902 248 0
e05a9b 62 0fd2b3 31 0 e05a9b 62 0
dc0b53 200 ee05a9 100 0 dc0b53 200 0
fb816a 153 bdc0b5 77 0 fb816a 153 0
708fd3 20 3847ea 138 1 c7b816 138 0
b1ee05 99 6708fe 50 1 b1ee05 99 0
59c240 205 6ce120 231 0 6ce120 231 0
3b3848 122 1d9c24 189 0 1d9c24 189 0
9898f7 112 33b385 56 1 9898f7 112 0
f3131e 78 f9898f 39 1 f3131e 78 0
219d9d 10 10cecf 133 0 10cecf 133 0
6433b4 98 3219da 177 1 cde626 177 0
937989 109 89bcc4 55 0 937989 109 0
3d90cf 142 e13798 199 0 e13798 199 0
d84de6 178 ec26f3 89 1 d84de6 178 0
9b09bc 151 8d84de 76 1 9b09bc 151 0
1c9ec9 147 4e4f65 202 1 b1b09b 202 0
ac6c26 243 963613 122 1 ac6c26 243 0
a58d84 159 92c6c2 80 1 a58d84 159 0
1b4e50 20 f258d8 138 0 f258d8 138 0
4369ca 163 61b4e5 210 1 9e4b1b 210 0
a792c6 117 93c963 59 1 a792c6 117 0
3b0da8 15 5d86d4 136 0 5d86d4 136 0
e89e4b 226 f44f25 113 0 e89e4b 226 0
9d13c9 157 8e89e4 79 0 9d13c9 157 0
3c5d87 148 1e2ec4 202 0 1e2ec4 202 0
b8744f 243 63c5d9 122 1 b8744f 243 0
58f177 223 938744 240 0 9386f0 240 0
1b1e2f 60 0d8f18 158 0 0d8f18 158 0
bc9c3a 104 21b1e3 52 0 bc9c3a 104 0
086c79 205 bbc9c3 231 1 44363d 231 0
cef270 186 e77938 93 0 cef270 186 0
6621b2 24 ccef27 140 1 3310d9 140 0
f33bc9 35 46621c 18 0 f33b6c 35 0
519887 69 68cc44 163 0 68cc44 163 0
c5ccef 105 a2e677 53 1 c5ccef 105 0
774663 14 c45cce 135 1 3ba332 135 0
2ee8cd 162 e88b99 209 0 e88b99 209 0
9a22e6 181 8d1173 91 1 9a22e6 181 0
c3445c 151 5e5dd2 76 1 c3445c 151 0
179775 211 4bcbbb 234 0 4bcbb9 234 0
ad0d11 123 968688 62 0 ad0d11 123 0
5a5e5e 144 d2d0d1 200 0 d2d0d1 200 0
f4b434 50 fa5a1a 25 1 f4b434 50 0
9e9686 135 8f4b43 68 1 9e9686 135 0
1c2d30 17 b1e968 137 0 b1e968 137 0
7385a6 163 79c2d3 210 0 79c2d3 210 0
5e70b5 117 90c7a5 187 0 90c7a5 187 0
3bce17 47 5de70c 152 0 5de70c 152 0
1779c3 230 0bbce2 243 1 f43bda 243 0
dd10c7 253 ae8863 127 1 dd10c7 253 0
345de8 160 1a2ef4 208 0 1a2ef4 208 0
f97443 244 0345df 122 0 f97443 244 0
40d178 95 9f9744 176 0 9f9744 176 0
181a2f 172 0c0d18 214 0 0c0d18 214 0
430346 118 de7e5d 187 0 de7e5d 187 0
286069 175 543035 216 1 abcfcb 216 0
150c0e 246 f579f9 251 0 ee2259 251 0
22a182 63 5150c1 160 1 aeaf3f 160 0
ebabcf 104 0a2a19 52 1 ebabcf 104 0
028a87 205 414544 231 0 414544 231 0
cfaeaf 250 e7d757 125 1 cfaeaf 250 0
99f5d5 32 330516 16 1 99f6a2 32 0
f33eba 196 0660a3 98 0 f33eba 196 0
419829 217 9f33eb 237 1 60cc09 237 0
87ccfa 188 3c1983 94 0 87ccfa 188 0
4f0661 216 278331 236 1 d87cc4 236 0
09e0cd 123 44f067 190 0 44f067 190 0
aec3e6 240 289e0d 120 1 aec3e6 240 0
0a2784 94 faec3e 175 1 0513c2 175 0
2144f1 44 ef5d87 150 1 10a279 150 0
44289f 166 ddebb0 211 0 ddebb0 211 0
288514 181 54428a 219 1 abbd76 219 0
caef5d 247 a577ae 124 1 caef5d 247 0
16a215 31 4b510b 144 0 4b510b 144 0
12d443 100 096a22 178 1 f695de 178 0
425a89 109 612d45 183 1 9ed2bb 183 0
c7b4ae 238 1c25a9 119 1 c7b4ae 238 0
27096b 94 1384b6 175 1 ec7b4a 175 0
24e12e 236 127097 246 0 1239cf 246 0
bb63da 254 224e13 127 0 bb63da 254 0
289385 96 ebb63d 176 0 ebb63d 176 0
051271 44 028939 150 1 fd76c7 150 0
40a24f 102 dfaed8 179 0 dfaed8 179 0
28144a 45 abf5db 151 1 540a25 151 0
35028a 166 e57ebb 211 1 1a8145 211 0
26a052 181 535029 219 1 acafd7 219 0
34d40b 247 a595fa 252 1 5410a6 252 0
e9657e 191 4b4d41 96 1 e9657e 191 0
ed2caf 216 f69657 108 1 ed2caf 216 0
fda595 155 bed2ca 78 1 fda595 155 0
504b4e 148 d7da59 202 0 d7da59 202 0
b5f696 51 6504b5 26 1 b5f696 51 0
59412e 199 935f69 228 0 935f69 228 0
e4d7da 57 b26bed 29 0 e4d7da 57 0
8c9afb 136 c64d7d 68 0 8c9afb 136 0
f1935f 17 b8c9af 9 1 f0da95 17 0
8e326b 131 78e6cb 66 0 8e326b 131 0
a1c64d 209 6f1cda 105 1 a1c64d 209 0
7bc737 219 821c64 238 0 821c53 238 0
5f78e7 60 2fbc74 158 0 2fbc74 158 0
b410e3 232 da0871 116 0 b410e3 232 0
f6821c 157 44bef2 79 1 f6821c 157 0
ced043 212 1897df 106 0 ced043 212 0
b9da08 219 9ced04 110 0 b9da08 219 0
58c4bf 156 d39da0 206 0 d39da0 206 0
b4e768 52 258c4c 26 0 b4e768 52 0
b69ced 199 64b18a 100 1 b69ced 199 0
192c63 217 b369ce 237 1 4c9624 237 0
8cda73 188 3992c7 94 0 8cda73 188 0
b19b4e 216 d8cda7 108 1 b19b4e 216 0
09cc97 27 44e64c 142 0 44e64c 142 0
aec66d 228 d76336 114 1 aec66d 228 0
b5d8cd 29 9aec66 15 1 b5d661 29 0
c6bb19 4 1ca274 2 0 8de3b6 4 0
47289d 193 9c6bb1 225 0 9c6bb1 225 0
78e514 185 838d76 221 1 7c728a 221 0
7f1ca3 184 3f8e52 220 1 c071ae 220 0
f01c6b 247 b80e35 124 0 f01c6b 247 0
11fc73 31 b701c6 144 1 48fe3a 144 0
123f8f 36 091fc8 146 0 091fc8 146 0
bdb80e 101 9edc07 51 1 bdb80e 101 0
c7b701 141 5c2480 71 0 c7b701 141 0
c8f6e0 210 e47b70 105 0 c8f6e0 210 0
991edc 27 737092 14 1 992340 27 0
5cdc25 196 2e6e13 226 0 2e6e13 226 0
b4647b 249 9a323d 125 0 b4647b 249 0
797371 32 c34647 144 1 3cb9b9 144 0
0f2e6f 36 f868c8 146 0 f868c8 146 0
41e5ce 165 9f0d19 211 0 9f0d19 211 0
c7c346 181 5c1e5d 91 1 c7c346 181 0
c8f868 87 a47c34 44 0 c8f868 87 0
e91f0d 11 b48f86 6 1 e37a91 11 0
52dc1f 2 d691f0 129 0 d691f0 129 0
95a47c 33 752dc2 17 1 95a507 33 0
82b48f 69 815a47 35 1 82b48f 69 0
c05691 137 a02b48 69 0 c05691 137 0
880ad2 18 3bfa97 9 0 87a8cf 18 0
6efea6 195 8880ad 226 0 8880ad 226 0
a2202b 57 6eefeb 29 0 a2202b 57 0
844405 72 3dddfe 36 1 844405 72 0
0f7780 201 b84440 229 0 b84440 229 0
71eef0 58 38f778 157 0 38f778 157 0
91c222 232 371eef 116 0 91c222 232 0
0dc7bc 93 46e3de 175 1 b91c22 175 0
ce4708 108 18dc7c 54 0 ce4708 108 0
46371f 78 dce470 167 0 dce470 167 0
d7391c 42 146372 21 1 d73923 42 0
9ae723 70 cd7391 35 0 9ae723 70 0
2ca31c 137 a9ae72 197 1 56518e 197 0
759464 50 c535ce 153 1 3aca32 153 0
6eb28d 39 775947 148 0 775947 148 0
e229ae 229 b114d7 115 1 e229ae 229 0
33bacb 29 59dd66 143 1 a6229a 143 0
36775a 100 e4c453 178 1 1b3bad 178 0
b93114 173 636776 87 1 b93114 173 0
38d9de 86 e39311 171 0 e39311 171 0
271b3c 171 538d9e 214 1 ac7262 214 0
ab1c98 118 d58e4c 59 0 ab1c98 118 0
d56393 15 aab1c9 8 0 d6b8f7 15 0
eaac72 130 f55639 65 0 eaac72 130 0
9d558e 145 8eaac7 73 1 9d558e 145 0
7c554f 19 7e2aa8 138 0 7e2aa8 138 0
a07556 99 6fc555 50 1 a07556 99 0
a40eaa 205 6df8ab 103 0 a40eaa 205 0
3b7e2b 90 1dbf16 173 1 e240ea 173 0
676fc6 108 cc481d 182 0 cc481d 182 0
4cedf9 174 d98903 215 1 2676fd 215 0
d66240 182 14cee0 91 0 d66240 182 0
dacc48 87 5299dc 44 0 dacc48 87 0
14a677 203 b5acc4 230 0 b5acc4 230 0
ad6b31 58 294a68 29 0 ad6b31 58 0
95ad66 72 cad6b3 36 1 95ad66 72 0
f2b5ac 9 b95ad6 5 1 e71fff 9 0
8e56b5 130 38d4a6 65 1 8e56b5 130 0
91cad6 81 88e56b 41 1 91cad6 81 0
82395a 11 811cad 6 0 86423f 11 0
5fb8d5 2 2fdc6b 129 0 2fdc6b 129 0
9408e5 97 8a0472 49 1 9408e5 97 0
82811c 141 81408e 71 1 82811c 141 0
3fafdd 146 e02811 201 0 e02811 201 0
980a04 51 8c0502 26 1 980a04 51 0
a30140 135 9180a0 68 0 a30140 135 0
1b9fd8 145 4dcfec 201 0 4dcfec 201 0
7373fb 243 864602 250 1 78a0e6 250 0
a19180 191 6f3740 96 0 a19180 191 0
e43230 88 0de6e8 44 0 e43230 88 0
0379ba 75 be4323 166 1 41bcdd 166 0
506f38 42 d7c864 149 0 d7c864 149 0
6a0de7 38 caf90c 147 0 caf90c 147 0
d2be43 165 a95f21 83 0 d2be43 165 0
ca57c8 21 a52be4 11 0 ca8113 21 0
c94af9 131 5b5a84 66 0 c94af9 131 0
a9295f 209 9494af 105 1 a9295f 209 0
7adad5 155 7d6d6b 206 0 7d6d6b 206 0
5f5b5b 116 2fadae 186 1 d05252 186 0
b41494 239 9a0a4a 120 1 b41494 239 0
197d6e 30 f34149 143 0 f34149 143 0
232fae 164 ee6829 210 0 ee6829 210 0
4465f6 53 9dcd05 155 0 9dcd05 155 0
388cbf 39 5c4660 148 0 5c4660 148 0
e8ee68 229 4b88cc 115 0 e8ee68 229 0
32e233 221 a68ee6 239 1 5970e7 239 0
365c47 60 e4d1dc 158 0 e4d1dc 158 0
b93477 168 2365c5 84 1 b93477 168 0
08d972 213 bb9347 235 1 446cb5 235 0
311b2f 59 a77268 158 0 a77268 158 0
562366 40 d4ee4d 148 0 d4ee4d 148 0
f53b93 165 ba9dc9 83 0 f53b93 165 0
cea772 21 a753b9 11 0 ced147 21 0
c9d4ee 131 5b1589 66 1 c9d4ee 131 0
56c563 209 949d4e 233 1 6b62b1 233 0
7ad8ad 187 7d6c57 222 0 7d6c57 222 0
a0a4ea 248 2fad8b 124 0 a0a4ea 248 0
0beb63 223 ba0a4e 240 1 45f538 240 0
117d6d 60 f74149 158 0 f74149 158 0
bdd052 168 dee829 84 0 bdd052 168 0
f7ba0a 21 4422fb 11 0 f78b13 21 0
3108bf 195 a77ba0 226 0 a77ba0 226 0
562118 185 94ef74 221 0 94ef74 221 0
853bdd 56 3d6212 28 1 853bdd 56 0
f0a77b 71 47ac43 36 0 f0a77b 71 0
11eb11 73 b70a77 165 1 48f589 165 0
723d63 42 c6e14e 149 1 391eb2 149 0
91b853 166 c8dc29 83 0 91b853 166 0
2dc8f6 149 a91b85 203 0 a91b85 203 0
35b91f 51 a52370 154 0 a52370 154 0
a948dc 39 94a46e 20 1 a948c9 39 0
e5291b 133 4d6b73 67 0 e5291b 133 0
335add 209 a65291 233 0 a65290 233 0
766b5c 187 7b35ae 222 1 84ca52 222 0
5ecd6c 248 d0994a 252 1 25538d 252 0
f42652 191 45ecd7 96 0 f42652 191 0
117b36 216 08bd9b 236 0 08bd8c 236 0
022f67 123 bee84c 190 0 bee84c 190 0
5045ed 48 d7dd09 152 0 d7dd09 152 0
f5f742 166 05045f 83 0 f5f742 166 0
214118 213 50a08c 235 0 50a089 235 0
cbd7dd 123 a5ebee 62 1 cbd7dd 123 0
a97afb 144 d4bd7d 72 0 a97afb 144 0
f52f5f 146 fa97af 73 1 f52f5f 146 0
9ea5eb 147 8f52f5 74 0 9ea5eb 147 0
5c2b43 19 91ea5e 138 1 6e15a2 138 0
a47a97 163 923d4b 82 1 a47a97 163 0
a48f52 149 6db857 75 0 a48f52 149 0
3b6e16 83 5db70b 170 0 5db70b 170 0
576dc3 235 94491e 246 1 6ba1d0 246 0
5aedb9 62 2d76dd 159 1 d28923 159 0
2b5db8 232 15aedc 244 0 15a192 244 0
056bb7 253 bd4a24 255 0 fd4a24 254 0
cf5289 192 1856bc 96 0 cf5289 192 0
f9ea51 216 030ad8 108 0 f9ea51 216 0
00c2b6 219 bf9ea5 238 0 bf9e85 238 0
501857 188 280c2c 222 0 280c2c 222 0
4a030b 248 250186 252 1 cf9eab 252 0
f6bf9e 255 bb5fcf 128 1 f6bf9e 255 0
eed7f3 160 f76bf9 80 0 eed7f3 160 0
022502 148 011281 202 1 feed7f 202 0
bfbb5f 243 9fddaf 122 1 bfbb5f 243 0
580895 31 93fbb5 144 0 93fbb5 144 0
e4feed 36 f27f76 18 1 e4feb0 36 0
bc9fdd 5 9e4fee 3 1 950be2 5 0
c793fb 129 5c3603 65 0 c793fb 129 0
88f27f 209 7b86c1 105 1 88f27f 209 0
811e4f 91 7f70d9 46 1 811e4f 91 0
a023c9 76 2fee1c 38 0 a023c9 76 0
4bfb87 202 25fdc4 229 0 25fdc4 229 0
697f71 122 34bfb9 189 1 cb4047 189 0
6d2fef 112 c96808 184 0 c96808 184 0
f25a02 46 06d2ff 23 0 f25a00 46 0
21b4c0 198 ef25a0 227 0 ef25a0 227 0
dbc968 185 ade4b4 93 0 dbc968 185 0
7486d3 24 c5bc96 140 1 3a436a 140 0
f16f25 163 47486e 82 1 f16f25 163 0
ae2de4 213 9716f2 107 1 ae2de4 213 0
3a3a44 27 a2e2de 142 1 5d1d22 142 0
a8b8b7 164 d45c5b 82 1 a8b8b7 164 0
4ae8ea 21 9a8b8b 139 1 657475 139 0
395d1e 163 a35171 210 0 a35171 210 0
a8d45c 53 6b95d2 27 1 a8d45c 53 0
3ae575 71 5d72bb 164 0 5d72bb 164 0
e8a351 105 b451a8 53 0 e8a351 105 0
72eb96 142 3975cb 199 0 3975cb 199 0
d1a28d 242 e8d146 121 1 d1a28d 242 0
65cbaf 159 8d1a28 208 0 8d1a28 208 0
e3468a 52 f1a345 26 0 e3468a 52 0
bc68d1 135 61cb98 68 0 bc68d1 135 0
1872e6 209 b3c68d 233 0 b3c68c 233 0
8cf1a3 59 79872f 30 0 8cf1a3 59 0
5e61cc 200 d0cf1a 228 1 2f30e6 228 0
f433c6 57 ba19e3 29 1 f433c6 57 0
717988 136 38bcc4 196 0 38bcc4 196 0
f1d0cf 241 471799 121 1 f1d0cf 241 0
8e3a19 223 871d0c 112 0 8e3a19 223 0
e1c743 156 0f1c5f 78 0 e1c743 156 0
bc38e8 84 21e38c 42 0 bc38e8 84 0
b7871d 203 643c72 102 1 b7871d 203 0
a6f0e3 218 2c878f 109 0 a6f0e3 218 0
6b21e4 220 ca6f0e 238 1 3590cd 238 0
b29bc3 188 d94de1 94 0 b29bc3 188 0
49ac88 152 24d644 204 0 24d644 204 0
093591 115 bb6537 186 1 449ac9 186 0
aed94d 47 976ca6 24 1 aed94c 47 0
1a24d7 134 f2ed94 195 0 f2ed94 195 0
23449b 177 51a24e 217 1 ae5db2 217 0
8b976c 247 7a344a 124 1 8b976c 247 0
1e8d13 223 4f468a 240 1 b0b905 240 0
13d1a3 252 f6172e 254 1 676e9d 255 0
bd85cb 64 dec2e5 32 0 bd85cb 64 0
f7b0b9 8 fbd85c 4 0 83b71f 9 0
fdec2e 1 c00000 0 1 fdec2e 1 0
8fdec2 193 87ef61 97 0 8fdec2 193 0
7e0428 153 7f0214 205 0 7f0214 205 0
803f7b 116 3fe043 58 0 803f7b 116 0
b007ef 207 67fc09 104 1 b007ef 207 0
19ff03 90 f3007e 173 1 0cff82 173 0
633fe1 172 ce600f 214 1 319ff1 214 0
b39803 54 d9cc01 27 0 b39803 54 0
298d00 7 ab3980 132 0 ab3980 132 0
1531a0 161 4a98d0 209 0 4a98d0 209 0
72a634 117 86ace6 187 1 79531a 187 0
3e54c7 47 5f2a64 152 0 5f2a64 152 0
17ca99 230 0be54d 243 1 f41371 243 0
dd06ac 253 517caa 127 1 dd06ac 253 0
cba0d5 96 1a2f96 48 1 cba0d5 96 0
068be6 204 0345f3 230 0 0345f3 230 0
40d17d 122 2068bf 189 0 2068bf 189 0
97e5d0 112 340d18 56 0 97e5d0 112 0
f2fcba 78 0681a3 39 0 f2fcba 78 0
de5f97 74 ef2fcb 37 1 de5f97 74 0
9bcbf2 10 321a07 5 0 955cc2 10 0
6c8682 66 364341 161 1 c9bcbf 161 0
6d90d1 233 893797 245 1 76bf42 245 0
824de5 62 3ed90e 31 1 824de5 62 0
2fb644 200 e824de 228 1 17db22 228 0
fa0937 185 bd049b 93 1 fa0937 185 0
70beda 24 c7a093 140 1 385f6d 140 0
f1e824 163 470bee 82 1 f1e824 163 0
51c2fc 85 68e17e 171 1 971e82 171 0
3a3860 235 5d1c30 246 0 5d0377 246 0
57470c 126 2ba386 191 1 d45c7a 191 0
d5171e 240 157471 120 1 d5171e 240 0
055d1d 94 fd5171 175 0 fd5171 175 0
20aba4 44 1055d2 150 1 efaa2e 150 0
441575 230 ddf545 243 0 ddef66 243 0
d77d51 189 544158 95 0 d77d51 189 0
351056 216 e577d5 236 0 e577c8 236 0
06a20b 59 435106 158 1 bcaefa 158 0
af2bbe 104 d795df 52 1 af2bbe 104 0
f5e577 13 450d45 7 1 f8d142 13 0
cebcae 194 18a1a9 97 1 cebcae 194 0
66286b 217 731436 237 1 8cebc0 237 0
7cc50e 252 3e6287 254 0 1d93ca 254 0
b0675e 128 d833af 64 1 b0675e 128 0
f60ceb 16 fb0675 8 0 f707f1 16 0
013e63 130 009f32 193 1 ff60ce 193 0
9fd833 241 7013e7 121 0 9fd833 241 0
83fb06 223 81fd83 112 1 83fb06 223 0
e07f60 28 0fc050 14 0 e07b9f 28 0
43f014 196 de07f6 226 1 21f80a 226 0
487e03 185 9bc0fe 221 1 643f02 221 0
86f03f 184 3c87e1 92 1 86f03f 184 0
f0de07 215 b86f03 108 1 f0de07 215 0
ee1bc0 155 48f220 78 0 ee1bc0 155 0
523c88 84 291e44 170 0 291e44 170 0
4a4791 235 9adc37 246 1 650d12 246 0
5948f3 190 d35b86 223 1 2ca47a 223 0
2b291f 56 159490 156 0 159490 156 0
056524 231 bd4d6e 244 1 42aabd 244 0
ef535b 189 485653 95 0 ef535b 189 0
321595 88 e6f535 172 0 e6f535 172 0
0642b3 43 43215a 150 1 bcdea6 150 0
af37a9 102 d79bd4 51 0 af37a9 102 0
d5e6f5 141 aaf37a 71 1 d5e6f5 141 0
cabcde 146 e55e6f 73 1 cabcde 146 0
99579b 147 8cabcd 74 0 99579b 147 0
5cd50d 147 6e6a87 202 0 6e6a87 202 0
a4655e 115 6dcd51 58 1 a4655e 115 0
5b7355 79 6db9ab 168 0 6db9ab 168 0
e49195 106 f248ca 53 1 e49195 106 0
9c9232 142 ce4919 71 0 9c9232 142 0
2c6dba 18 e9c923 137 1 1636dd 137 0
9a7248 163 72c6dc 82 0 9a7248 163 0
a34e49 213 6e58dc 107 0 a34e49 213 0
c469c9 91 5dcb1c 46 0 c469c9 91 0
5772c7 204 2bb964 230 0 2bb964 230 0
b511a7 250 da88d3 125 1 b511a7 250 0
695dcc 160 34aee6 208 1 cb511a 208 0
0d2bba 116 0695dd 186 1 f96a23 186 0
41a578 239 9f2d44 248 0 9ece17 248 0
e7cb51 62 f3e5a8 31 0 e7cb51 62 0
dcf96a 136 11834b 68 0 dcf96a 136 0
0460d3 209 bdcf96 233 1 423069 233 0
708c1b 59 87b9f2 158 1 78460e 158 0
a1ee7c 40 d0f73e 20 1 a1ee6f 40 0
f43dcf 5 ba1ee7 3 1 c5b615 5 0
62f08e 1 a743dc 129 0 a743dc 129 0
89d0f7 33 7b1785 17 1 89d17c 33 0
7ec5e2 69 7f62f1 163 1 809d0f 163 0
3fd8bd 105 a013a1 181 0 a013a1 181 0
77fb18 46 c40274 151 0 c40274 151 0
d1009d 166 177fb2 83 1 d1009d 166 0
da2013 213 ad1009 107 0 da2013 213 0
cb4402 155 a5a201 78 0 cb4402 155 0
569780 148 d4b440 202 0 d4b440 202 0
b52d10 179 656978 90 0 b52d10 179 0
595a5e 87 9352d1 172 0 9352d1 172 0
1b2b4c 171 b26a5a 214 1 4d95a6 214 0
53656a 54 d64d4b 155 1 29b2b5 155 0
2a6cae 167 553657 212 0 553657 212 0
eab26a 117 4aa6cb 59 0 eab26a 117 0
32a9b3 207 5954da 232 1 a6ab26 232 0
165537 250 f4d564 253 0 d7a00b 253 0
62caa7 64 ce9aac 160 0 ce9aac 160 0
0c5955 40 062cab 148 0 062cab 148 0
fe74d5 101 bf3a6a 51 1 fe74d5 101 0
303166 13 5818b3 135 0 5818b3 135 0
36062d 98 e4fce9 177 0 e4fce9 177 0
66c0c6 173 736063 215 0 736063 215 0
c327e7 118 1e6c0d 59 1 c327e7 118 0
d864fc 207 ac327e 104 1 d864fc 207 0
eb0c9f 154 f5864f 77 1 eb0c9f 154 0
9d6193 148 314f37 74 0 9d6193 148 0
b3ac32 211 99d619 106 0 b3ac32 211 0
598a7a 27 6cc53d 142 1 933ac3 142 0
5b3150 100 d26758 178 0 d26758 178 0
b499d6 45 9a4ceb 23 1 b499d4 45 0
396cc6 6 e3499d 131 0 e3499d 131 0
272d99 161 ac6933 209 1 5396cd 209 0
74e5b4 181 7a72da 219 1 858d26 219 0
c16349 119 5f4e5c 60 0 c16349 119 0
e82c69 207 4be9cc 104 0 e82c69 207 0
ed058d 90 097d3a 45 1 ed058d 90 0
625f4f 76 ced058 166 0 ced058 166 0
b3b416 42 2625f5 21 1 b3b41d 42 0
69897e 198 cb3b41 227 0 cb3b41 227 0
2d3130 185 a96768 221 0 a96768 221 0
8a59da 184 3ad313 92 0 8a59da 184 0
0eb4c5 87 475a63 172 0 475a63 172 0
ee2967 107 48eb4d 54 1 ee2967 107 0
523ad4 206 291d6a 231 1 d6e296 231 0
d5b8a5 250 eadc52 125 1 d5b8a5 250 0
9ab714 32 32a476 16 1 9ab7e1 32 0
f356e2 196 06548f 98 0 f356e2 196 0
be6adc 89 9f356e 45 1 be6adc 89 0
87cd5b 140 3c1953 70 0 87cd5b 140 0
4f0655 210 27832b 233 0 27832a 233 0
69e0cb 123 74f066 190 1 8b0f9a 190 0
5d3c1a 240 d161f3 248 1 2dfb49 248 0
f4587c 62 05d3c2 31 1 f4587c 62 0
de8b0f 72 10ba79 36 1 de8b0f 72 0
042e9f 201 bde8b0 229 0 bde8b0 229 0
7085d4 186 c7bd16 221 1 3842ea 221 0
6e10bb 56 c8f7a2 156 1 37085e 156 0
0dc218 167 b91ef4 212 0 b91ef4 212 0
ee47bd 53 b723de 27 1 ee47bd 53 0
cdc8f7 135 a6e47b 68 1 cdc8f7 135 0
1646e2 17 b4dc8f 137 1 4b2371 137 0
8d3723 35 79646f 18 0 8d36e0 35 0
5e591c 69 6f2c8e 163 1 90d372 163 0
c434dc 233 5de592 117 1 c434dc 233 0
777965 94 c4434d 175 0 c4434d 175 0
2eef2d 44 177797 150 0 177797 150 0
45dde6 102 dd110d 179 0 dd110d 179 0
28bbbd 173 545ddf 215 0 545ddf 215 0
351778 118 1a8bbc 187 0 1a8bbc 187 0
26a2ef 239 535178 248 0 52e4c9 248 0
14d45e 254 f595d1 255 0 800000 255 0
229a8c 192 114d46 224 1 eeb2ba 224 0
fbacae 120 fdd657 60 1 fbacae 120 0
ff7595 143 bfbaca 72 1 ff7595 143 0
efeeb2 146 f7f759 73 0 efeeb2 146 0
9dfdd6 147 8efeeb 74 1 9dfdd6 147 0
5c4046 147 91dfdd 202 0 91dfdd 202 0
5b8809 179 923bfb 218 1 6dc405 218 0
a48efe 183 6db881 92 1 a48efe 183 0
1b6e21 215 b248ef 236 1 4db70a 236 0
ec923b 187 49b6e3 94 0 ec923b 187 0
526db9 88 d6c923 172 1 2936dd 172 0
0a4db8 171 4526dc 214 0 4526dc 214 0
aeb649 246 28a4dc 123 0 aeb649 246 0
d5d6c9 223 aaeb64 112 0 d5d6c9 223 0
eabad9 156 0aa294 78 0 eabad9 156 0
bd575b 212 215453 106 0 bd575b 212 0
485515 91 642a8b 174 0 642a8b 174 0
590aa3 108 d37aae 182 1 2c8552 182 0
4b2155 174 da6f55 215 0 da6f55 215 0
d69bd5 54 14b216 27 1 d69bd5 54 0
dad37a 199 529643 100 0 dad37a 199 0
eb5a6f 89 b5ad37 45 1 eb5a6f 89 0
7294b3 12 c6b5a6 134 1 394a5a 134 0
b1ad69 34 d8d6b4 17 0 b1add5 34 0
9635ad 5 8b1ad6 3 1 e6ddef 4 0
7a7296 1 5e9ca6 129 1 a1635a 129 0
8858d6 97 842c6b 49 1 8858d6 97 0
7ef4e6 13 80858d 135 0 80858d 135 0
3fde9d 162 e010b1 209 0 e010b1 209 0
67fbd4 181 8c0216 219 1 73fdea 219 0
c30085 55 a18042 28 1 c30085 55 0
179ff0 7 4bcff8 132 0 4bcff8 132 0
12f3fe 225 4979ff 241 0 497912 241 0
8da180 125 792f40 63 0 8da180 125 0
c1b430 208 1f25e8 104 0 c1b430 208 0
f83686 218 fc1b43 109 1 f83686 218 0
9f06d0 156 307c98 78 0 9f06d0 156 0
b3e0da 84 260f93 42 0 b3e0da 84 0
4983e5 75 9b3e0d 166 0 9b3e0d 166 0
a6cf83 170 d367c1 85 0 a6cf83 170 0
6b2610 22 ca6cf8 139 0 ca6cf8 139 0
2d64c2 163 56b261 210 1 a94d9f 210 0
55ac99 245 6ad64d 251 1 928065 251 0
3ab594 127 5d5aca 192 1 a2a536 192 0
e8a94d 112 f454a6 56 1 e8a94d 112 0
02ead7 14 fe8a94 135 0 fe8a94 135 0
205d5b 162 efd152 209 1 102eae 209 0
640bac 181 7205d6 219 1 8dfa2a 219 0
3c8176 247 a1bf45 252 0 9ba351 252 0
e86fd1 63 b437e8 32 0 e86fd1 63 0
ed0dfa 136 097903 68 0 ed0dfa 136 0
025e41 81 bed0df 169 1 412f21 169 0
704bc9 43 87da1b 150 1 7825e5 150 0
a1f686 166 2f04bd 83 1 a1f686 166 0
2bc130 213 aa1f68 235 0 aa1f65 235 0
ca87da 59 5abc13 30 0 ca87da 59 0
a950fb 200 2b5783 100 0 a950fb 200 0
0ad5e1 89 ba950f 173 1 456af1 173 0
715abd 44 c752a1 150 0 c752a1 150 0
b1d4a8 38 2715ac 19 0 b1d48d 38 0
d63a95 197 54e2b6 99 1 d63a95 197 0
3538ae 217 5a9c57 237 0 5a9c4a 237 0
8958ea 252 c4ac75 126 0 8958ea 252 0
4ed4e3 160 d8958e 208 1 276a72 208 0
09da9d 52 fb12b1 154 0 fb12b1 154 0
413b54 167 609daa 212 1 9f6256 212 0
18276b 245 b3ec4a 251 1 487454 251 0
ccfb12 63 598277 32 0 ccfb12 63 0
e99f62 200 0b304f 100 0 e99f62 200 0
fd33ec 89 41660a 45 1 fd33ec 89 0
705983 204 382cc2 230 1 c7d33e 230 0
b1f4cf 122 d8fa67 61 1 b1f4cf 122 0
963e99 144 cb1f4c 72 0 963e99 144 0
f2c7d3 146 f963e9 73 0 f2c7d3 146 0
61a706 147 8f2c7d 202 0 8f2c7d 202 0
a3cb1f 51 91e58f 26 1 a3cb1f 51 0
5b869d 7 923cb1 132 0 923cb1 132 0
e48f2c 161 b24796 81 1 e48f2c 161 0
8c91e5 149 8648f2 75 1 8c91e5 149 0
3e6dc4 19 a0c91e 138 1 5f36e2 138 0
57cdb9 35 941923 146 1 6be6dd 146 0
5af9b8 37 6d7cdc 147 0 6d7cdc 147 0
3b5f37 101 a25064 179 0 a25064 179 0
376be7 173 5bb5f4 215 0 5bb5f4 215 0
36ed7d 246 e48941 251 0 de40ad 251 0
26ddb0 191 536ed8 224 0 536ed8 224 0
eb244a 248 0a6ddb 124 0 eb244a 248 0
fd6489 95 beb244 48 0 fd6489 95 0
10536f 12 f7d648 134 0 f7d648 134 0
420a6e 162 defac9 209 0 defac9 209 0
97beb2 181 7420a7 91 0 97beb2 181 0
c2f7d6 215 a17beb 108 1 c2f7d6 215 0
17a106 27 b42f7d 142 0 b42f7d 142 0
ad0bdf 36 d685ef 18 1 ad0ba9 36 0
4a5e85 5 652f43 131 0 652f43 131 0
c6b42f 225 5ca5e9 113 1 c6b42f 225 0
77297b 93 7b94be 175 1 846b42 175 0
c11ad0 236 1f7298 118 0 c11ad0 236 0
b8235a 94 dc11ad 47 0 b8235a 94 0
d7046b 140 147dcb 70 0 d7046b 140 0
bae08d 82 dd7046 41 1 bae08d 82 0
975c11 11 7451f8 6 0 92fea1 11 0
a2eb82 194 2e8a3f 97 0 a2eb82 194 0
6ba290 89 75d148 173 0 75d148 173 0
828bae 236 3eba29 118 1 828bae 236 0
b05175 222 27d746 111 1 b05175 222 0
29f5d2 220 14fae9 238 1 eb04e1 238 0
453ebb 252 229f5e 254 1 aeb051 254 0
100000 0 100000 0 0 100000 0 7
100000 0 100000 0 1 100000 0 7
0122a0 64 ff6eb0 160 0 ff6eb0 160 0
ffdbac 168 00122a 84 1 ffdbac 168 0
fffb75 85 400246 43 1 fffb75 85 0
300092 75 580049 166 1 a7ffb7 166 0
560013 106 d4fff6 181 1 2b000a 181 0
953ffd 46 356002 23 1 953fff 46 0
d2a7ff 198 16ac01 99 1 d2a7ff 198 0
da54ff 217 52d581 109 1 da54ff 217 0
74b561 220 3a5ab1 238 1 c5a52c 238 0
4e96ad 124 274b57 190 0 274b57 190 0
49d2d6 112 24e96b 184 0 24e96b 184 0
f6c5a5 238 049d2e 119 1 f6c5a5 238 0
21274c 94 ef6c5a 175 1 1093a6 175 0
dbdb16 172 121275 86 1 dbdb16 172 0
bb7b62 214 22424f 107 0 bb7b62 214 0
d76f6c 91 abb7b6 46 1 d76f6c 91 0
551213 12 2a890a 134 1 d576f6 134 0
b55dbd 98 daaede 49 1 b55dbd 98 0
96abb7 13 8b55db 7 1 947e60 13 0
c2d576 2 3d2a8a 1 1 922018 3 0
67a552 65 8c2d57 161 1 73d2a9 161 0
830b55 169 8185aa 85 1 830b55 169 0
7f9e96 22 c030b5 139 0 c030b5 139 0
2ff3d3 35 57f9ea 146 1 a80616 146 0
aa0185 101 6aff3e 51 1 aa0185 101 0
3abfd0 205 a2a018 231 0 a2a018 231 0
3757fa 58 e45403 157 1 1babfd 157 0
991500 40 cc8a80 20 0 99150d 40 0
0cdd60 5 466eb0 131 0 466eb0 131 0
319bac 225 a7322a 241 1 58cd08 241 0
89cc8a 61 84e645 31 0 89cc8a 61 0
c13991 136 1f6338 68 0 c13991 136 0
f82732 209 bc1399 105 0 f82732 209 0
8f04e6 27 878273 14 1 8f00aa 27 0
a1e09c 132 d0f04e 66 1 a1e09c 132 0
4bc3ed 145 65e1f7 201 0 65e1f7 201 0
79787e 243 8343c1 250 0 8236b2 250 0
5f2f10 191 906878 224 0 906878 224 0
e41a1e 184 f20d0f 92 1 e41a1e 184 0
fc8343 23 41be5f 12 0 fc6b7b 23 0
106f98 195 b7c834 226 0 b7c834 226 0
adf20d 57 6906fa 29 1 adf20d 57 0
85be41 200 3d20e0 100 0 85be41 200 0
f0b7c8 89 47a41c 45 0 f0b7c8 89 0
71e907 204 38f484 230 0 38f484 230 0
b1c2df 250 d8e16f 125 1 b1c2df 250 0
69c7a5 32 cb1c2d 144 0 cb1c2d 144 0
0d38f5 36 069c7b 146 0 069c7b 146 0
41a71f 101 9f2c70 179 0 9f2c70 179 0
3834e4 45 5c1a72 151 1 a3e58e 151 0
c8f963 102 1b834f 51 0 c8f963 102 0
26e0d4 205 53706a 231 1 ac8f96 231 0
cb23e5 250 1a6e0e 125 1 cb23e5 250 0
669b84 96 ccb23e 176 1 334dc2 176 0
0cd371 172 f99647 214 1 0669b9 214 0
419a6f 54 df32c8 155 0 df32c8 155 0
d7ccb2 167 5419a7 84 0 d7ccb2 167 0
eaf996 213 b57ccb 107 1 eaf996 213 0
32a0ce 27 595067 142 0 595067 142 0
56541a 228 2b2a0d 242 1 d4d34c 242 0
b5357c 125 9a9abe 63 1 b5357c 125 0
c6a6af 16 e35357 8 1 c5c35c 16 0
072b2b 2 fc6a6a 129 1 039596 129 0
60e566 161 8f8d4d 209 0 8f8d4d 209 0
83e353 181 7e0e57 91 0 83e353 181 0
3f8396 87 a03e35 172 0 a03e35 172 0
e80f8d 43 4bf83a 22 1 e80f93 43 0
ad01f1 70 297f08 35 0 ad01f1 70 0
d5a03e 201 552fe1 101 1 d5a03e 201 0
8ab407 218 3aa5fd 109 1 8ab407 218 0
6ea980 220 3754c0 238 0 37549c 238 0
b22ad0 252 26ea98 126 0 b22ad0 252 0
49baa6 96 24dd53 176 0 24dd53 176 0
f6c8ab 236 fb6455 118 0 f6c8ab 236 0
4126eb 30 df6c8a 143 1 209376 143 0
2824de 164 ebed91 210 0 ebed91 210 0
bafb64 181 9d7db2 91 1 bafb64 181 0
c75f6c 151 5c504a 76 1 c75f6c 151 0
e8ebed 83 b475f6 42 1 e8ebed 83 0
52e283 11 968ebe 134 1 697142 134 0
a5a3af 162 d2d1d7 81 1 a5a3af 162 0
94b475 149 8a5a3a 75 1 94b475 149 0
3d6972 19 5eb4b9 138 1 a14b47 138 0
57ad2f 227 942968 242 0 942817 242 0
5af5a6 61 92852d 159 0 92852d 159 0
c4a14b 40 e250a5 20 0 c4a159 40 0
076bd7 133 bc4a14 195 0 bc4a14 195 0
cf1285 177 a78942 89 1 cf1285 177 0
761db0 151 84f128 204 0 84f128 204 0
e13c4a 51 b09e25 26 0 e13c4a 51 0
53d877 7 69ec3c 132 0 69ec3c 132 0
1a7b0f 97 4d3d88 177 0 4d3d88 177 0
8cb09e 237 79a7b1 119 1 8cb09e 237 0
c19613 222 e0cb09 111 0 c19613 222 0
d832c2 28 13e69f 14 0 d82f12 28 0
44f9a8 196 dd832c 226 0 dd832c 226 0
489f35 57 644f9b 157 0 644f9b 157 0
86ec19 104 3c89f4 52 0 86ec19 104 0
0f227d 77 47913f 167 0 47913f 167 0
31e450 234 18f228 245 0 18d865 245 0
99c376 254 331e45 127 1 99c376 254 0
d3386e 96 e99c37 48 1 d3386e 96 0
fa670d 140 fd3386 70 1 fa670d 140 0
40b31f 18 205990 137 0 205990 137 0
681664 99 8bf4ce 178 1 740b32 178 0
5d02cd 45 6e8167 151 0 6e8167 151 0
c45fa6 230 1dd02d 115 1 c45fa6 230 0
27740c 93 53ba06 175 1 ac45fa 175 0
34ee82 108 1a7741 182 1 e588bf 182 0
b9622f 238 234ee9 119 1 b9622f 238 0
28d3bb 94 eb9622 175 1 1469de 175 0
dae588 172 ed72c4 86 0 dae588 172 0
bb5cb1 150 2251a8 75 0 bb5cb1 150 0
d76b96 83 544a35 42 1 d76b96 83 0
55128e 75 6a8947 166 0 6a8947 166 0
a55dae 106 d2aed7 53 1 a55dae 106 0
6b544b 14 35aa26 135 1 ca55da 135 0
2d6a8a 226 16b545 241 1 e94916 241 0
65ad52 125 72d6a9 191 1 8d2957 191 0
3cb5ab 240 e1a52a 248 1 1d978c 248 0
0796b6 62 03cb5b 159 0 03cb5b 159 0
20f2d7 232 10796c 244 0 106b7b 244 0
041e5b 125 bdf0d2 191 1 420f2e 191 0
cf7c34 176 e7be1a 88 1 cf7c34 176 0
f9ef86 150 03083d 75 1 f9ef86 150 0
df3df0 211 506108 106 0 df3df0 211 0
abe7be 91 6a0c21 46 1 abe7be 91 0
a57cf7 204 2d4185 102 1 a57cf7 204 0
b4af9e 90 da57cf 45 1 b4af9e 90 0
9695f3 140 34b507 70 0 9695f3 140 0
b2d2be 210 d9695f 105 1 b2d2be 210 0
965a57 27 74d2d5 14 1 965eb0 27 0
a2cb4a 68 2e9a5b 34 0 a2cb4a 68 0
4ba697 73 9a2cb4 165 0 9a2cb4 165 0
7974d3 42 3cba6a 149 1 c34596 149 0
6f2e9b 102 c868b2 179 1 37974e 179 0
2de5d4 173 a90d16 215 1 56f2ea 215 0
35bcbb 54 e521a2 155 1 1ade5e 155 0
26b798 167 aca434 212 0 aca434 212 0
14d6f3 181 4a6b7a 219 1 b59486 219 0
329adf 119 594d70 188 0 594d70 188 0
16535c 111 b4d652 184 1 4b29ae 184 0
12ca6c 174 096536 215 1 f69aca 215 0
dda6b2 118 112ca7 59 0 dda6b2 118 0
dbb4d6 79 522595 40 1 dbb4d6 79 0
eb769a 202 f5bb4d 101 0 eb769a 202 0
62912d 154 ceb769 205 0 ceb769 205 0
6c5226 180 c9d6ed 218 0 c9d6ed 218 0
4d8a45 183 66c523 220 0 66c523 220 0
19b149 119 4cd8a5 188 1 b3275b 188 0
ecc9d6 239 499b15 120 1 ecc9d6 239 0
1266c6 94 093363 175 0 093363 175 0
ddb327 236 eed993 118 1 ddb327 236 0
44499c 30 dddb32 143 1 2224ce 143 0
d776cc 164 14449a 82 1 d776cc 164 0
baeed9 213 628894 107 0 baeed9 213 0
38a225 91 a3aeed 174 0 a3aeed 174 0
571445 172 d475dd 214 0 d475dd 214 0
4ae289 182 da8ebb 219 1 257145 219 0
d6a3ae 55 54ae29 28 1 d6a3ae 55 0
152b8b 71 b56a3a 164 1 4a95c6 164 0
ed5a8e 41 4952b9 21 1 ed5a99 41 0
7254af 70 392a58 163 0 392a58 163 0
d1b56a 105 57254b 53 0 d1b56a 105 0
8a36ad 78 c51b56 39 1 8a36ad 78 0
2eb92b 138 175c96 197 1 e8a36a 197 0
65d726 242 32eb93 249 0 31b741 249 0
93451b 127 89a28d 64 0 93451b 127 0
e268a3 16 0ecbaf 8 0 e1776f 16 0
03b2ec 66 fe268a 161 1 01d976 161 0
9f89a2 169 703b2f 85 0 9f89a2 169 0
83f134 214 3e0766 107 1 83f134 214 0
d07e26 219 a83f13 110 1 d07e26 219 0
aa0fc4 28 2af81e 14 1 aa1318 28 0
b541f8 196 daa0fc 98 0 b541f8 196 0
b6a83f 153 9b541f 77 1 b6a83f 153 0
86d507 148 c36a83 74 1 86d507 148 0
4f2560 19 986d50 138 0 986d50 138 0
a61b54 35 930daa 18 1 a61b0a 35 0
a4c36a 133 9261b5 67 0 a4c36a 133 0
3b6793 145 a24c36 201 1 5db3ca 201 0
776cf3 179 844986 218 1 7bb67a 218 0
5eed9f 183 6f76d0 220 0 6f76d0 220 0
1bddb4 119 4deeda 188 1 b21126 188 0
ec8449 111 49bddc 56 0 ec8449 111 0
ed9089 78 f6c844 39 0 ed9089 78 0
ddb211 138 eed908 69 0 ddb211 138 0
9bb642 146 cddb21 73 0 9bb642 146 0
9376c8 147 76449c 74 0 9376c8 147 0
5d9127 211 91376c 234 0 91376b 234 0
a44ddb 59 9226ed 30 0 a44ddb 59 0
a489bb 136 d244dd 68 0 a489bb 136 0
f49137 17 45b765 9 1 f54b80 17 0
716dda 67 78b6ed 162 1 874913 162 0
5e2dbc 105 6f16de 181 1 90e922 181 0
843a48 238 c21d24 119 0 843a48 238 0
d08749 30 e843a4 15 0 d0891a 30 0
da10e9 132 12f78c 66 0 da10e9 132 0
44bde3 81 625ef2 169 1 9da10e 169 0
7897bd 235 83b421 246 0 83a334 246 0
5f12f8 62 2f897c 159 0 2f897c 159 0
d41da1 104 ea0ed0 52 0 d41da1 104 0
fa83b4 13 42be26 7 1 fd78bb 13 0
30af8a 66 e7a83b 161 1 1857c5 161 0
6615f2 41 730af9 149 1 8cf507 149 0
833d41 102 3e6160 51 0 833d41 102 0
2f9858 77 a833d4 167 0 a833d4 167 0
ca0cf5 42 e5067a 21 1 ca0cee 42 0
99419e 6 335f31 3 1 b2d5b8 6 0
2cd7cd 193 a99419 225 0 a99419 225 0
8a6506 57 7acd7d 29 1 8a6506 57 0
7eb360 200 c0a650 228 0 c0a650 228 0
0fd66c 185 47eb36 221 1 b814ca 221 0
71face 248 38fd67 252 0 301d14 252 0
f1c0a6 127 b8e053 64 1 f1c0a6 127 0
ee3814 144 f71c0a 72 1 ee3814 144 0
0238fe 18 fee381 137 0 fee381 137 0
604720 163 702390 210 0 702390 210 0
a3f71c 117 6e0472 59 1 a3f71c 117 0
3b811d 207 5dc08f 232 0 5dc08f 232 0
177024 122 0bb812 189 1 f447ee 189 0
62ee05 240 ce88fd 248 0 cdebeb 248 0
f3a23f 190 062ee1 95 1 f3a23f 190 0
218bb9 216 ef3a23 236 1 10c5cf 236 0
fbce88 187 4218bc 94 0 fbce88 187 0
50862f 216 284318 236 0 28430d 236 0
0a10c6 123 baf79d 190 0 baf79d 190 0
514219 176 28a10d 216 1 d75ef3 216 0
f5d7bc 118 051422 59 1 f5d7bc 118 0
debaf7 79 af5d7b 40 1 debaf7 79 0
ebd75e 10 f5ebaf 5 1 e42801 10 0
9d7aeb 2 9d7aea 1 0 ec3860 2 0
93af5d 129 762852 65 1 93af5d 129 0
8275eb 209 813af5 105 0 8275eb 209 0
804ebd 155 80275e 78 1 804ebd 155 0
5ff629 20 d004eb 138 1 2ffb15 138 0
b4013a 163 65ff63 82 0 b4013a 163 0
597fd9 213 6cbfed 235 1 934010 235 0
c4d004 123 5d97fe 62 1 c4d004 123 0
a89a00 208 2bb300 104 0 a89a00 208 0
0aecc0 218 fa89a0 237 0 fa8981 237 0
615d98 188 30aecc 222 0 30aecc 222 0
4c2bb3 248 d9ea26 252 1 1ad895 252 0
098577 191 bb3d44 224 0 bb3d44 224 0
1130af 184 f767a8 220 0 f767a8 220 0
022616 183 41130b 220 0 41130b 220 0
1044c3 247 482262 252 1 b05fc4 252 0
120899 127 49044d 192 1 b6fbb3 192 0
edbeec 112 09208a 56 1 edbeec 112 0
fdb7dd 78 012412 39 1 fdb7dd 78 0
dfb6fb 202 efdb7d 101 0 dfb6fb 202 0
9bf6df 26 cdfb6f 13 1 9bf06f 26 0
6c8125 132 364093 194 0 364093 194 0
b26fdb 241 66c813 121 0 b26fdb 241 0
864dfb 223 8326fd 112 0 864dfb 223 0
e0c9bf 156 0f9b21 78 1 e0c9bf 156 0
bc1937 212 de0c9b 106 1 bc1937 212 0
487cda 155 643e6d 206 1 9bc193 206 0
a6f064 244 2c87ce 122 1 a6f064 244 0
4b21f4 223 9a6f06 240 1 6590a0 240 0
19643f 60 f34de0 158 0 f34de0 158 0
bcd378 168 219644 84 0 bcd378 168 0
f79a6f 213 4432c9 107 1 f79a6f 213 0
cef34d 219 a779a6 110 1 cef34d 219 0
a9de69 28 d4ef34 14 0 a9e1bd 28 0
b53bcd 4 25621a 2 1 ebe346 4 0
b6a779 193 9b53bc 97 0 b6a779 193 0
792b11 153 836a77 205 1 7c9589 205 0
7f2563 52 3f92b2 154 1 c06d4e 154 0
b01b53 103 980da9 52 0 b01b53 103 0
19fc96 141 4cfe4b 199 0 4cfe4b 199 0
333f93 114 e66036 185 1 199fca 185 0
99980d 175 8ccc06 88 1 99980d 175 0
1cccff 150 0e6680 203 0 0e6680 203 0
dc6660 115 51ccd0 58 0 dc6660 115 0
ab8ccc 207 6a399a 104 1 ab8ccc 207 0
e57199 218 0d4734 109 0 e57199 218 0
6351cd 220 ce5719 238 0 ce56f2 238 0
4c6a3a 188 26351d 222 1 d9cae3 222 0
498d48 120 db395c 188 0 db395c 188 0
0931a9 47 bb672b 152 1 4498d5 152 0
eed9ca 166 f76ce5 83 0 eed9ca 166 0
dddb39 149 aeed9c 75 0 dddb39 149 0
cbbb67 19 5a224d 10 1 cc0e56 19 0
568894 67 94bbb6 162 1 6b444a 162 0
a52eed 41 6d688a 21 1 a52ef6 41 0
7b5a23 70 3dad12 163 1 c252ee 163 0
2f6b45 233 57b5a3 245 0 57a89a 245 0
75ed69 254 3af6b5 255 1 ffffff 254 0
100000 0 100000 0 0 100000 0 7
fa284a 64 fd1425 32 0 fa284a 64 0
00baf7 8 005d7c 132 0 005d7c 132 0
ffe8a1 97 400bb0 49 0 ffe8a1 97 0
7002ec 77 87fe8a 167 1 780176 167 0
c1ffa2 42 1f002f 21 0 c1ff9b 42 0
67c00c 198 cc1ffa 227 1 33e006 227 0
d307fe 57 a983ff 29 1 d307fe 57 0
759f01 8 c5307f 132 1 3acf81 132 0
f14c1f 161 4759f1 81 1 f14c1f 161 0
71d67d 85 78eb3f 171 0 78eb3f 171 0
c1c530 235 a0e298 118 0 c1c530 235 0
a838a6 158 2be3ad 79 1 a838a6 158 0
d50714 84 ea838a 42 1 d50714 84 0
455f1e 139 62af8f 198 0 62af8f 198 0
58abe4 242 d3aa0e 249 1 2b074a 249 0
6b157d 191 8a7541 224 0 8a7541 224 0
1d62b0 184 0eb158 220 0 0eb158 220 0
03ac56 247 be29d5 252 0 b64738 252 0
ef8a75 63 b7c53a 32 1 ef8a75 63 0
edf14e 8 090759 4 1 fd60d8 8 0
fdbe29 65 4120ec 33 0 fdbe29 65 0
70483b 73 87dbe2 165 1 78241e 165 0
7e0908 170 3f0484 213 0 3f0484 213 0
6fc121 118 c81f6f 187 1 37e091 187 0
2df825 175 a903ed 216 0 a903ed 216 0
ea40fb 54 f5207d 27 0 ea40fb 54 0
dd481f 7 515bf1 4 1 f31ca1 7 0
1456fd 65 4a2b7f 161 0 4a2b7f 161 0
8d7520 233 86ba90 117 0 8d7520 233 0
81aea4 30 3f28ae 15 1 81b026 30 0
d035d4 196 e81aea 98 1 d035d4 196 0
ba06ba 153 62fca3 77 0 ba06ba 153 0
78bf29 84 3c5f95 170 1 c3a06b 170 0
b0e81a 107 98740d 54 0 b0e81a 107 0
a61d03 142 2cf17f 71 0 a61d03 142 0
d4c3a0 210 ea61d0 105 0 d4c3a0 210 0
9a9874 27 72b3c6 14 1 9a9cde 27 0
a3530e 196 2e5679 98 1 a3530e 196 0
b46a61 89 65cad0 45 0 b46a61 89 0
868d4c 76 3cb95a 38 1 868d4c 76 0
b0d1a9 202 d868d4 101 0 b0d1a9 202 0
69e5cb 26 cb0d1a 141 1 34f2e6 141 0
6d3cba 36 369e5d 146 1 c961a3 146 0
4da798 101 66d3cc 179 0 66d3cc 179 0
39b4f3 109 a32586 183 1 5cda7a 183 0
c8c961 174 1b9b50 87 0 c8c961 174 0
d9192c 86 13736a 43 1 d9192c 86 0
24dcdb 203 526e6e 230 1 ad9192 230 0
ab6464 250 d5b232 125 1 ab6464 250 0
6a9374 32 3549ba 144 1 cab646 144 0
0d526f 100 06a938 178 0 06a938 178 0
be55b2 237 60d527 119 0 be55b2 237 0
c7cab6 94 1c1aa5 47 1 c7cab6 94 0
2706aa 76 ec7cab 166 1 138355 166 0
44e0d6 42 22706b 149 0 22706b 149 0
9763e5 230 344e0e 115 1 9763e5 230 0
2d1384 93 5689c2 175 1 a9763e 175 0
35a271 108 e52ec7 182 1 1ad139 182 0
46b44f 174 dca5d8 215 0 dca5d8 215 0
d72976 54 eb94bb 27 1 d72976 54 0
251ad2 135 528d69 196 1 ad7297 196 0
eb5ca5 113 4a51ae 57 1 eb5ca5 113 0
8d6b94 79 794a36 40 1 8d6b94 79 0
e1ad72 202 f0d6b9 101 0 e1ad72 202 0
9c35ae 26 31e529 13 1 9c3c1f 26 0
9386b5 68 c9c35a 34 1 9386b5 68 0
4d8f2a 9 99386b 133 1 66c795 133 0
864e1a 162 3cd8f3 81 0 864e1a 162 0
6f363d 85 8864e1 171 0 8864e1 171 0
c21938 43 a10c9c 22 0 c2193d 43 0
a84327 134 d42193 67 1 a84327 134 0
d50864 145 557bce 73 1 d50864 145 0
755ef4 211 855086 234 1 7aaf79 234 0
5eabdf 59 90aa10 158 0 90aa10 158 0
a42a84 168 2deabe 84 1 a42a84 168 0
f48550 85 45bd58 43 0 f48550 85 0
ce90aa 203 58b7ab 102 0 ce90aa 203 0
a9d215 90 2b16f6 45 1 a9d215 90 0
6ac5be 76 ca9d21 166 0 ca9d21 166 0
b2a748 170 26ac5c 85 0 b2a748 170 0
9654e9 214 cb2a74 107 0 9654e9 214 0
d2ca9d 27 569ab2 14 1 d2cfe8 27 0
aa5953 68 d52ca9 34 0 aa5953 68 0
4ab4d6 137 655a6b 197 0 655a6b 197 0
79569b 114 3cab4e 185 1 c354b2 185 0
90d52c 239 77956a 120 1 90d52c 239 0
1de55b 222 0ef2ae 239 1 f10ce1 239 0
dc4354 252 ee21aa 126 1 dc4354 252 0
bb886a 32 ddc435 16 0 bb8948 32 0
088ef3 132 04477a 194 1 fbb886 194 0
4111df 241 9f7710 249 0 9eb822 249 0
87ddc4 63 7c111e 32 1 87ddc4 63 0
1f0448 200 f07ddc 228 0 f07ddc 228 0
03e089 57 be0fbb 157 1 41f045 157 0
8f83ee 168 c7c1f7 84 1 8f83ee 168 0
0e0f83 21 b8f83e 139 1 4707c2 139 0
31c1f1 163 a71f07 210 1 58e0f9 210 0
56383f 181 94e3e0 219 0 94e3e0 219 0
3ac708 55 a29c7c 156 0 a29c7c 156 0
e8a71f 39 b4538f 20 1 e8a708 39 0
ed14e3 133 49758f 67 0 ed14e3 133 0
325d64 81 592eb2 169 1 a6d14e 169 0
89b453 235 7b25d7 118 0 89b453 235 0
a1368a 94 d09b45 47 0 a1368a 94 0
2bd92f 12 ea1368 134 0 ea1368 134 0
ba84da 162 22bd93 81 0 ba84da 162 0
68af65 85 7457b3 171 0 7457b3 171 0
3d15ed 107 a17509 182 0 a17509 182 0
57a2be 46 d42ea1 151 0 d42ea1 151 0
d50ba8 166 ea85d4 83 0 d50ba8 166 0
daa175 149 52af46 75 1 daa175 149 0
cb542e 83 a5aa17 42 1 cb542e 83 0
a96a85 11 94b542 6 1 a4c4db 11 0
5ad2b0 2 d296a8 129 0 d296a8 129 0
94a5aa 161 75ad2b 81 0 94a5aa 161 0
8294b5 213 7eb5a6 107 1 8294b5 213 0
3fad6a 219 a0294b 238 1 5fd69d 238 0
a80a52 60 d40529 30 0 a80a52 60 0
4afeb6 136 da80a5 196 0 da80a5 196 0
095fd7 49 44afec 153 0 44afec 153 0
712bfb 231 7895fe 244 1 87658b 244 0
e1da80 125 4f12c0 63 0 e1da80 125 0
cc3b50 208 19e258 104 0 cc3b50 208 0
067896 218 033c4b 237 0 033c2c 237 0
60cf13 252 30678a 254 1 a7cc3b 254 0
100000 0 d9f30e 128 1 100000 0 7
f67cc3 32 04c19f 16 0 f67bc8 32 0
fecf98 68 009834 34 0 fecf98 68 0
bfd9f3 201 9fecf9 101 0 bfd9f3 201 0
87fb3e 154 3c0261 77 1 87fb3e 154 0
90ff67 84 37804d 42 1 90ff67 84 0
4de014 75 66f00a 166 1 990ff6 166 0
a643fd 234 d321fe 117 1 a643fd 234 0
6b3781 30 359bc1 143 1 ca643f 143 0
d2990f 228 e94c87 114 1 d2990f 228 0
ba5321 157 9d2990 79 0 ba5321 157 0
38b59c 20 e3a532 138 1 1c5ace 138 0
b8e94c 35 638b5a 18 1 b8e99a 35 0
a71d29 197 6c716c 99 0 a71d29 197 0
3b1c5b 217 5d8e2e 237 1 a271c6 237 0
77638c 124 c44e3a 190 1 3bb1c6 190 0
b1138e 176 277639 88 1 b1138e 176 0
09dd8f 214 fb1138 235 0 fb1130 235 0
213bb2 59 509dd9 158 1 af6227 158 0
abd889 104 d5ec44 52 0 abd889 104 0
0a84ef 13 babd88 135 0 babd88 135 0
31509e 34 18a84f 145 0 18a84f 145 0
99d5ec 229 8ceaf6 115 1 99d5ec 229 0
3cc543 157 5e62a2 207 1 a19d5e 207 0
c86757 244 1bcc55 122 1 c86757 244 0
46f316 95 9c8675 176 0 9c8675 176 0
18de63 44 0c6f32 150 1 f390ce 150 0
bce433 230 de7219 115 0 bce433 230 0
d79c86 29 abce43 15 1 d799d7 29 0
caf390 4 e579c8 2 0 822901 5 0
b95e72 129 9caf39 65 0 b95e72 129 0
872bce 145 7c6a19 73 1 872bce 145 0
7f1a87 83 8072bc 170 0 8072bc 170 0
5fe351 43 900e57 150 1 6ff1a9 150 0
5bfc6b 38 2dfe36 147 1 d201ca 147 0
2b7f8e 229 55bfc7 243 0 55bc75 243 0
ca900e 125 a54807 63 1 ca900e 125 0
36adff 144 e4a900 200 0 e4a900 200 0
06d5c0 50 036ae0 153 0 036ae0 153 0
60dab8 231 8f92a4 244 0 8f8dab 244 0
1c1b57 189 4e0dac 223 0 4e0dac 223 0
cc7c95 120 19c1b6 60 1 cc7c95 120 0
f98f92 79 bcc7c9 40 0 f98f92 79 0
10ce0e 138 f798f9 197 0 f798f9 197 0
6219c2 178 310ce1 217 1 cef31f 217 0
93bcc7 247 89de63 124 1 93bcc7 247 0
e27798 159 4ec434 80 0 e27798 159 0
ec4ef3 84 f62779 42 0 ec4ef3 84 0
427622 11 9ec4ef 134 1 613b11 134 0
a7b13b 34 d3d89d 17 0 a7b1a5 34 0
6b09d9 133 8a7b13 195 1 7584ed 195 0
c29ec4 49 5eb09e 25 1 c29ec5 49 0
8853d8 71 8429ec 36 0 8853d8 71 0
e10a7b 137 b0853d 69 0 e10a7b 137 0
8c214f 18 39ef59 9 1 8c8457 18 0
6e7bd7 67 88c214 162 0 88c214 162 0
a23085 169 911842 85 1 a23085 169 0
844610 22 3ddcf8 11 0 842dcc 22 0
2f773e 195 57bb9f 226 0 57bb9f 226 0
55eee8 121 6af774 189 0 6af774 189 0
854223 240 3d5eef 120 0 854223 240 0
f0a844 94 07abde 47 1 f0a844 94 0
de1508 76 10f57c 38 0 de1508 76 0
bbc2a1 74 221eb0 37 0 bbc2a1 74 0
977854 74 3443d6 37 1 977854 74 0
6d10f6 202 c97785 229 0 c97785 229 0
925de1 186 36d110 93 0 925de1 186 0
6db444 88 36da22 172 1 c925de 172 0
0db689 235 46db45 246 1 b90672 246 0
51b6d2 126 28db69 191 1 d72497 191 0
d5c925 240 151b6e 120 1 d5c925 240 0
fab924 222 fd5c92 111 1 fab924 222 0
df5724 156 10546e 78 1 df5724 156 0
44151c 84 ddf572 170 1 220a8e 170 0
4882a4 171 644152 214 1 9bbeae 214 0
591055 246 d377d5 251 0 ce4058 251 0
d4ddf5 63 559106 32 1 d4ddf5 63 0
156442 200 0ab221 228 1 f54ddf 228 0
fd5377 121 415645 61 1 fd5377 121 0
705592 208 c7d537 232 1 382ac8 232 0
f1f54d 186 07055a 93 1 f1f54d 186 0
61c157 216 cf1f54 236 0 cf1f4a 236 0
f3c7d5 59 b9e3ea 30 1 f3c7d5 59 0
ae78fa 8 d73c7d 4 0 bbecc2 8 0
eb9e3e 1 200000 0 1 eb9e3e 1 0
8eb9e3 129 875cf1 65 0 8eb9e3 129 0
7e28c4 145 80eb9e 201 1 7f1462 201 0
803ae7 51 7fe28d 26 1 803ae7 51 0
5ff8a4 199 9003ae 228 1 6ffc52 228 0
1bff15 185 b20075 221 0 b20075 221 0
8c801d 184 39bff2 92 1 8c801d 184 0
f19003 87 4737ff 44 0 f19003 87 0
ee3200 203 48e700 102 0 ee3200 203 0
adc640 90 d6e320 45 0 adc640 90 0
6a4738 12 35239c 134 0 35239c 134 0
b2b719 226 26a474 113 0 b2b719 226 0
9656e3 93 8b2b71 47 0 9656e3 93 0
c2cadc 12 1e9a92 6 1 c65072 12 0
b8595b 194 23d353 97 0 b8595b 194 0
970b2b 217 8b8595 109 0 970b2b 217 0
7d1e9b 156 c170b2 206 1 3e8f4e 206 0
4fa3d4 180 d82e16 218 1 27d1ea 218 0
b60b85 55 64fa3e 28 1 b60b85 55 0
e6c170 71 b360b8 36 0 e6c170 71 0
ecd82e 9 b66c17 5 1 e1716d 9 0
7264fb 130 c6cd82 193 1 39327e 193 0
6e4ca0 49 772650 153 0 772650 153 0
82366c 231 811b36 116 1 82366c 231 0
e046cd 29 b02366 15 1 e0440c 29 0
cc08d9 132 e6046c 66 0 cc08d9 132 0
467ee5 17 9cc08d 137 0 9cc08d 137 0
78cfdd 35 839811 146 0 839811 146 0
5f19fc 165 907302 211 1 6f8cfe 211 0
3be340 181 5df1a0 219 0 5df1a0 219 0
377c68 247 a441cc 252 0 9dfdaf 252 0
e91073 63 4b77c7 32 0 e91073 63 0
12ddf2 200 096ef9 228 1 f69107 228 0
fda441 249 412de0 125 0 fda441 249 0
704b78 96 c7da44 176 0 c7da44 176 0
f1f691 44 0704b8 22 0 f1f68d 44 0
41c12e 198 20e097 227 0 20e097 227 0
d7c7da 121 abe3ed 61 0 d7c7da 121 0
8af8fb 144 c57c7d 72 0 8af8fb 144 0
f15f1f 146 075071 73 1 f15f1f 146 0
9e2be3 211 8f15f1 106 0 9e2be3 211 0
a3c57c 155 6e1d42 78 1 a3c57c 155 0
5b8751 212 2dc3a9 234 1 d23c54 234 0
b48f15 123 9a478a 62 1 b48f15 123 0
596e1e 16 d348f1 136 0 d348f1 136 0
0b2dc4 162 fa691e 209 1 0596e2 209 0
9e9a47 181 70b2dd 91 1 9e9a47 181 0
c3d348 87 a1e9a4 44 0 c3d348 87 0
178597 139 b43d34 198 0 b43d34 198 0
ad0f4d 50 29785a 25 1 ad0f4d 50 0
95a1e9 199 752f0c 100 0 95a1e9 199 0
e2b43d 89 b15a1e 45 1 e2b43d 89 0
8c5687 12 39d4bd 6 1 8f6f34 12 0
4e7530 66 273a98 161 0 273a98 161 0
96315a 233 8b18ad 117 0 96315a 233 0
7d39d5 158 c16315 207 0 c16315 207 0
d058c5 52 17d39e 26 1 d058c5 52 0
ba0b18 199 9d058c 100 0 ba0b18 199 0
18be9d 25 b3a0b1 141 0 b3a0b1 141 0
8ce82c 36 398bea 18 1 8ce85e 36 0
b19d05 197 67317e 99 1 b19d05 197 0
c633a0 217 5ce630 109 0 c633a0 217 0
77398c 220 3b9cc6 238 1 c46318 238 0
b118ce 252 d88c67 126 1 b118ce 252 0
49dce7 160 24ee74 208 0 24ee74 208 0
093b9d 244 fb6231 250 0 f7871f 250 0
412774 63 9f6c46 160 1 6093ba 160 0
1824ef 40 0c1278 148 0 0c1278 148 0
fcfb62 101 41824f 51 0 fcfb62 101 0
cf9f6c 205 a7cfb6 103 1 cf9f6c 205 0
360c13 26 e4f9f6 141 1 1b060a 141 0
66c183 164 3360c2 210 1 cc9f3e 210 0
b327cf 245 666c19 123 1 b327cf 245 0
399b07 223 5ccd84 240 0 5ccd21 240 0
e8cc9f 252 f4664f 126 1 e8cc9f 252 0
42e66d 160 217337 208 0 217337 208 0
f7a332 244 fbd199 122 0 f7a332 244 0
410b9a 31 6085cd 144 1 9f7a33 144 0
e7de8c 100 0c10ba 50 1 e7de8c 100 0
43042f 77 9e7de8 167 0 9e7de8 167 0
386086 42 e3cfbd 149 0 e3cfbd 149 0
98f3ef 38 cc79f7 19 1 98f3d5 38 0
2ce183 5 5670c2 131 1 a98f3e 131 0
359c31 97 a531e7 177 1 5ace19 177 0
76b387 173 84a63c 215 0 84a63c 215 0
c1298f 182 1f6b39 91 1 c1298f 182 0
27dacf 87 ac1298 172 0 ac1298 172 0
eb04a6 43 4a7dad 22 1 eb04ac 43 0
529f6c 198 294fb6 227 1 d6b04a 227 0
2a53ee 249 5529f7 253 0 47cf36 253 0
8ab582 128 3aa53f 64 0 8ab582 128 0
0ea950 208 0754a8 232 0 0754a7 232 0
01d52a 250 00ea95 253 1 df5010 253 0
603aa6 128 301d53 192 0 301d53 192 0
0c0755 112 f9fc55 184 0 f9fc55 184 0
0180eb 174 ff3f8a 215 1 00c076 215 0
20301e 182 efe7f1 219 0 efe7f1 219 0
dbf9fc 55 adfcfe 28 1 dbf9fc 55 0
1480c1 135 4a4061 196 1 b5bf9f 196 0
129019 113 b6b7f3 185 1 49480d 185 0
8dadfc 175 86d6fe 88 1 8dadfc 175 0
1e4a41 22 0f2521 139 1 f0dadf 139 0
23c949 99 ae1b5b 178 1 51e4a5 178 0
ab86d6 173 6a3c95 87 1 ab86d6 173 0
3a8f26 86 e2b86d 171 0 e2b86d 171 0
2751e5 43 ac570d 150 0 ac570d 150 0
ab15c3 38 d58ae1 19 0 ab15de 38 0
2a9d48 133 aab15c 195 0 aab15c 195 0
caac57 49 5aa9d5 25 1 caac58 49 0
89558a 71 84aac5 36 0 89558a 71 0
e12ab1 137 4f6aa8 69 0 e12ab1 137 0
8c2556 210 39ed55 105 1 8c2556 210 0
9184aa 91 88c255 46 0 9184aa 91 0
5dcf6b 140 d1184a 198 1 2ee7b6 198 0
b44612 50 25dcf7 25 0 b44612 50 0
69773e 71 8b4461 164 0 8b4461 164 0
e2d118 41 b1688c 21 0 e2d123 41 0
8c5a23 134 39d2ef 67 0 8c5a23 134 0
d18b44 209 a8c5a2 105 1 d18b44 209 0
75ce98 27 7ae74c 142 0 7ae74c 142 0
a1462d 100 2f5cea 50 1 a1462d 100 0
b428c5 205 9a1462 103 1 b428c5 205 0
c68518 154 1cbd74 77 0 c68518 154 0
98d0a3 84 cc6851 42 0 98d0a3 84 0
b31a14 11 998d0a 6 1 ae4dac 11 0
a66342 130 d331a1 65 0 a66342 130 0
6b3398 17 7599cc 137 0 7599cc 137 0
82998d 227 7eb33a 114 1 82998d 227 0
a05331 221 902998 111 0 a05331 221 0
c40a66 156 1dfacd 78 1 c40a66 156 0
477eb4 84 23bf5a 170 1 dc40a6 170 0
b71029 235 9b8814 118 0 b71029 235 0
591dfb 158 2c8efe 207 1 d37102 207 0
d4dc40 116 1591e0 58 0 d4dc40 116 0
ba9b88 207 9d4dc4 104 0 ba9b88 207 0
18ac8f 154 f3a9b8 205 0 f3a9b8 205 0
631592 180 318ac9 218 1 ce7537 218 0
4c62b3 247 66315a 252 1 9431bc 252 0
e673a9 255 4cc62c 128 0 e673a9 255 0
ecce75 96 f6673a 48 1 ecce75 96 0
026632 140 013319 198 1 fecce7 198 0
404cc7 242 202664 249 0 1ea6fe 249 0
97f667 255 7404cd 128 1 97f667 255 0
1d0134 96 0e809a 176 1 f17f66 176 0
fc5fd9 236 fe2fec 118 0 fc5fd9 236 0
407405 158 dfc5fd 207 0 dfc5fd 207 0
d7f17f 180 ebf8bf 90 1 d7f17f 180 0
bafe2f 23 6280e9 12 1 bb11df 23 0
e75fc5 67 4c501e 34 1 e75fc5 67 0
acebf8 201 698a04 101 0 acebf8 201 0
859d7f 90 3d3141 45 1 859d7f 90 0
90b3af 204 c859d7 102 1 90b3af 204 0
4de98b 154 d90b3a 205 1 26f4c6 205 0
9642ce 52 34de99 26 1 9642ce 52 0
4d37a7 199 669bd4 228 0 669bd4 228 0
19a6f5 249 4cd37b 253 0 3e6dea 253 0
8ccb21 128 399a70 64 0 8ccb21 128 0
f19964 208 f8ccb2 104 1 f19964 208 0
01ccd4 26 00e66a 141 1 ff1996 141 0
60399b 228 301cce 242 1 cfe0b3 242 0
b3f8cc 125 99fc66 63 1 b3f8cc 125 0
c67f19 144 e33f8c 72 0 c67f19 144 0
07301d 18 03980f 137 0 03980f 137 0
9f19fc 227 707302 114 1 9f19fc 227 0
a3e33f 221 91f19f 111 1 a3e33f 221 0
3b8399 156 1dc1cd 206 1 e23e33 206 0
477074 116 23b83a 186 1 dc47c6 186 0
48ee0f 239 647708 248 0 641b7f 248 0
e6e23e 254 f3711f 127 1 e6e23e 254 0
2323b9 160 ee6e23 208 1 1191dd 208 0
046478 180 fdcdc4 218 0 fdcdc4 218 0
408c8f 183 604648 220 0 604648 220 0
181192 247 4c08c9 252 1 acb7c4 252 0
ecfdcd 255 b67ee6 128 1 ecfdcd 255 0
ed9fb9 32 093024 16 0 ed9ec2 32 0
fdb3f7 68 fed9fb 34 1 fdb3f7 68 0
bfb67e 137 6024c1 69 1 bfb67e 137 0
780931 210 3c0499 233 1 c3fb66 233 0
90fed9 123 887f6c 62 0 90fed9 123 0
5de025 16 d10fed 136 0 d10fed 136 0
f443fb 162 fa21fd 81 0 f443fb 162 0
617781 21 8f443f 139 1 70bbc1 139 0
c3d10f 163 a1e887 82 1 c3d10f 163 0
a87a21 21 6bc2f0 11 0 a85512 21 0
c50f44 67 5d785e 34 1 c50f44 67 0
575e18 201 9450f4 229 0 9450f4 229 0
7aebc3 58 c28a1e 157 1 3d75e2 157 0
6f5d79 168 c85143 212 1 37aebd 212 0
0debb0 53 b90a28 155 0 b90a28 155 0
31bd76 167 58debb 212 0 58debb 212 0
e9c851 117 b4e428 59 0 e9c851 117 0
cd390a 15 59637b 8 0 cbebd1 15 0
e9a721 194 f4d390 97 0 e9a721 194 0
62cb1c 25 8e9a72 141 1 71658e 141 0
7c5964 36 3e2cb2 146 1 c1d34e 146 0
b074d3 229 67c597 115 0 b074d3 229 0
39f166 93 5cf8b3 175 0 5cf8b3 175 0
373e2d 236 1b9f17 246 0 1b6ce7 246 0
b9183a 254 dc8c1d 127 0 b9183a 254 0
28dcf9 160 146e7d 208 1 eb9183 208 0
fae460 244 028dd0 122 0 fae460 244 0
bf5c8c 223 6051ba 112 1 bf5c8c 223 0
e7eb91 220 0c0a38 110 0 e7eb91 220 0
43028e 220 218147 238 0 218118 238 0
b79fae 252 dbcfd7 126 1 b79fae 252 0
b6f3f5 160 db79fa 80 1 b6f3f5 160 0
092182 20 fb6f3f 138 1 0490c1 138 0
412431 163 9f6de7 210 1 609219 210 0
582487 181 93edbc 219 0 93edbc 219 0
3b0491 183 5d8249 220 1 a27db7 220 0
e89f6d 119 b44fb6 60 1 e89f6d 119 0
ed13ed 143 49760a 72 1 ed13ed 143 0
125d83 82 092ec2 169 1 f6d13e 169 0
9db44f 107 7125d9 54 1 9db44f 107 0
a3b689 78 2e24bc 39 0 a3b689 78 0
d476d1 74 15c498 37 0 d476d1 74 0
9a8eda 202 32b893 101 0 9a8eda 202 0
6cae25 218 c9a8ed 237 0 c9a8db 237 0
6d95c5 60 c9351d 158 0 c9351d 158 0
4db2b9 168 d926a3 212 1 26d95d 212 0
09b658 181 44db2c 219 0 44db2c 219 0
cec935 119 a7649a 60 1 cec935 119 0
e9d926 15 b4ec93 8 1 e86f4d 15 0
12c4dc 2 09626e 129 1 f69d92 129 0
62589c 97 8ed3b2 177 1 712c4e 177 0
83b4ec 173 81da76 87 1 83b4ec 173 0
c0769d 150 1fc4b2 75 1 c0769d 150 0
27f12d 211 ac0769 234 0 ac0767 234 0
ab01da 59 9580ed 30 0 ab01da 59 0
a5603b 8 2d4fe3 4 0 983539 8 0
f4ac07 65 ba5603 33 1 f4ac07 65 0
716a80 9 78b540 133 0 78b540 133 0
81d2b0 98 3f16a8 49 0 81d2b0 98 0
6fc5aa 77 77e2d5 167 1 881d2b 167 0
c2074a 106 e103a5 53 0 c2074a 106 0
9840e9 14 cc2074 7 0 99d92a 14 0
2cf7e3 130 e9840e 193 1 167bf2 193 0
659efd 49 8d3081 153 0 8d3081 153 0
7cb3e0 39 81a610 148 0 81a610 148 0
1f967c 165 b034c2 211 1 4fcb3e 211 0
cc0d30 53 59f968 27 0 cc0d30 53 0
c981a6 71 a4c0d3 36 1 c981a6 71 0
e93034 137 b4981a 69 1 e93034 137 0
72d9fa 18 c69303 137 1 396cfd 137 0
91a4c0 163 772da0 82 0 91a4c0 163 0
a23498 85 6ee5b4 43 0 a23498 85 0
c44693 75 5ddcb7 38 0 c44693 75 0
57772e 202 d44469 229 0 d44469 229 0
95111a 58 357773 29 0 95111a 58 0
92a223 72 36aeef 36 0 92a223 72 0
f25444 201 46d5de 101 1 f25444 201 0
71b578 218 c72544 237 0 c72532 237 0
6e36af 188 371b58 222 0 371b58 222 0
4dc6d6 120 26e36b 188 0 26e36b 188 0
09b8db 111 bb2392 184 1 44dc6e 184 0
eec8e4 174 f76472 87 1 eec8e4 174 0
ddd91c 150 111372 75 1 ddd91c 150 0
2444dd 211 addd91 234 0 addd8f 234 0
ab7764 59 95bbb2 30 1 ab7764 59 0
5a9114 136 d2b776 196 1 2d488a 196 0
f4addd 177 ba56ee 89 1 f4addd 177 0
8e95bb 151 78b523 76 0 8e95bb 151 0
1e2d49 83 b0e95b 170 1 4f16a5 170 0
ac3a56 171 69e2d5 86 1 ac3a56 171 0
a5874a 214 d2c3a5 107 0 a5874a 214 0
2b4f17 27 aa5874 142 0 aa5874 142 0
aa961d 36 d54b0e 18 1 aa95e8 36 0
b552c3 133 9aa961 67 0 b552c3 133 0
c6aa58 17 a3552c 9 0 c74dad 17 0
88d54b 131 846aa5 66 0 88d54b 131 0
5ee557 145 908d54 201 0 908d54 201 0
7bdcab 51 8211aa 154 1 7dee56 154 0
a0846a 167 6fbdcb 84 0 a0846a 167 0
1bef73 85 b20846 171 1 4df7ba 171 0
cc8211 43 59bef8 22 0 cc820c 43 0
a99042 70 2b37df 35 0 a99042 70 0
d53208 73 5566fc 37 0 d53208 73 0
7559bf 202 c55320 229 0 c55320 229 0
9154c8 58 37559c 29 0 9154c8 58 0
922a99 200 36eab4 100 0 922a99 200 0
0dbaad 89 46dd57 173 0 46dd57 173 0
8e48aa 108 38dbab 54 0 8e48aa 108 0
b1c915 78 d8e48a 39 1 b1c915 78 0
d63922 10 eb1c91 5 0 dd9207 10 0
9ac724 130 329c6e 65 1 9ac724 130 0
9358e4 81 76538e 41 1 9358e4 81 0
7d94e4 75 7eca72 166 1 81358e 166 0
5fb29d 234 d026b1 245 0 d012a7 245 0
6bf654 190 ca04d6 223 1 35fb2a 223 0
2d7ecb 184 e9409a 220 1 16bf66 220 0
05afda 55 42d7ed 156 1 bd2813 156 0
10b5fc 231 b7a502 244 1 485384 244 0
ede940 189 b6f4a0 95 0 ede940 189 0
cdbd28 24 e6de94 12 0 cdcb96 24 0
06485b 131 bcdbd2 194 1 43242e 194 0
af36f4 177 979b7a 89 1 af36f4 177 0
85e6de 23 82f36f 12 1 85d680 23 0
e0bcdb 131 b05e6d 66 0 e0bcdb 131 0
ac179b 17 960bcd 9 0 acada7 17 0
7a7d0d 3 82c179 130 0 82c179 130 0
a0b05e 161 6fa7d1 81 1 a0b05e 161 0
7be9f5 85 7df4fb 171 0 7df4fb 171 0
c082c1 107 5fbea0 54 0 c082c1 107 0
a81058 206 d4082c 103 0 a81058 206 0
2afdf5 154 157efb 205 0 157efb 205 0
655fbf 116 cd5020 186 0 cd5020 186 0
4cabf8 47 6655fc 152 0 6655fc 152 0
19957f 230 0ccac0 243 0 0cc38d 243 0
dccd50 253 ae66a8 127 0 dccd50 253 0
cb99aa 32 e5ccd5 16 0 cb9a90 32 0
068ccb 132 034666 194 1 fcb99a 194 0
40d19a 113 6068cd 185 1 9f9733 185 0
781a34 239 7c0d1a 248 1 83aef3 248 0
1f0347 254 f07e5c 255 0 ffffff 254 0
dc1f97 192 11f035 96 1 dc1f97 192 0
047c0e 88 023e07 172 0 023e07 172 0
008f82 235 bfb83f 246 1 4027d3 246 0
5011f1 190 d7f707 223 1 2808f9 223 0
2a023f 184 eafee0 220 0 eafee0 220 0
054048 55 42a024 156 0 42a024 156 0
ef57f7 231 b7abfb 116 1 ef57f7 231 0
edeafe 29 490a81 15 1 ededda 29 0
3242a1 68 192151 162 1 e6deaf 162 0
464855 233 63242b 245 0 631890 245 0
78c90b 254 c39b7a 255 1 800000 0 5
2f1922 64 178c91 160 1 e8736f 160 0
fa1cdb 232 02f193 116 0 fa1cdb 232 0
00bc65 93 bfa1cd 175 0 bfa1cd 175 0
30178d 44 e7f439 150 0 e7f439 150 0
4602f2 38 dcfe87 147 1 230179 147 0
d73fa1 165 ab9fd0 83 0 d73fa1 165 0
35180c 21 a573fa 139 1 5a8c06 139 0
36a302 163 a4ae7f 210 1 5b5181 210 0
a92b9f 53 6b6a31 27 1 a92b9f 53 0
3ada8d 199 a292b9 228 0 a292b9 228 0
e8a4ae 57 4bada9 29 1 e8a4ae 57 0
72eb6b 200 3975b6 228 1 c68a4a 228 0
f1a292 249 b8d149 125 0 f1a292 249 0
8e3452 32 c71a29 16 0 8e3519 32 0
0e3976 132 071cbb 194 0 071cbb 194 0
be38d1 113 9f1c68 57 0 be38d1 113 0
7838e6 15 7c1c73 136 0 7c1c73 136 0
1f071d 226 0f838f 241 0 0f81cd 241 0
63e0e4 253 8e0f8e 255 1 4ae8ab 255 0
c383e3 64 1e3e0f 32 0 c383e3 64 0
078f84 72 03c7c2 164 1 fc383e 164 0
ff0e0f 105 4078f9 53 1 ff0e0f 105 0
8fe1c1 206 c7f0e0 103 0 8fe1c1 206 0
d1fc38 154 e8fe1c 77 0 d1fc38 154 0
9a3f87 20 cd1fc3 10 1 9a0c3f 20 0
b347f0 131 665c08 66 0 b347f0 131 0
a668fe 209 6ccb81 105 1 a668fe 209 0
7b32e1 219 82668f 238 1 7d9960 238 0
a099a3 188 d04cd1 94 0 a099a3 188 0
b41334 24 da099a 12 1 b40593 24 0
f68266 3 bb4133 2 1 98e1cc 3 0
200000 0 c00000 0 1 100000 0 7
7a25f7 65 82ed04 161 0 82ed04 161 0
7f44bf 41 805da0 149 0 805da0 149 0
801768 166 c00bb4 83 0 801768 166 0
d002ed 21 a80176 11 1 cfd8ed 21 0
35ffa3 131 a5002e 194 1 5affd2 194 0
56bff5 49 94a005 153 0 94a005 153 0
852801 39 7d6c00 20 0 8527f1 39 0
e0a500 69 b05280 35 0 e0a500 69 0
33eb60 137 59f5b0 197 0 59f5b0 197 0
767d6c 114 3b3eb6 185 1 c4c14a 185 0
6ecfae 239 7767d7 248 0 771f3f 248 0
e2260a 254 f11305 127 0 e2260a 254 0
23bb3f 160 ee2260 208 0 ee2260 208 0
047768 180 023bb4 218 0 023bb4 218 0
bf7113 247 9fb889 124 0 bf7113 247 0
1811de 31 b3f711 144 0 b3f711 144 0
13023c 164 09811e 210 1 f67ee2 210 0
426048 245 9ecfdc 251 0 9bd95d 251 0
c7b3f7 63 a3d9fb 32 1 c7b3f7 63 0
e8f67e 8 0b84c1 4 1 f83e32 8 0
02e131 193 be8f67 225 1 417099 225 0
8fa3d9 185 87d1ec 93 0 8fa3d9 185 0
81f47b 152 3f05c3 76 0 81f47b 152 0
0fc171 211 b81f47 234 1 47e0b7 234 0
ae07d1 187 68fc18 94 0 ae07d1 187 0
5a3f06 216 d2e07d 236 0 d2e073 236 0
0b47e1 59 ba5c0f 158 1 45a3f1 158 0
ae9703 168 28b47f 84 0 ae9703 168 0
f5d2e0 85 bae970 43 0 f5d2e0 85 0
3145a4 11 a75d2e 134 1 58a2d2 134 0
5628b5 162 d4eba5 209 0 d4eba5 209 0
6ac517 53 8a9d74 155 0 8a9d74 155 0
3d58a3 167 5eac52 212 1 a153ae 212 0
e854eb 117 4bd58b 59 0 e854eb 117 0
32f563 207 a6854e 232 1 597ab2 232 0
e9a153 58 0b2f57 29 0 e9a153 58 0
62cbd6 200 3165eb 228 0 3165eb 228 0
f3a685 249 462cbe 125 1 f3a685 249 0
8e74d0 96 38c598 48 0 8e74d0 96 0
f1ce9a 76 0718b3 38 0 f1ce9a 76 0
be39d3 74 df1ce9 37 0 be39d3 74 0
6838c6 138 341c63 197 0 341c63 197 0
92f8e7 114 36838d 57 1 92f8e7 114 0
6da0e4 207 892f8e 232 1 76d072 232 0
1db41d 186 f125f1 221 0 f125f1 221 0
63b684 184 ce24be 220 1 31db42 220 0
0c76d1 55 b9c497 156 1 463b69 156 0
ee7125 167 b73892 84 1 ee7125 167 0
1231dc 21 4918ee 139 1 b6e712 139 0
32463c 227 59231e 242 1 a6db47 242 0
5648c8 253 94db9c 255 0 d4db9c 254 0
3ac919 192 e29b73 224 1 1d648d 224 0
075924 184 03ac92 220 1 fc536e 220 0
ff14db 119 407593 60 0 ff14db 119 0
efe29b 207 b7f14d 104 0 efe29b 207 0
edfc53 26 f6fe29 13 0 ee040b 26 0
9dbf8a 4 31203b 2 0 d40f32 3 0
4c480f 65 662408 161 0 662408 161 0
798902 233 833b7f 245 1 7cbc1a 245 0
80cedf 62 c0676f 31 1 80cedf 62 0
d019db 8 17f313 4 0 c1990c 8 0
fa033b 65 bd019d 33 0 fa033b 65 0
8f4067 9 785fcd 5 1 97ba6a 9 0
81e80c 194 c0f406 97 1 81e80c 194 0
903d01 153 881e80 77 0 903d01 153 0
8207a0 20 c103d0 10 0 8237e1 20 0
4fbf0c 131 98207a 194 1 67df86 194 0
a6081e 177 6cfbf1 89 1 a6081e 177 0
84c103 215 826081 108 0 84c103 215 0
1f67e0 27 b04c10 142 0 b04c10 142 0
ac1304 36 29f67e 18 1 ac133a 36 0
b58260 197 9ac130 99 0 b58260 197 0
c6b04c 25 5ca7da 13 1 c6ba82 25 0
88d609 68 3b94fc 34 0 88d609 68 0
4ee53f 201 6772a0 229 0 6772a0 229 0
79dca8 122 c311ac 189 0 c311ac 189 0
90c46b 48 379dcb 24 0 90c46a 48 0
0de773 198 06f3ba 227 1 f90c46 227 0
21bcef 249 50de78 253 0 42fa47 253 0
8bc862 128 3a1bcf 64 0 8bc862 128 0
f1790c 80 07437a 40 1 f1790c 80 0
fe2f21 202 00e870 101 0 fe2f21 202 0
9fc5e4 218 301d0e 109 1 9fc5e4 218 0
6c0744 92 3603a2 174 1 c9fc5e 174 0
b27f17 236 d93f8b 118 1 b27f17 236 0
49b01e 158 db27f1 207 0 db27f1 207 0
d6c9fc 180 149b02 90 1 d6c9fc 180 0
4526c1 87 9d6c9f 172 1 629361 172 0
e75b27 171 4c526d 86 1 e75b27 171 0
aceb64 86 298a4e 43 1 aceb64 86 0
2a6294 75 aaceb6 166 1 55314a 166 0
554c53 42 2aa62a 149 1 d559d6 149 0
6aa98b 102 3554c6 179 1 caab3a 179 0
d2aace 237 a95567 119 1 d2aace 237 0
ca5559 158 1ad554 79 0 ca5559 158 0
26b555 212 135aab 234 0 135aa8 234 0
44d6ab 251 9d94aa 254 1 4b062b 254 0
a7652a 64 2c4d6b 32 0 a7652a 64 0
f4eca5 72 fa7652 36 1 f4eca5 72 0
fe9d94 137 40b136 69 1 fe9d94 137 0
8fd3b2 82 c7e9d9 41 0 8fd3b2 82 0
6e058a 139 88fd3b 198 1 7702c5 198 0
a23f4e 50 d11fa7 25 1 a23f4e 50 0
9447e9 135 75dc0c 68 0 9447e9 135 0
e288fd 209 b1447e 105 1 e288fd 209 0
73aee1 155 79d771 206 1 86288f 206 0
5e75dd 116 d0c511 186 0 d0c511 186 0
b43144 47 9a18a2 24 1 b43143 47 0
e68628 6 f34314 3 0 827745 7 0
465e76 1 ae6862 129 1 51979e 129 0
7465e8 33 85cd0c 145 0 85cd0c 145 0
817343 165 7f465f 83 0 817343 165 0
c02e68 213 a01734 107 0 c02e68 213 0
c805cd 155 a402e6 78 1 c805cd 155 0
a900b9 148 2b7fa4 74 0 a900b9 148 0
4adfe9 211 656ff5 234 1 9a900a 234 0
a6a402 123 6cadff 62 0 a6a402 123 0
a4d480 80 d26a40 40 0 a4d480 80 0
f49a90 138 05b2b8 69 0 f49a90 138 0
616cae 82 30b657 169 0 30b657 169 0
6c2d96 107 7616cb 182 0 7616cb 182 0
a27a4d 110 2ec2da 55 1 a27a4d 110 0
d44f49 206 15d85c 103 0 d44f49 206 0
257617 218 12bb0c 237 0 12baf1 237 0
9b513d 252 325762 126 1 9b513d 252 0
4c95d9 224 d9b513 240 1 264a3a 240 0
0992bc 60 04c95e 158 1 fb36a2 158 0
413258 232 20992c 244 0 208d3f 244 0
f7d9b5 125 bbecda 63 1 f7d9b5 125 0
3104ca 16 188265 136 1 e77d9b 136 0
f9df66 98 fcefb3 49 1 f9df66 98 0
9f3bec 141 8f9df6 71 1 9f3bec 141 0
c3e77d 146 1e0c42 73 1 c3e77d 146 0
987cef 211 8c3e77 106 1 987cef 211 0
a30f9d 27 6e7832 14 1 a31429 27 0
5b9e0d 196 2dcf07 226 0 2dcf07 226 0
b48c3e 249 65b9e1 125 1 b48c3e 249 0
869187 96 3cb73d 48 1 869187 96 0
0f2dd0 76 0796e8 166 0 0796e8 166 0
be1a46 106 20f2dd 53 1 be1a46 106 0
97c348 78 cbe1a4 39 0 97c348 78 0
2d0797 10 1683cc 133 0 1683cc 133 0
65a0f3 226 cd2f86 241 1 32cf45 241 0
6cb41f 61 765a10 159 0 765a10 159 0
3d9684 104 1ecb42 180 1 e134be 180 0
07b2d1 109 bc2697 183 1 43d969 183 0
30f65b 46 187b2e 151 1 e784d2 151 0
261ecc 102 ecf09a 179 1 130f66 179 0
db3c26 173 ad9e13 87 1 db3c26 173 0
34987c 150 e5b3c2 203 1 1a4c3e 203 0
269310 179 acb678 218 0 acb678 218 0
54d262 55 9596cf 156 1 6a6931 156 0
e565b3 39 4d4d27 20 0 e5659d 39 0
ecacb6 197 49a9a5 99 1 ecacb6 197 0
326a6a 89 593535 173 1 a6cacb 173 0
89b2b2 108 3b26a7 54 0 89b2b2 108 0
4ec9aa 78 2764d5 167 1 d89b2b 167 0
29d936 234 eb1365 245 0 eaf8a0 245 0
653b27 62 329d94 159 0 329d94 159 0
2ca765 104 1653b3 180 0 1653b3 180 0
fa6b13 109 42ca77 55 0 fa6b13 109 0
30b29e 206 e7a6b1 231 0 e7a6b1 231 0
261654 58 130b2a 157 1 ecf4d6 157 0
64c2cb 104 326166 180 1 cd9e9a 180 0
f367a6 237 b9b3d3 119 1 f367a6 237 0
ce6cf4 30 18c986 15 1 ce6ec2 30 0
d9cd9e 196 131931 98 1 d9cd9e 196 0
bb39b3 217 626327 109 0 bb39b3 217 0
876736 92 3c4c65 46 1 876736 92 0
4f131a 76 27898d 166 1 d87673 166 0
b61d9c 106 db0ece 53 1 b61d9c 106 0
693c4d 142 cb61d9 199 0 cb61d9 199 0
2d278a 50 e96c3b 153 1 1693c5 153 0
65a4f2 39 8d2d87 148 1 72d279 148 0
e34b61 165 4e5a50 83 0 e34b61 165 0
339694 85 59cb4a 171 1 a634b6 171 0
3672d3 107 5b396a 182 1 a4c696 182 0
56ce5b 238 2b672e 247 1 d44439 247 0
2ad9cc 126 156ce6 191 1 ea931a 191 0
daa4c6 240 ed5263 120 1 daa4c6 240 0
04ab68 30 0255b4 143 0 0255b4 143 0
df6a93 228 efb549 114 0 df6a93 228 0
4412ae 29 620957 143 0 620957 143 0
c77daa 228 e3bed5 114 0 c77daa 228 0
b8efb5 157 9c77da 79 1 b8efb5 157 0
38e20a 20 1c7105 138 1 e38efb 138 0
471c42 99 9c71df 178 1 638e21 178 0
a71c77 45 938e3b 23 1 a71c75 45 0
3b1c72 134 e271c7 195 1 1d8e39 195 0
27638f 49 53b1c8 153 0 53b1c8 153 0
74ec72 103 8589c7 180 1 7a7639 180 0
e16271 45 4f4ec8 23 0 e1626e 45 0
33d3b2 198 e61627 227 1 19e9d9 227 0
d98589 57 acc2c4 29 0 d98589 57 0
8b30b1 136 c59858 68 0 8b30b1 136 0
f16616 17 474cf5 9 1 f21ec9 17 0
8e2cc2 67 871661 34 0 8e2cc2 67 0
5e3a68 137 90e2cc 197 0 90e2cc 197 0
7bc74d 178 c21c59 217 0 c21c59 217 0
908716 183 88438b 92 1 908716 183 0
e210e2 23 b10871 12 0 e22703 23 0
ec421c 3 b6210e 2 1 913195 3 0
200000 0 200000 0 0 100000 0 7
200000 0 200000 0 0 100000 0 7
80b621 129 805b10 65 0 80b621 129 0
8016c4 145 800b62 73 1 8016c4 145 0
8002d8 147 7ffe94 74 0 8002d8 147 0
5fffa5 211 6fffd3 234 0 6fffd2 234 0
a4000b 251 6dfffb 126 0 a4000b 251 0
5b7fff 224 2dc000 240 0 2dbf5b 240 0
f49000 252 05b800 126 0 f49000 252 0
416e00 224 df4900 240 0 df4841 240 0
f7d240 60 fbe920 30 0 f7d240 60 0
befa48 8 2082dc 4 0 b10276 8 0
0820b7 193 bbefa4 225 0 bbefa4 225 0
710417 185 78820c 221 0 78820c 221 0
81df7d 248 3f1042 124 1 81df7d 248 0
f03bef 95 47e209 48 1 f03bef 95 0
ee077d 76 f703be 38 1 ee077d 76 0
423f11 10 211f89 133 1 dee077 133 0
6847e3 226 cbdc0e 241 1 3422c3 241 0
92f703 61 897b81 31 0 92f703 61 0
c25ee0 8 e12f70 4 0 d071d7 8 0
f097b8 1 200000 0 1 f097b8 1 0
70f685 129 8784bd 193 0 8784bd 193 0
81e12f 49 80f097 25 1 81e12e 49 0
803c25 7 7fe1ee 4 1 903fe7 7 0
1ff87c 193 4ffc3e 225 1 b003c2 225 0
73ff10 121 79ff88 189 0 79ff88 189 0
7e7fe2 112 3f3ff1 184 1 c0c00f 184 0
0fcffd 110 07e7ff 183 0 07e7ff 183 0
21fa00 110 ef0300 183 0 ef0300 183 0
dbc0c0 46 121fa0 23 0 dbc0be 46 0
db7818 70 1243f4 35 0 db7818 70 0
db6f03 73 adb781 37 0 db6f03 73 0
8b6de0 138 3a4910 69 0 8b6de0 138 0
6e9244 210 374922 233 1 c8b6dd 233 0
6dd249 251 8916db 254 1 64a36e 254 0
a245b6 64 2edd25 32 1 a245b6 64 0
0bb74a 200 fa245b 228 1 05dba5 228 0
0176ea 57 40bb75 157 1 bf448b 157 0
8fd122 104 38176f 52 0 8fd122 104 0
f1fa24 77 b8fd12 39 1 f1fa24 77 0
ce3f44 10 e71fa2 5 1 c70647 10 0
99c7e8 130 331c0c 65 0 99c7e8 130 0
9338fd 209 766382 105 1 9338fd 209 0
82671f 91 7ecc71 46 1 82671f 91 0
a04ce3 76 2fd98f 38 0 a04ce3 76 0
4bf664 202 da04ce 229 1 25fb32 229 0
968133 58 cb4099 29 0 968133 58 0
92d026 8 c96813 4 1 8639a5 8 0
e4b408 1 c00000 0 1 e4b408 1 0
71b4c0 193 8725a0 225 0 8725a0 225 0
81c968 185 80e4b4 93 0 81c968 185 0
80392d 24 3fe36a 12 1 80452f 24 0
0ff8db 67 47fc6e 162 1 b80392 162 0
51ff1c 233 68ff8e 245 1 96f592 245 0
85c01c 126 3d1ff2 63 1 85c01c 126 0
d0b803 80 e85c01 40 0 d0b803 80 0
fa1700 10 fd0b80 5 0 80ffae 11 0
60bd20 2 305e90 129 0 305e90 129 0
6c17a4 225 760bd2 241 1 89f39a 241 0
827d0b 125 7ec17b 63 0 827d0b 125 0
c04fa1 208 e027d0 104 0 c04fa1 208 0
07f60c 154 03fb06 205 1 fc04fa 205 0
9f013e 244 cf809f 122 1 9f013e 244 0
4c1fd9 159 99f013 208 1 660fed 208 0
e67c04 52 f33e02 26 1 e67c04 52 0
bccf80 135 9e67c0 68 0 bccf80 135 0
e799f0 17 4c3308 9 0 e6e623 17 0
8cf33e 67 86799f 34 1 8cf33e 67 0
a19e67 9 6f30cd 5 1 aaab5a 9 0
8433cc 66 c219e6 33 1 8433cc 66 0
6f7987 137 77bcc4 197 0 77bcc4 197 0
7def31 242 3ef799 249 1 c00445 249 0
6fbde7 255 100000 0 0 100000 0 7
100000 0 100000 0 0 100000 0 7
fc4108 192 01df7c 96 0 fc4108 192 0
ff8821 88 003bf0 44 0 ff8821 88 0
fff104 203 bff882 102 1 fff104 203 0
5001e0 26 d7ff10 141 0 d7ff10 141 0
6a003c 36 caffe2 146 1 35001e 146 0
b2bff8 165 66a004 83 0 b2bff8 165 0
39a801 213 5cd401 235 1 a32bfc 235 0
373501 251 a4657f 254 1 428121 254 0
56e6a1 192 d48caf 224 1 2b7351 224 0
0adcd5 184 056e6b 220 0 056e6b 220 0
fea465 247 40adce 124 1 fea465 247 0
102b74 223 b7ea46 240 1 481542 240 0
12056f 188 0902b8 222 0 0902b8 222 0
bdbf52 248 212057 124 0 bdbf52 248 0
f7b7ea 223 44240b 112 0 f7b7ea 223 0
eef6fd 220 088482 110 1 eef6fd 220 0
bddedf 92 deef6f 46 1 bddedf 92 0
b7bbdb 140 dbdded 70 0 b7bbdb 140 0
b6f77b 18 db7bbd 9 0 b76539 18 0
96deef 3 749089 2 1 dc96aa 3 0
5d2423 193 916dee 225 1 6e9212 225 0
7ba485 57 822dbd 157 0 822dbd 157 0
7f7491 168 3fba49 212 1 c045b7 212 0
f0116d 117 47f74a 59 1 f0116d 117 0
ce022d 79 a70116 40 1 ce022d 79 0
e9c045 138 f4e022 69 1 e9c045 138 0
62c7f8 146 3163fc 201 0 3163fc 201 0
93a701 115 762c80 58 0 93a701 115 0
a274e0 207 913a70 104 0 a274e0 207 0
e44e9c 26 0dd8b2 13 1 e4562d 26 0
63762d 196 31bb17 226 0 31bb17 226 0
4c6ec6 121 99c89d 189 0 99c89d 189 0
867227 176 3cc6ed 88 1 867227 176 0
0f31bc 214 0798de 235 1 f8671a 235 0
de19c8 123 af0ce4 62 0 de19c8 123 0
abc339 16 d5e19c 8 0 ac991b 16 0
0a8799 130 0543cd 193 1 fabc33 193 0
6150f4 113 8f5786 185 1 70a87a 185 0
7c2a1f 175 81eaf0 216 0 81eaf0 216 0
e07abc 54 0fc2a2 27 1 e07abc 54 0
dc0f57 71 ae07ab 36 1 dc0f57 71 0
147e16 9 b5c0f5 133 0 b5c0f5 133 0
728fc3 162 3947e2 209 1 c6b81e 209 0
91ae07 117 7728fd 59 1 91ae07 117 0
c235c0 79 5ee520 40 0 c235c0 79 0
17b948 74 f4235c 165 0 f4235c 165 0
62f729 42 ce846b 149 1 317b95 149 0
93a11a 38 362f73 19 0 93a101 38 0
2d8bdd 197 56c5ef 227 0 56c5ef 227 0
35b17c 121 5ad8be 189 1 a52742 189 0
8949d0 112 3b5b18 56 0 8949d0 112 0
0ed6c6 206 076b63 231 0 076b63 231 0
de2527 122 ef1293 61 1 de2527 122 0
643b5c 144 321dae 200 1 cde252 200 0
f37894 242 f9bc4a 121 1 f37894 242 0
9e6f12 159 8f3789 80 0 9e6f12 159 0
e3cde2 148 f1e6f1 74 0 e3cde2 148 0
438644 19 61c322 138 1 9e3cde 138 0
5870c9 99 93c79b 178 1 6c3865 178 0
a4f1e6 173 9278f3 87 1 a4f1e6 173 0
c49e3c 150 1db0e2 75 1 c49e3c 150 0
276c39 211 53b61d 234 1 ac49e1 234 0
54ed88 251 6a76c4 254 0 551475 254 0
a5624f 128 2d4ed9 64 1 a5624f 128 0
f4ac49 80 fa5624 40 0 f4ac49 80 0
016a77 10 ff4ac4 133 0 ff4ac4 133 0
9fd2b1 162 cfe958 81 0 9fd2b1 162 0
6c05aa 21 89fd2b 139 1 7602d5 139 0
c27f4a 35 5ec05b 18 0 c27ef9 35 0
57b017 197 9427f4 227 0 9427f4 227 0
3af603 57 5d7b02 157 1 a284fe 157 0
88a13f 232 3baf61 116 1 88a13f 232 0
f11427 221 b88a13 111 1 f11427 221 0
ce2284 28 e71142 14 1 ce1ee8 28 0
463bb0 132 dce228 194 0 dce228 194 0
b7388a 177 9b9c45 89 0 b7388a 177 0
86e711 23 837388 12 0 86f77f 23 0
e0dce2 131 b06e71 66 0 e0dce2 131 0
ac1b9c 145 69f232 73 1 ac1b9c 145 0
858373 83 7d3e47 42 0 858373 83 0
a0b06e 75 6fa7c9 38 1 a0b06e 75 0
5be9f3 202 2df4fa 229 1 d20b06 229 0
9482c1 122 ca4160 61 0 9482c1 122 0
929058 144 36b7d4 72 0 929058 144 0
f2520b 82 06d6fb 41 0 f2520b 82 0
61b5bf 203 70dae0 230 0 70dae0 230 0
a3c948 250 2e1b5c 125 0 a3c948 250 0
947929 224 35c36c 112 0 947929 224 0
0d70db 92 f94792 174 1 06b86e 174 0
be51e4 44 df28f2 22 1 be51e1 44 0
4835c4 6 241ae2 131 1 dbe51e 131 0
d6f947 97 54835d 49 1 d6f947 97 0
8adf28 77 7a906c 39 0 8adf28 77 0
3ea41b 74 e0adf2 165 1 1f520e 165 0
982b7c 170 33ea42 85 1 982b7c 170 0
6cfa91 86 367d49 171 1 c982b7 171 0
2d9f53 235 a93056 246 1 56b55e 246 0
55b3eb 190 d5260a 223 1 2ad9f6 223 0
d54982 56 155b3f 28 0 d54982 56 0
0556d0 71 bd5498 164 0 bd5498 164 0
ef5526 41 b7aa93 21 1 ef551b 41 0
8deaa4 134 390aae 67 1 8deaa4 134 0
d1bd54 209 a8deaa 105 1 d1bd54 209 0
75c856 27 7ae42b 142 0 7ae42b 142 0
5eb90b 100 d0a37a 178 1 2f5c86 178 0
b428de 173 65eb91 87 1 b428de 173 0
397ae5 86 1cbd73 171 0 1cbd73 171 0
d8d0a3 107 ac6851 54 0 d8d0a3 107 0
ab1a14 142 d58d0a 71 1 ab1a14 142 0
2a9cbe 146 154e5f 201 0 154e5f 201 0
655398 115 8d5634 186 0 8d5634 186 0
5caa73 175 6e553a 216 1 91aac6 216 0
e46ab1 118 f23558 59 0 e46ab1 118 0
2372aa 15 ae46ab 136 1 51b955 136 0
eb91aa 34 f5c8d5 17 0 eb9225 34 0
9d7235 5 7146e6 3 1 c1207c 5 0
3c51ba 193 5e28dd 225 1 a1d723 225 0
8875c8 249 843ae4 125 0 8875c8 249 0
810eb9 160 c0875c 80 0 810eb9 160 0
0fde29 148 f810eb 202 1 07ef15 202 0
41fbc6 179 60fde3 218 0 60fde3 218 0
583f79 247 6c1fbd 252 1 8ea23f 252 0
e4f810 255 4d83f8 128 0 e4f810 255 0
ec9f02 96 f64f81 48 0 ec9f02 96 0
fd93e0 140 013610 70 0 fd93e0 140 0
bfb27c 82 dfd93e 41 1 bfb27c 82 0
97f64f 11 7404d9 6 1 9c5628 11 0
5d0137 66 d17f64 161 0 d17f64 161 0
6ba027 41 8a2fec 149 0 8a2fec 149 0
7d7405 38 c145fd 147 0 c145fd 147 0
2fae81 37 57d741 147 1 a828bf 147 0
35f5d1 101 5afae9 179 1 a50517 179 0
c94145 109 a4a0a2 55 1 c94145 109 0
36d7d8 142 1b6bec 199 0 1b6bec 199 0
26dafb 114 136d7e 185 1 ec9282 185 0
9b24a0 111 726db0 56 0 9b24a0 111 0
e36494 78 0e4db6 39 1 e36494 78 0
23936e 74 ee3649 165 0 ee3649 165 0
9b8d92 170 cdc6c9 85 0 9b8d92 170 0
6c8e4e 22 364727 139 0 364727 139 0
d26e36 99 56c8e5 50 1 d26e36 99 0
aa4dc6 205 9526e3 103 1 aa4dc6 205 0
3ab648 26 1d5b24 141 0 1d5b24 141 0
6756c9 228 33ab65 242 1 cc5238 242 0
4ceada 125 66756d 191 1 998a93 191 0
399d5c 112 1cceae 184 1 e33152 184 0
f8cc54 238 0399d6 119 1 f8cc54 238 0
20e676 222 ef8cc5 239 0 ef8c55 239 0
dbe331 188 edf198 94 0 dbe331 188 0
bb7c66 24 ddbe33 12 1 bb6e8a 24 0
f76f8c 3 44483a 2 1 aaa5b8 4 0
aeedf1 193 9776f8 97 0 aeedf1 193 0
7a2242 25 82eedf 141 1 7d1121 141 0
80bbb7 36 c05ddb 18 1 80bb87 36 0
4fe88a 5 980bbb 131 1 67f445 131 0
39fd12 33 5cfe89 145 1 a30177 145 0
88c05d 101 84602e 51 1 88c05d 101 0
3ee7f5 13 a08c05 135 0 a08c05 135 0
c82301 34 1bee80 17 0 c8228f 34 0
990460 197 8c8230 99 0 990460 197 0
3cdf74 153 5e6fba 205 1 a19046 205 0
779bef 244 3bcdf8 250 0 39ac68 250 0
b10c82 127 988641 64 0 b10c82 127 0
19de70 16 f310c8 136 0 f310c8 136 0
033bce 162 fe6219 209 0 fe6219 209 0
9f9886 53 8fcc43 27 1 9f9886 53 0
c3f310 135 5e0678 68 0 c3f310 135 0
17819e 81 b43f31 169 0 b43f31 169 0
72f034 171 79781a 214 1 8687e6 214 0
5e5e07 246 d0d0fc 251 0 cbc3ec 251 0
d4343f 63 55e5e1 32 1 d4343f 63 0
157979 72 0abcbd 164 1 f54343 164 0
fd50d0 105 415798 53 0 fd50d0 105 0
7055e6 78 382af3 167 0 382af3 167 0
2e0abd 106 17055f 181 0 17055f 181 0
9a3ea8 110 32e0ac 55 0 9a3ea8 110 0
2cb82b 206 e9a3ea 231 1 165c16 231 0
259706 186 12cb83 221 0 12cb83 221 0
64b2e1 120 cda68f 188 1 325971 188 0
0c965d 47 464b2f 152 0 464b2f 152 0
1192cc 230 f7369a 243 1 08c1f3 243 0
ddcda6 189 aee6d3 95 1 ddcda6 189 0
cbb9b4 152 e5dcda 76 1 cbb9b4 152 0
0688ca 147 434465 202 1 bcbb9b 202 0
50d11a 243 979773 250 1 670a2f 250 0
a5e5dc 191 6d0d12 96 1 a5e5dc 191 0
1b4345 216 0da1a3 236 0 0da195 236 0
fc9797 123 be4bcb 62 1 fc9797 123 0
506d0e 16 283687 136 0 283687 136 0
f5f25e 226 0506d1 113 1 f5f25e 226 0
9ebe4b 93 8f5f25 47 0 9ebe4b 93 0
3c2837 140 1e141c 198 0 1e141c 198 0
478507 114 23c284 185 0 23c284 185 0
68f0a1 111 747851 184 1 8b87af 184 0
e2e1eb 110 f170f5 55 0 e2e1eb 110 0
23a3c3 14 11d1e2 135 1 ee2e1e 135 0
db8b87 226 edc5c3 113 1 db8b87 226 0
9b7170 157 724748 79 0 9b7170 157 0
3c91d2 84 1e48e9 170 1 e1b717 170 0
b86dc5 235 63c91e 118 1 b86dc5 235 0
58f248 94 2c7924 175 0 2c7924 175 0
2b1e49 236 158f25 246 1 ea3ba3 246 0
ba9c36 126 dd4e1b 63 1 ba9c36 126 0
28ac7a 16 eba9c3 136 1 14563d 136 0
faea70 162 028ac8 81 0 faea70 162 0
60a2b2 213 8faea7 235 1 705157 235 0
3c1457 187 5e0a2c 222 0 5e0a2c 222 0
a87d75 248 d43eba 124 1 a87d75 248 0
0af052 159 ba87d7 208 1 457829 208 0
eea1f5 52 08af06 26 1 eea1f5 52 0
422bc2 199 6115e1 228 1 9eea1f 228 0
e7ba87 121 b3dd43 61 1 e7ba87 121 0
7308b0 16 c67ba8 136 0 c67ba8 136 0
f19eea 34 f8cf75 17 0 f19f66 34 0
61cc23 5 8f19ee 131 1 70e612 131 0
3c3985 161 a1e33d 209 0 a1e33d 209 0
8878cf 53 843c67 27 1 8878cf 53 0
c10f19 135 5f7874 68 0 c10f19 135 0
e821e3 81 4bef0f 41 0 e821e3 81 0
8d043c 203 797de2 102 1 8d043c 203 0
a1a087 218 2f2fbd 109 1 a1a087 218 0
6bcbf0 220 ca1a08 238 0 ca19e3 238 0
b28682 188 d94341 94 0 b28682 188 0
49af30 152 24d798 204 0 24d798 204 0
f6ca1a 243 bb650d 122 0 f6ca1a 243 0
5126bd 159 976ca1 208 0 976ca1 208 0
e5db28 180 0d126c 90 0 e5db28 180 0
43449b 215 9e5db2 236 1 61a248 236 0
186894 187 4c344a 222 1 b3cbb6 222 0
acf2ed 248 d67976 124 1 acf2ed 248 0
f59e5d 31 4530d2 16 1 f59fd3 31 0
eeb3cb 196 f759e5 98 0 eeb3cb 196 0
422987 153 6114c4 205 0 6114c4 205 0
784531 116 3c2299 186 1 c3dd67 186 0
4f08a7 111 678454 184 0 678454 184 0
19e115 238 f30f75 247 0 f29c66 247 0
dcc3dd 190 119e12 95 1 dcc3dd 190 0
246785 216 1233c3 236 0 1233b5 236 0
048cf1 123 bdb987 190 1 424679 190 0
50919f 176 d7b730 216 0 d7b730 216 0
f5edcc 54 faf6e6 27 1 f5edcc 54 0
214247 7 af5edc 132 0 af5edc 132 0
142849 161 4a1425 209 1 b5ebdb 209 0
72850a 117 86bd7b 187 1 794285 187 0
3e50a2 175 a0d7af 216 1 5f2851 216 0
17ca15 182 0be50b 219 0 0be50b 219 0
22f943 119 ae835e 188 1 517ca2 188 0
145f29 175 b5d06b 216 1 4a2f95 216 0
ed741a 182 0945f3 91 0 ed741a 182 0
22517d 215 aed741 236 0 aed73a 236 0
144a30 59 4a2518 158 0 4a2518 158 0
528946 104 2944a3 180 0 2944a3 180 0
0a5129 237 bad76b 247 1 44eb29 247 0
314a26 62 e75aed 159 0 e75aed 159 0
d9d6bb 40 eceb5d 20 0 d9d6ca 40 0
04c529 133 426295 195 1 bd9d6b 195 0
3098a6 241 a7b3ad 249 0 a6e446 249 0
761315 191 7b098b 224 0 7b098b 224 0
1ec263 248 0f6132 252 1 e28af4 252 0
03d84d 127 be13d9 192 0 be13d9 192 0
ef84f6 176 083d85 88 1 ef84f6 176 0
020f62 86 0107b1 171 1 fef84f 171 0
2041ed 235 5020f7 246 0 5004ff 246 0
54083e 126 2a041f 191 0 2a041f 191 0
2a8108 112 eabf7c 184 0 eabf7c 184 0
faafdf 46 02a811 23 1 faafe1 46 0
20aa05 70 105503 163 0 105503 163 0
241541 105 adf55f 181 1 520aa1 181 0
7482a9 46 c5beab 151 1 3a4155 151 0
2e9056 166 e8b7d5 211 0 e8b7d5 211 0
25d20b 53 52e906 155 1 ad16fa 155 0
cb45be 231 a5a2df 116 1 cb45be 231 0
169749 157 4b4ba5 207 1 b4b45b 207 0
32d2ea 116 e6968b 186 1 196975 186 0
465a5e 47 632d2f 152 0 632d2f 152 0
e734b4 230 f39a5a 115 1 e734b4 230 0
dce696 157 518cb5 79 1 dce696 157 0
cb9cd2 212 1a3197 106 0 cb9cd2 212 0
b9739a 219 9cb9cd 110 0 b9739a 219 0
58d18d 156 2c68c7 206 0 2c68c7 206 0
b4e5ce 116 da72e7 58 1 b4e5ce 116 0
b69cb9 15 64b1a4 8 0 b5661c 15 0
192c69 194 f369cb 225 1 0c9635 225 0
63258e 185 8e6d39 221 0 8e6d39 221 0
839b4e 56 3e3259 28 1 839b4e 56 0
0f8c97 199 b839b4 228 0 b839b4 228 0
11f193 185 48f8ca 221 1 b70736 221 0
8dc1cd 120 391f1a 60 1 8dc1cd 120 0
f1b839 207 b8dc1c 104 0 f1b839 207 0
11c8f9 154 f71b83 205 1 08e47d 205 0
623920 180 311c90 218 0 311c90 218 0
b3b8dc 119 99dc6e 60 1 b3b8dc 119 0
1988e5 143 b33b8d 200 0 b33b8d 200 0
13311d 50 09988f 153 0 09988f 153 0
9d99dc 231 713312 116 1 9d99dc 231 0
e3b33b 93 b1d99d 47 0 e3b33b 93 0
cc7667 140 19c4cd 70 1 cc7667 140 0
b98ecc 210 dcc766 105 1 b98ecc 210 0
9731d9 27 746714 14 0 972d7c 27 0
5d19c5 196 d1731d 226 0 d1731d 226 0
b45cc7 57 9a2e63 29 1 b45cc7 57 0
868b98 136 3cba34 68 0 868b98 136 0
f0d173 81 b868b9 41 0 f0d173 81 0
8e1a2e 139 870d17 70 1 8e1a2e 139 0
a1c345 146 d0e1a2 73 1 a1c345 146 0
943868 19 8a1c34 10 0 947d76 19 0
a2870d 131 6ebc7a 66 1 a2870d 131 0
a450e1 81 6dd790 41 0 a450e1 81 0
7b75e4 203 7dbaf2 230 1 82450e 230 0
5f6ebd 250 2fb75f 253 0 1ba537 253 0
941228 128 35f6ec 64 0 941228 128 0
f28245 80 f94122 40 1 f28245 80 0
fe5048 10 00d7dc 5 0 f65707 10 0
6035f7 194 301afc 225 0 301afc 225 0
93f941 121 760360 61 0 93f941 121 0
7d80d8 208 3ec06c 232 0 3ec06b 232 0
0fb01b 122 07d80e 189 1 f827f2 189 0
9e09fc 240 30fb02 120 1 9e09fc 240 0
0c3ec1 94 061f61 175 1 f9e09f 175 0
de7827 108 ef3c13 54 1 de7827 108 0
bbcf04 14 22187e 7 1 bd8ad3 14 0
288620 194 144310 225 0 144310 225 0
6510c4 121 728862 189 1 8d779e 189 0
7ca219 112 c1aef3 184 1 3e510d 184 0
f06bbc 46 f835de 23 1 f06bba 46 0
21f289 134 ef06bb 195 1 10f945 195 0
243e52 177 521f29 217 1 ade0d7 217 0
7487cb 119 85bc1a 188 1 7a43e6 188 0
e16f06 175 4f487d 88 1 e16f06 175 0
ec2de0 86 f616f0 43 0 ec2de0 86 0
dd85bc 139 513d22 70 1 dd85bc 139 0
abb0b7 82 2a27a5 41 1 abb0b7 82 0
957616 203 7544f5 102 1 957616 203 0
a2aec2 90 2ea89f 45 0 a2aec2 90 0
9455d8 204 35d514 102 0 9455d8 204 0
b28abb 218 26baa3 109 0 b28abb 218 0
69aea9 220 cb28ab 238 1 34d72f 238 0
b2ca2a 188 269aeb 94 0 b2ca2a 188 0
b65945 216 24d35e 108 1 b65945 216 0
0934d8 91 bb6594 174 0 bb6594 174 0
aed965 172 28934e 86 1 aed965 172 0
b5db2c 86 25126a 43 1 b5db2c 86 0
29449b 203 ab5db2 230 1 54a24e 230 0
aad76c 58 2a944a 29 1 aad76c 58 0
6aa513 200 35528a 228 1 caad76 228 0
f2ab5d 249 46aa52 125 1 f2ab5d 249 0
8e556b 96 38d54b 48 0 8e556b 96 0
0e3553 76 071aaa 166 1 f8e556 166 0
be3955 106 df1caa 53 1 be3955 106 0
6838d6 14 341c6b 135 0 341c6b 135 0
2d071b 98 16838e 177 1 e97c72 177 0
65a0e4 109 8d2f8e 183 1 72d072 183 0
3cb41d 174 e1a5f1 215 0 e1a5f1 215 0
279684 182 ec34be 219 1 13cb42 219 0
24f2d1 183 ad8697 220 1 527969 220 0
eb61a5 55 b5b0d2 28 1 eb61a5 55 0
1293cc 7 b6b61a 132 1 4949e6 132 0
12527a 161 b6d6c3 209 1 49293d 209 0
8db5b0 181 86dad8 91 0 8db5b0 181 0
c1b6b6 151 a0db5b 76 1 c1b6b6 151 0
e836d6 19 b41b6b 10 1 e7dcc8 19 0
52f926 3 96836d 130 0 96836d 130 0
a5a0db 161 92d06d 81 0 a5a0db 161 0
84b41b 21 825a0d 11 0 84d4b2 21 0
c09683 3 5fb4bf 2 0 e0e1c5 2 0
57ed30 65 6bf698 161 0 6bf698 161 0
7afda6 233 82812d 245 0 8278dd 245 0
7f5fb5 62 3fafdb 159 0 3fafdb 159 0
2febf7 104 e80a04 180 0 e80a04 180 0
05fd7f 173 bd0140 215 0 bd0140 215 0
cf4050 182 e7a028 91 0 cf4050 182 0
d9e80a 23 530bfb 12 0 d9d26b 23 0
14c2ff 67 b59e80 162 0 b59e80 162 0
ad67a0 41 96b3d0 21 0 ad67a9 41 0
85acf4 6 c2d67a 3 1 daa44a 5 0
d0b59e 129 57a531 65 1 d0b59e 129 0
75e94d 81 7af4a7 169 0 7af4a7 169 0
7ebd2a 235 80a16b 246 1 7f4e6d 246 0
5fd7a6 62 2febd3 159 0 2febd3 159 0
d4050b 104 ea0285 52 0 d4050b 104 0
057f5f 141 bd4050 199 0 bd4050 199 0
30afec 50 1857f6 153 1 e7a80a 153 0
99ea02 231 730aff 116 0 99ea02 231 0
1cc2c0 221 b19ea0 239 0 b19e67 239 0
cc67a8 60 19cc2c 30 0 cc67a8 60 0
46730b 200 233986 228 1 dcc67a 228 0
08ce62 249 446731 253 1 ac25b5 253 0
7119cd 128 388ce7 192 0 388ce7 192 0
f1dcc6 240 07119d 120 1 f1dcc6 240 0
01c468 94 ff1dcc 175 0 ff1dcc 175 0
20388d 44 101c47 150 0 101c47 150 0
440712 230 220389 243 1 ddf697 243 0
2880e3 253 abbf8e 255 1 1e60ab 255 0
35101d 192 1a880f 224 0 1a880f 224 0
f95dfc 120 fcaefe 60 1 f95dfc 120 0
00d441 143 406a21 200 1 bf95df 200 0
efe577 114 080d45 57 1 efe577 114 0
620352 207 7101a9 232 1 8efe57 232 0
1c406b 122 0e2036 189 1 f1dfca 189 0
63880e 240 ce3bf9 248 0 cd9f81 248 0
f38efe 62 063881 31 1 f38efe 62 0
218e21 200 10c711 228 1 ef38ef 228 0
fbce3b 121 4218e3 61 0 fbce3b 121 0
708639 80 c7bce3 168 1 38431d 168 0
f1ef38 42 f8f79c 21 0 f1ef40 42 0
9e3de7 6 30e10d 3 1 b821c5 6 0
d3c7bc 65 a9e3de 33 1 d3c7bc 65 0
758709 137 853c7b 197 1 7ac385 197 0
814f1e 178 3f5871 89 1 814f1e 178 0
9029e3 215 8814f1 108 0 9029e3 215 0
e2053c 155 4efd62 78 1 e2053c 155 0
53bf59 84 d62053 170 1 29dfad 170 0
b58814 43 653bf6 22 1 b58819 43 0
a6b102 198 2ca77f 99 0 a6b102 198 0
d4d620 89 aa6b10 45 0 d4d620 89 0
8a9ac4 12 c54d62 6 1 87858e 12 0
b15358 2 4eaca8 1 0 b15358 1 0
962a6b 193 74eacb 97 0 962a6b 193 0
7d3ab3 217 8162a6 237 1 7e9d52 237 0
7fa757 188 3fd3ac 222 0 3fd3ac 222 0
b00b15 120 d8058a 60 1 b00b15 120 0
f60162 15 44ff4f 8 0 f48b61 15 0
eec02c 194 089fea 97 1 eec02c 194 0
6227fb 89 8eec02 173 1 7113fe 173 0
7c4500 172 3e2280 214 0 3e2280 214 0
b07760 118 27c450 59 0 b07760 118 0
d60eec 207 54f88a 104 1 d60eec 207 0
eac1dd 90 0a9f12 45 1 eac1dd 90 0
62a7c5 76 ceac1d 166 0 ceac1d 166 0
b3ab07 170 262a7d 85 1 b3ab07 170 0
967560 214 34c550 107 0 967560 214 0
d2ceac 91 a96756 46 1 d2ceac 91 0
55a62b 140 d52cea 198 1 2ad316 198 0
4ab4c6 50 daa59d 153 0 daa59d 153 0
695699 167 74ab4d 212 1 8b54b3 212 0
e2d52c 245 b16a96 123 1 e2d52c 245 0
cc5aa5 31 59d2ae 16 1 cc5bf1 31 0
1674ac 68 f4c5aa 162 1 0b3a56 162 0
42ce96 41 9e98b5 149 0 9e98b5 149 0
87a62d 166 3c2cea 83 1 87a62d 166 0
d0f4c5 85 a87a62 43 1 d0f4c5 85 0
ca1e98 139 5af0b4 70 0 ca1e98 139 0
56bc2d 82 d4a1e9 169 0 d4a1e9 169 0
95287a 171 8a943d 86 0 95287a 171 0
5d5af1 22 2ead79 139 1 d15287 139 0
d454a1 99 55d5b0 50 0 d454a1 99 0
55756c 205 95454a 231 1 6abab6 231 0
3aaeae 186 e2a8a9 221 0 e2a8a9 221 0
6755d6 56 cc5515 156 0 cc5515 156 0
f31545 39 b98aa2 20 1 f3152e 39 0
ee62a8 133 b73154 67 0 ee62a8 133 0
3233ab 145 5919d6 201 1 a6e62a 201 0
89b98a 115 7b233b 58 0 89b98a 115 0
5ec8cf 207 909b98 232 0 909b98 232 0
1bd91a 186 0dec8d 221 1 f21373 221 0
637b24 248 ce426e 252 1 27f544 252 0
0c6f65 63 4637b3 160 0 4637b3 160 0
118ded 232 f73909 244 0 f72a22 244 0
fdce42 189 bee721 95 0 fdce42 189 0
cfb9c8 152 e7dce4 76 0 cfb9c8 152 0
0608c7 19 430464 138 0 430464 138 0
50c119 99 68608d 178 1 979f73 178 0
a5e7dc 109 92f3ee 55 1 a5e7dc 109 0
c4bcfb 14 1da183 7 0 c2f83e 14 0
d8979f 194 ec4bcf 97 1 d8979f 194 0
64ed0d 153 727687 205 0 727687 205 0
83625e 244 c1b12f 122 1 83625e 244 0
b06c4b 159 983625 80 0 b06c4b 159 0
19f277 148 f306c4 202 0 f306c4 202 0
433e4f 51 619f28 154 0 619f28 154 0
5867ca 231 93cc1b 244 1 6c2ea8 244 0
1b0cfa 61 b27983 159 1 4d867d 159 0
cc9e60 40 19b0d0 20 0 cc9e52 40 0
f993cc 197 bcc9e6 99 1 f993cc 197 0
cf3279 153 5866c4 77 0 cf3279 153 0
89e64f 212 3b0cd9 106 1 89e64f 212 0
4ec337 91 67619c 174 0 67619c 174 0
59d867 108 2cec34 182 0 2cec34 182 0
4b3b0d 238 259d87 247 0 254325 247 0
d6989e 126 eb4c4f 63 1 d6989e 126 0
dad313 144 ed6989 72 0 dad313 144 0
fb5a62 146 fdad31 73 0 fb5a62 146 0
6094b4 19 8fb5a6 138 1 704a5a 138 0
a3ed69 163 6e094c 82 0 a3ed69 163 0
5b8253 85 6dc12a 171 1 923ed6 171 0
3b704b 235 a247da 246 1 5d9f94 246 0
576e0a 190 d448fb 223 1 2bb705 223 0
d5123e 184 ea891f 92 1 d5123e 184 0
055db9 23 42aedd 140 1 bd5123 140 0
10abb8 227 4855dc 242 0 4853fd 242 0
521577 125 690abc 191 0 690abc 191 0
3a42af 112 e2dea8 184 0 e2dea8 184 0
074856 46 fc5bd5 151 0 fc5bd5 151 0
20e90b 38 107486 147 1 ef8b7a 147 0
dbe2de 229 520e91 115 1 dbe2de 229 0
cb7c5b 221 a5be2d 111 0 cb7c5b 221 0
c96f8b 156 1b483b 78 0 c96f8b 156 0
b92df1 84 dc96f8 42 0 b92df1 84 0
48da42 139 9b92df 198 1 646d21 198 0
a6e4b7 178 d3725b 89 1 a6e4b7 178 0
6b236a 23 8a6e4b 140 1 7591b5 140 0
e29b92 35 b14dc9 18 0 e29beb 35 0
ac5372 133 69d647 67 0 ac5372 133 0
c58a6e 209 a2c537 105 1 c58a6e 209 0
88b14d 27 7ba75a 14 1 88b570 27 0
5ee9d7 196 2f74ec 226 0 2f74ec 226 0
b422c5 249 9a1162 125 1 b422c5 249 0
797ba8 32 3cbdd4 144 0 3cbdd4 144 0
f0d08b 228 f86845 114 0 f0d08b 228 0
41e5ef 29 9f0d08 143 0 9f0d08 143 0
383cbe 164 e3e1a1 210 0 e3e1a1 210 0
b8f868 53 6383cc 27 0 b8f868 53 0
c71f0d 199 a38f86 100 1 c71f0d 199 0
e8e3e1 25 4b8e10 13 0 e8d89a 25 0
8d1c7c 68 3971c2 34 1 8d1c7c 68 0
b1a38f 73 672e39 37 1 b1a38f 73 0
863471 202 3ce5c8 101 0 863471 202 0
6f3972 90 379cb9 173 1 c86347 173 0
9218d1 108 36f398 54 0 9218d1 108 0
4dbce6 78 26de73 167 0 26de73 167 0
d64863 234 14dbcf 117 0 d64863 234 0
6536f4 94 329b7a 175 1 cd6486 175 0
2ca6df 236 165370 246 0 161e9a 246 0
ba6b24 254 22ca6e 127 1 ba6b24 254 0
28b29c 96 14594e 176 1 eba6b2 176 0
fae9ac 108 028b2a 54 1 fae9ac 108 0
40a2cb 78 dfae9a 167 1 205166 167 0
d7eba6 42 ebf5d3 21 1 d7eb9f 42 0
9afd74 6 cd7eba 3 1 814d9d 6 0
a6bf5c 1 c00000 0 1 a6bf5c 1 0
75940b 193 8535fa 225 1 7aca06 225 0
814d7e 185 80a6bf 93 1 814d7e 185 0
7fd651 24 3feb29 140 1 c014d7 140 0
0ffacb 99 47fd66 178 1 b8029a 178 0
ae00a6 237 970053 119 1 ae00a6 237 0
c5c014 30 e2e00a 15 1 c5be4e 30 0
2747fe 132 ec5c01 194 0 ec5c01 194 0
bb1700 177 627480 89 0 bb1700 177 0
789d20 87 7c4e90 172 0 7c4e90 172 0
1f13a4 107 4f89d2 182 1 b0762e 182 0
ac1d8b 238 29f13b 119 0 ac1d8b 238 0
d583b1 222 153e28 111 0 d583b1 222 0
254f8a 220 ed583b 238 1 12a78e 238 0
44a9f2 60 2254f9 158 1 ddab07 158 0
b76ac1 232 244aa0 116 0 b76ac1 232 0
0912a8 93 448954 175 0 448954 175 0
312255 108 e76ed5 182 0 e76ed5 182 0
46244b 174 231226 215 1 dcedda 215 0
d73b76 118 eb9dbb 59 1 d73b76 118 0
dae76e 15 528c49 8 1 dc4255 15 0
eb5ced 66 f5ae76 33 1 eb5ced 66 0
629463 137 714a32 197 1 8eb5ce 197 0
83ad73 242 c1d6b9 121 0 83ad73 242 0
9075ae 159 883ad7 80 1 9075ae 159 0
e20eb5 148 f1075a 74 1 e20eb5 148 0
43be2a 19 9e20eb 138 1 61df15 138 0
a7883a 163 6c3be3 82 0 a7883a 163 0
5b0ef9 85 927883 171 1 6d877d 171 0
c49e20 43 5db0f0 22 0 c49e1b 43 0
a893c4 70 d449e2 35 1 a893c4 70 0
d51278 137 5576c4 69 0 d51278 137 0
8aa24f 82 c55127 41 1 8aa24f 82 0
6eabb7 11 88aa24 134 0 88aa24 134 0
5dd577 34 2eeabc 145 0 2eeabc 145 0
944551 101 75dd58 51 0 944551 101 0
c288aa 205 5ebbab 103 0 c288aa 205 0
c85115 90 1bd776 45 1 c85115 90 0
66f5de 76 337aef 166 0 337aef 166 0
b32144 106 d990a2 53 1 b32144 106 0
966428 142 34cdec 71 0 966428 142 0
d2cc85 210 1699be 105 1 d2cc85 210 0
9a5990 91 8d2cc8 46 0 9a5990 91 0
5cb4ce 140 d1a599 198 0 d1a599 198 0
b46966 178 da34b3 89 1 b46966 178 0
968d2c 23 8b4696 12 1 967bc3 23 0
e2d1a5 131 4e972e 66 1 e2d1a5 131 0
ac5a34 209 962d1a 105 1 ac5a34 209 0
858b46 27 82c5a3 14 1 858730 27 0
5f4e98 132 d058b4 194 0 d058b4 194 0
b4162d 177 65f4ea 89 1 b4162d 177 0
797d3b 87 7cbe9e 172 1 834162 172 0
1f2fa8 107 4f97d4 182 0 4f97d4 182 0
53e5f5 238 29f2fb 247 0 299cee 247 0
d58341 126 153e60 63 0 d58341 126 0
254f98 208 12a7cc 232 0 12a7cb 232 0
04a9f3 250 fdab06 253 1 71751c 254 0
60953f 192 cfb560 224 0 cfb560 224 0
0c12a8 56 060954 156 0 060954 156 0
018255 103 bf3ed5 180 0 bf3ed5 180 0
10304b 45 481826 151 1 b7e7da 151 0
cdf9f6 230 e6fcfb 115 1 cdf9f6 230 0
2640c2 157 532061 207 1 acdf9f 207 0
cb37e7 116 1a640d 58 1 cb37e7 116 0
469904 79 634c82 168 1 9cb37e 168 0
18d321 234 f3966f 245 1 0c4cab 245 0
631a65 190 318d33 223 0 318d33 223 0
d39cb3 248 1631a7 124 0 d39cb3 248 0
058c6a 95 bd39cb 176 1 42c635 176 0
ef4e72 172 0858c7 86 0 ef4e72 172 0
421632 86 def4e7 171 1 210b19 171 0
d7bd39 43 542164 22 0 d7bd34 43 0
aaf7a7 70 d57bd3 35 1 aaf7a7 70 0
2aa10c 137 aaaf7a 197 1 555086 197 0
8aabde 178 3aaa11 89 1 8aabde 178 0
91557b 215 775543 108 0 91557b 215 0
e22aaf 91 4eeaa9 46 1 e22aaf 91 0
ac4555 204 d622aa 102 1 ac4555 204 0
4a7756 154 253bab 205 0 253bab 205 0
96b115 244 34a776 122 1 96b115 244 0
b2d622 223 6694ef 112 0 b2d622 223 0
e65ac4 92 f32d62 46 1 e65ac4 92 0
4334a8 140 de65ac 198 0 de65ac 198 0
b7996b 50 24334b 25 0 b7996b 50 0
690cd3 71 74866a 164 1 8b7996 164 0
1d219b 233 4e90ce 245 1 b16104 245 0
8c5bcc 254 39d21a 127 1 8c5bcc 254 0
2e7487 224 173a44 240 0 173972 240 0
fa316f 252 fd18b7 126 1 fa316f 252 0
bf462d 32 dfa316 16 1 bf454d 32 0
f7e8c5 4 fbf462 2 1 b8ebac 4 0
4102e8 129 9f7e8c 193 0 9f7e8c 193 0
87dfa3 177 7c102f 89 0 87dfa3 177 0
80fbf4 87 7f8206 44 1 80fbf4 87 0
1fe082 75 b00fbf 166 1 4ff041 166 0
ac03ef 170 d601f7 85 1 ac03ef 170 0
6a7f83 150 cac03e 203 1 353fc2 203 0
2d4ff1 179 56a7f9 218 1 a95807 218 0
55a9ff 247 952b00 252 0 8fd850 252 0
1ab540 191 4d5aa0 224 0 4d5aa0 224 0
eca958 120 f654ac 60 0 eca958 120 0
026ad5 143 41356b 200 0 41356b 200 0
efb2a5 114 0826ae 57 1 efb2a5 114 0
9df654 207 8efb2a 104 1 9df654 207 0
1c4136 154 0e209b 205 0 0e209b 205 0
638827 244 ce3bec 250 0 cbca0d 250 0
4c7105 63 663883 160 0 663883 160 0
198e21 104 0cc711 180 1 f338ef 180 0
0331c5 109 be671d 183 0 be671d 183 0
306639 46 e7cce3 151 1 18331d 151 0
d9f338 38 ecf99c 19 0 d9f356 38 0
db3e67 133 5260cd 67 1 db3e67 133 0
349834 81 a5b3e6 169 1 5a4c1a 169 0
769307 43 84b67c 150 0 84b67c 150 0
5ed261 38 d096cf 147 1 2f6931 147 0
d425b3 37 55ed27 19 0 d42588 37 0
357b4a 69 5abda5 163 1 a5425b 163 0
c95096 105 5b57b5 53 1 c95096 105 0
892a12 206 3b6af7 103 0 892a12 206 0
d12542 218 176d5f 109 0 d12542 218 0
9a24a8 92 cd1254 46 0 9a24a8 92 0
b34495 12 d9a24a 6 1 afde0c 12 0
b66892 2 49976e 1 0 b66892 1 0
6932ee 193 749977 225 0 749977 225 0
7d265e 249 816cd1 253 0 f27e6e 252 0
805b34 192 3fd266 96 1 805b34 192 0
0ff49a 88 07fa4d 172 1 f805b3 172 0
fe016c 235 bf00b6 118 1 fe016c 235 0
afc02d 30 281fea 15 1 afc1dd 30 0
d5f805 196 eafc02 98 1 d5f805 196 0
454100 25 62a080 141 0 62a080 141 0
78a820 228 3c5410 242 0 3c51f3 242 0
b0eafc 125 98757e 63 1 b0eafc 125 0
c61d5f 144 e30eaf 72 1 c61d5f 144 0
f8c3ab 18 fc61d5 9 0 f941dc 18 0
60e78b 3 8f8c3a 130 1 7073c6 130 0
5c1cf2 161 6e0e79 209 1 91f187 209 0
7b839f 117 7dc1d0 187 0 7dc1d0 187 0
3f7074 239 a047c6 248 1 5f57f2 248 0
e811f1 62 f408f8 31 0 e811f1 62 0
22fdc2 136 117ee1 196 1 ee811f 196 0
fba047 241 bdd023 121 1 fba047 241 0
8f7408 31 7845fc 16 0 8f72f9 31 0
e1ee81 68 0f08c0 34 0 e1ee81 68 0
bc3dd0 73 61e118 37 0 bc3dd0 73 0
787846 202 c3c3dd 229 0 c3c3dd 229 0
90f0f7 58 378785 29 1 90f0f7 58 0
921e1e 200 c90f0f 100 1 921e1e 200 0
0dbc3d 25 46de1f 141 0 46de1f 141 0
71b788 100 38dbc4 178 0 38dbc4 178 0
b1c90f 109 98e487 55 1 b1c90f 109 0
39c6df 14 e31c90 135 0 e31c90 135 0
d8c724 162 ec6392 81 1 d8c724 162 0
64e71c 21 8d8c72 139 1 72738e 139 0
3c9ce4 163 a1b18e 210 1 5e4e72 210 0
57939d 53 6bc9cf 155 0 6bc9cf 155 0
3af274 231 5d793a 244 1 a2809e 244 0
175e4f 125 b450d8 191 0 b450d8 191 0
32ebca 176 1975e5 216 1 e68a1b 216 0
f9a286 118 032ebd 59 1 f9a286 118 0
df3450 207 af9a28 104 0 df3450 207 0
141976 154 f5f345 205 0 f5f345 205 0
62832f 52 314198 154 0 314198 154 0
b3af9a 231 99d7cd 116 0 b3af9a 231 0
e675f3 29 b33af9 15 0 e678c0 29 0
cccebe 132 e6675f 66 1 cccebe 132 0
b999d7 17 9ccceb 9 1 b8fd0a 17 0
78ccc6 3 7c6663 130 0 7c6663 130 0
a0e667 97 907333 49 1 a0e667 97 0
841ccc 141 820e66 71 1 841ccc 141 0
3f7c67 18 e041cc 137 0 e041cc 137 0
67ef8d 163 73f7c7 210 0 73f7c7 210 0
a3020e 245 6e7ef9 123 1 a3020e 245 0
c46041 223 5dcfe0 112 0 c46041 223 0
1773f8 220 f44604 238 0 f445ca 238 0
42ee7f 188 217740 222 0 217740 222 0
485dd0 120 dbd118 188 0 dbd118 188 0
090bba 175 4485dd 216 1 bb7a23 216 0
112178 118 0890bc 187 0 0890bc 187 0
dddbd1 111 511218 56 0 dddbd1 111 0
144486 206 0a2243 231 0 0a2243 231 0
228891 250 114449 253 1 d30cc9 253 0
100000 0 100000 0 1 100000 0 7
f375dd 128 f9baee 64 1 f375dd 128 0
019145 16 ff375d 136 0 ff375d 136 0
003229 162 ffe6eb 209 1 001915 209 0
600646 181 8ffcdd 219 0 8ffcdd 219 0
3c00c9 55 a1ff9b 156 1 5e0065 156 0
17801a 167 b43ff3 212 1 4bc00d 212 0
12f004 53 b687fe 155 1 497802 155 0
cda1ff 167 592f01 84 1 cda1ff 167 0
164bc1 213 4b25e1 235 1 b4da1b 235 0
32c979 251 5964bd 254 1 8cf472 254 0
a9a6d0 128 d4d368 64 0 a9a6d0 128 0
0acb26 16 fa9a6d 136 0 fa9a6d 136 0
fea69b 162 00acb3 81 0 fea69b 162 0
602b2d 85 701597 171 0 701597 171 0
3c0566 107 5e02b3 182 0 5e02b3 182 0
5780ad 110 d43fa9 183 0 d43fa9 183 0
2af016 46 15780b 151 0 15780b 151 0
daa1fd 230 12af02 115 1 daa1fd 230 0
db543f 93 adaa1f 47 1 db543f 93 0
cb6a87 12 e5b543 6 1 c7d3b2 12 0
b96d50 130 dcb6a8 65 0 b96d50 130 0
68d256 145 74692b 201 0 74692b 201 0
7d1a4b 243 8172da 250 1 7d875b 250 0
a05cb6 63 902e5b 32 1 a05cb6 63 0
1bf46a 136 f205cb 196 1 0dfa35 196 0
037e8e 177 be40b9 217 0 be40b9 217 0
706fd2 183 87c817 220 1 7837e9 220 0
e1f205 183 b0f902 92 1 e1f205 183 0
13c1c0 151 49e0e0 204 0 49e0e0 204 0
ed87c8 115 b6c3e4 58 0 ed87c8 115 0
adb0f9 143 96d87c 72 0 adb0f9 143 0
1a49e1 146 0d24f1 201 1 f2db0f 201 0
9cb6c3 243 8e5b61 122 0 9cb6c3 243 0
a396d8 31 6e3494 16 0 a395b4 31 0
e472db 68 f2396d 34 0 e472db 68 0
bc8e5b 9 61b8d3 5 0 b2a9e8 9 0
8791cb 194 3c371b 97 0 8791cb 194 0
90f239 89 7786e4 45 0 90f239 89 0
7de1b9 204 3ef0dd 230 1 c10f23 230 0
b043c8 250 d821e4 125 0 b043c8 250 0
69f787 160 cb043c 208 0 cb043c 208 0
0d3ef1 52 f96087 154 1 069f79 154 0
be5821 167 60d3f0 84 0 be5821 167 0
e7cb04 85 4c1a7e 43 1 e7cb04 85 0
ccf960 203 598350 102 0 ccf960 203 0
a99f2c 90 d4cf96 45 1 a99f2c 90 0
9533e5 12 ca99f2 6 1 92097d 12 0
4d5984 2 26acc2 129 1 d9533e 129 0
69ab31 97 8b2a67 177 1 74d599 177 0
82ca99 45 81654c 23 0 82ca9b 45 0
3fa6ad 6 e02ca9 131 0 e02ca9 131 0
27f4d6 33 ac0595 145 0 ac0595 145 0
74fe9b 165 8580b2 211 1 7a7f4e 211 0
3e9fd4 53 5f4fea 155 1 a0b016 155 0
c82c05 231 5be9fe 116 1 c82c05 231 0
e90580 221 4b7d40 111 0 e90580 221 0
32df50 92 e69058 174 0 e69058 174 0
465bea 172 dcd20b 214 1 232df5 214 0
b73482 182 2465bf 91 0 b73482 182 0
291970 87 ab7348 172 0 ab7348 172 0
15232e 171 4a9197 214 0 4a9197 214 0
52a466 246 d6adcd 251 0 d142f0 251 0
d5ab73 191 aad5b9 96 0 d5ab73 191 0
154a92 24 f55ab7 140 1 0aa549 140 0
02a953 163 beab56 210 1 4154aa 210 0
50552b 181 682a96 219 1 97d56a 219 0
c5f55a 247 a2faad 124 0 c5f55a 247 0
174155 31 b45f55 144 0 b45f55 144 0
ed17d5 164 097416 82 1 ed17d5 164 0
425d06 213 612e83 235 0 612e80 235 0
384ba1 123 5c25d1 190 1 a3da2f 190 0
a8f68b 112 d47b45 56 0 a8f68b 112 0
0ae12f 142 fa8f68 199 0 fa8f68 199 0
215c26 178 10ae13 217 0 10ae13 217 0
9bd47b 119 7215c3 60 0 9bd47b 119 0
e37a8f 79 b1bd47 40 1 e37a8f 79 0
ec6f51 138 f637a8 69 0 ec6f51 138 0
627216 18 cec6f5 137 0 cec6f5 137 0
6c4e43 35 89d8de 146 1 762722 146 0
a27637 37 913b1b 19 1 a27613 37 0
3bb13a 5 5dd89d 131 1 a22763 131 0
c889d8 225 5bbb14 113 0 c889d8 225 0
76eec5 221 7b7763 239 0 7b7741 239 0
c12227 252 1f6eed 126 1 c12227 252 0
47dbbc 224 dc1222 240 1 23ed26 240 0
f70488 60 047dbc 30 0 f70488 60 0
411f6f 200 df7048 228 0 df7048 228 0
f7dc12 57 4411f7 29 0 f7dc12 57 0
8efb82 200 c77dc1 100 0 8efb82 200 0
0e2090 153 471048 205 0 471048 205 0
71c412 244 c71df7 250 1 36a919 250 0
4e3883 63 98e3be 160 1 671c42 160 0
e638ef 40 0ce389 20 1 e638fe 40 0
fcc71d 69 419c72 35 1 fcc71d 69 0
cf98e3 73 58338f 37 0 cf98e3 73 0
89f31c 74 3b0672 37 1 89f31c 74 0
6ec19d 74 c89f31 165 0 c89f31 165 0
9227cc 170 36ec1a 85 1 9227cc 170 0
9244f9 86 c9227c 43 0 9244f9 86 0
2db761 11 56dbb1 134 1 a9244f 134 0
55b6ed 98 d52489 177 0 d52489 177 0
954922 45 755b6f 23 0 954920 45 0
3d56dc 70 1eab6e 163 1 e15492 163 0
27aadc 105 53d56e 181 1 ac2a92 181 0
74f55c 110 c58552 183 1 3a7aae 183 0
d16154 46 e8b0aa 23 1 d16152 46 0
da2c2a 6 ed1615 3 0 f7ceed 6 0
b68b0a 1 200000 0 1 b68b0a 1 0
c00000 0 7a4ba8 129 0 7a4ba8 129 0
7e92ea 225 80b68b 241 1 7f48f4 241 0
802da2 189 7fe92f 95 0 802da2 189 0
3ffa4c 88 e002da 172 1 1ffd26 172 0
07ff4a 43 bc005b 150 1 43ffa5 150 0
af0016 166 d7800b 83 1 af0016 166 0
d5e002 21 aaf001 11 0 d60abe 21 0
cabc00 3 a55e00 2 0 8eb580 4 0
c00000 0 94abc0 129 0 94abc0 129 0
852af0 33 829578 17 0 852b73 33 0
7f5aa2 5 7fad51 131 1 8052af 131 0
3feb55 225 a00a55 241 0 a00995 241 0
880295 189 7bfeb6 95 1 880295 189 0
3effae 216 e08029 236 0 e0801d 236 0
07dff6 187 43effb 222 0 43effb 222 0
af0401 120 d78200 60 0 af0401 120 0
f5e080 15 450fc0 8 0 f46aa0 15 0
1143f0 194 08a1f8 225 0 08a1f8 225 0
9dd782 121 8eebc1 61 0 9dd782 121 0
83baf0 16 c1dd78 8 0 847ccd 16 0
0f88a2 2 f83baf 129 1 07c451 129 0
61f115 33 70f88b 145 0 70f88b 145 0
7c3e23 229 81e0ee 243 1 7e1d03 243 0
c0783b 61 a03c1d 31 0 c0783b 61 0
c80f07 136 e40783 68 1 c80f07 136 0
f901e0 145 437f10 73 0 f901e0 145 0
70dfc4 211 87901e 234 1 786fe1 234 0
a1e407 59 90f203 30 1 a1e407 59 0
5bc380 8 2de1c0 132 0 2de1c0 132 0
0b7870 97 45bc38 177 0 45bc38 177 0
716f0e 109 874879 183 0 874879 183 0
3e2de2 46 1f16f1 151 1 e0e90f 151 0
27c5bd 230 ec1d21 243 0 ec165f 243 0
24f8b8 189 ad83a4 223 0 ad83a4 223 0
cb60e9 184 1a4f8c 92 0 cb60e9 184 0
f96c1d 87 bcb60e 44 1 f96c1d 87 0
ef2d83 139 48693f 70 0 ef2d83 139 0
ade5b0 82 290d28 41 0 ade5b0 82 0
95bcb6 203 8ade5b 102 1 95bcb6 203 0
a2b796 154 d15bcb 77 1 a2b796 154 0
6ba90e 20 35d487 138 0 35d487 138 0
b28ade 99 66ba91 50 1 b28ade 99 0
59aea5 77 6cd753 167 0 6cd753 167 0
c4ca2b 106 1d9aeb 53 0 c4ca2b 106 0
6766bb 206 cc4ca2 231 1 33b35e 231 0
d31328 58 16766c 29 0 d31328 58 0
659d9b 200 cd3132 228 1 32cece 228 0
f34c4c 57 4659da 29 1 f34c4c 57 0
719677 72 c734c4 164 0 c734c4 164 0
f1cd31 169 b8e698 85 0 f1cd31 169 0
8e39a6 22 38e32d 11 1 8e528a 22 0
d1c734 195 571c66 98 1 d1c734 195 0
55c71a 89 6ae38d 173 1 951c73 173 0
85471c 236 c2a38e 118 1 85471c 236 0
4f571d 30 d85471 143 0 d85471 143 0
29eae4 36 14f572 146 1 eb0a8e 146 0
453d5d 101 629eaf 179 0 629eaf 179 0
38a7ac 109 a3ac2a 183 1 5c53d6 183 0
3714f6 174 1b8a7b 215 0 1b8a7b 215 0
d91d61 246 ec8eb0 123 0 d91d61 246 0
db23ac 159 ad91d6 80 1 db23ac 159 0
149b8b 148 0a4dc6 202 1 f5b23a 202 0
429372 115 6149b9 186 1 9eb647 186 0
58526f 111 6c2938 184 0 6c2938 184 0
e4f5b2 238 f27ad9 119 0 e4f5b2 238 0
dc9eb6 30 ee4f5b 15 1 dc9cd9 30 0
db93d6 4 edc9eb 2 1 a0215b 4 0
200000 0 200000 0 0 100000 0 7
7891b1 129 83b727 193 1 7c48d9 193 0
80edc9 49 7f891c 25 0 80edc8 49 0
7fe247 199 7ff124 228 0 7ff124 228 0
1ffc49 121 b001db 189 1 4ffe25 189 0
8c0076 176 39ffc5 88 1 8c0076 176 0
f1800e 214 f8c007 107 1 f1800e 214 0
de3001 27 50e800 14 0 de2a88 27 0
abc600 68 2a1d00 34 0 abc600 68 0
b578c0 201 9abc60 101 0 b578c0 201 0
86af18 26 3ca874 13 0 86a8fd 26 0
6f2a1d 68 37950f 162 0 37950f 162 0
4de544 233 990d5e 245 1 66e780 245 0
864357 190 c321ab 95 1 864357 190 0
2f3796 24 e86435 140 0 e86435 140 0
05e6f3 35 bd0c86 146 1 42f37a 146 0
af4321 37 97a190 19 0 af4347 37 0
c5e864 133 a2f432 67 1 c5e864 133 0
3742f4 17 a45e86 137 1 5ba17a 137 0
8917a1 35 848bd0 18 0 8917e3 35 0
a122f4 5 90917a 3 1 f9fd2b 4 0
c4245e 129 5dedd1 65 1 c4245e 129 0
88848b 209 844245 105 0 88848b 209 0
811091 27 7f77b8 14 0 810c8d 27 0
5fddee 196 2feef7 226 0 2feef7 226 0
b40442 121 9a0221 61 0 b40442 121 0
868088 144 3cbfbc 72 0 868088 144 0
0f2fef 82 0797f8 169 0 0797f8 169 0
9e1a02 235 8f0d01 118 0 9e1a02 235 0
5c3cc0 158 2e1e60 207 0 2e1e60 207 0
2b8798 116 15c3cc 186 0 15c3cc 186 0
4570f3 239 62b87a 248 1 9cea3e 248 0
18ae1f 254 0c5710 255 0 800000 0 5
100000 0 100000 0 1 100000 0 7
100000 0 02315d 128 1 100000 0 7
ff73a8 96 ffb9d4 48 0 ff73a8 96 0
00118b 12 0008c6 134 1 fff73a 134 0
400232 226 dffee7 241 1 1fff99 241 0
97ffb9 189 740024 95 0 97ffb9 189 0
3d0009 88 1e8005 172 1 e17ffb 172 0
f85ffe 107 bc2fff 54 1 f85ffe 107 0
50f401 142 287a01 199 1 d785ff 199 0
d5e17f 242 150f41 121 1 d5e17f 242 0
6543d1 95 72a1e9 176 1 8d5e17 176 0
e35785 108 0e543e 54 1 e35785 108 0
bc6af0 206 de3578 103 0 bc6af0 206 0
2872a2 26 143951 141 1 ebc6af 141 0
9af1ab 100 32872b 50 0 9af1ab 100 0
b35e35 205 99af1a 103 1 b35e35 205 0
39943a 154 e335e3 205 1 1cca1d 205 0
673288 52 cc66bc 154 0 cc66bc 154 0
4ce651 167 998cd7 212 1 667329 212 0
e66335 53 b3319a 27 1 e66335 53 0
cccc66 7 a66633 4 1 b7ffa0 7 0
2ccce8 1 4b333a 129 1 b4ccc6 129 0
72cccf 225 796668 241 0 7965db 241 0
7e599a 253 80d333 255 1 5ec334 255 0
3fcb34 64 1fe59a 160 1 e01a66 160 0
07f967 232 fc034c 244 0 fbf3cc 244 0
ff00d3 61 407f97 31 0 ff00d3 61 0
301fe6 72 e7f00d 164 0 e7f00d 164 0
f9fc03 41 bcfe01 21 0 f9fc0f 41 0
70c080 134 386040 195 0 386040 195 0
d1e7f0 241 570c08 121 0 d1e7f0 241 0
75c302 95 7ae181 176 1 851e7f 176 0
1eb861 236 0f5c31 246 1 f06b7d 246 0
bc28f3 126 de1479 63 0 bc28f3 126 0
287ae2 144 143d71 200 1 ebc28f 200 0
050f5d 242 0287af 249 0 0091ce 249 0
60a1ec 255 100000 0 1 100000 0 7
100000 0 100000 0 0 100000 0 7
038288 192 fe3ebc 224 0 fe3ebc 224 0
ff8faf 184 003829 92 1 ff8faf 184 0
fff1f5 87 bff8fa 44 1 fff1f5 87 0
1001c2 11 b7ff1f 134 1 4800e1 134 0
520039 34 d6ffe3 145 1 29001d 145 0
95bff8 37 752004 19 0 95bfd5 37 0
3d4801 69 5ea401 163 1 a15bff 163 0
37a901 105 5bd481 181 1 a42b7f 181 0
890adf 110 c4856f 55 1 890adf 110 0
2edea5 142 e890ad 199 0 e890ad 199 0
25dbd5 178 12edeb 217 0 12edeb 217 0
9b4485 247 8da242 124 1 9b4485 247 0
1c9770 159 4e4bb8 208 0 4e4bb8 208 0
ec6d12 244 09c977 122 0 ec6d12 244 0
42725e 223 9ec6d1 240 0 9ec672 240 0
e7b1b4 188 f3d8da 94 1 e7b1b4 188 0
bcf636 24 de7b1b 12 1 bce84e 24 0
f79ec6 131 bbcf63 66 1 f79ec6 131 0
aef3d8 17 9779ec 9 0 af8b52 17 0
85de7b 3 7d10c3 2 0 88cdb9 2 0
a0bbcf 193 905de7 97 1 a0bbcf 193 0
7be887 25 820bbc 141 0 820bbc 141 0
7f7d11 36 3fbe89 146 1 c04177 146 0
4fefa3 229 67f7d2 243 1 98056e 243 0
c6020b 125 a30105 63 0 c6020b 125 0
373fbf 16 e46020 136 0 e46020 136 0
06e7f8 162 0373fc 209 0 0373fc 209 0
9f2301 117 8f9180 59 0 9f2301 117 0
3c1ba0 15 a1f230 136 0 a1f230 136 0
e87c8c 34 0bc1ba 17 1 e87d06 34 0
9d0f91 69 717838 35 0 9d0f91 69 0
3c5e0e 201 a1d0f9 229 0 a1d0f9 229 0
778bc2 186 c43a1f 221 1 3bc5e1 221 0
6ef179 184 3778bd 220 1 c88743 220 0
0dde30 119 b910e8 188 0 b910e8 188 0
11bbc6 175 48dde3 216 0 48dde3 216 0
123779 246 f6e443 251 1 01ad79 251 0
2246f0 191 aedc88 224 0 aedc88 224 0
1448de 184 f5db91 220 0 f5db91 220 0
fd76e4 55 41448e 28 1 fd76e4 55 0
105124 71 482892 164 1 b7d76e 164 0
edf5db 105 490513 53 0 edf5db 105 0
8dbebb 78 3920a3 39 0 8dbebb 78 0
2e4829 74 e8dbeb 165 1 172415 165 0
9a36fa 170 cd1b7d 85 0 9a36fa 170 0
6cb921 150 365c91 203 1 c9a36f 203 0
2d9725 243 56cb93 250 0 5526c1 250 0
aa4d1b 127 95268d 64 0 aa4d1b 127 0
1ab65d 144 0d5b2f 200 0 0d5b2f 200 0
0356cc 114 fe549a 185 1 01ab66 185 0
9f9526 175 8fca93 88 1 9f9526 175 0
e3f2a4 150 f1f952 75 1 e3f2a4 150 0
dc7e54 147 ae3f2a 74 1 dc7e54 147 0
ab8fca 19 6a381b 10 0 ab44e6 19 0
5a8e07 67 6d4704 162 0 6d4704 162 0
5b51c1 105 6da8e1 181 1 92571f 181 0
8495c7 238 3db51d 119 1 8495c7 238 0
d092b8 222 e8495c 111 0 d092b8 222 0
da1257 28 ed092b 14 1 da0ea3 28 0
bb424a 132 dda125 66 0 bb424a 132 0
4897b7 145 644bdc 201 0 644bdc 201 0
7912f7 115 7c897c 186 0 7c897c 186 0
a0dda1 111 906ed0 56 0 a0dda1 111 0
1be44c 14 f20dda 135 1 0df226 135 0
dc8376 34 11be45 17 1 dc83ed 34 0
646f92 69 8dc837 163 1 7237c9 163 0
c3720d 169 a1b906 85 1 c3720d 169 0
886e41 150 c43720 75 0 886e41 150 0
d10dc8 19 a886e4 10 0 d1620b 19 0
55de47 3 6aef24 130 0 6aef24 130 0
a54437 97 6d5de5 49 1 a54437 97 0
84a886 77 825443 39 1 84a886 77 0
c09510 10 e04a88 5 0 c79764 10 0
67ed5e 130 33f6af 193 0 33f6af 193 0
6cfdac 241 767ed6 249 1 88ee28 249 0
82604a 127 813025 64 0 82604a 127 0
e04c09 144 0fd9fc 72 0 e04c09 144 0
fc0981 82 01fb40 41 0 fc0981 82 0
607ed0 75 8fc098 166 0 8fc098 166 0
5c0fda 170 d1f813 213 1 2e07ed 213 0
6b81fc 54 ca3f02 155 1 35c0fe 155 0
2d7040 39 a947e0 148 0 a947e0 148 0
15ae08 37 b528fc 147 0 b528fc 147 0
32b5c1 165 595ae1 211 1 a6a51f 211 0
3656b9 117 a4d4a3 187 1 5b2b5d 187 0
36cad8 175 a49a94 216 0 a49a94 216 0
e926a5 54 0b6cae 27 1 e926a5 54 0
dd24d4 71 ae926a 36 1 dd24d4 71 0
145b66 137 b5d24d 197 0 b5d24d 197 0
728b6d 50 c6ba49 153 0 c6ba49 153 0
6e516e 167 7728b7 212 0 7728b7 212 0
e235d2 117 4ee517 59 0 e235d2 117 0
cc46ba 207 a6235d 104 0 cc46ba 207 0
e988d7 154 f4c46b 77 1 e988d7 154 0
9d311a 148 ce988d 74 0 9d311a 148 0
b3a623 147 99d311 74 0 b3a623 147 0
598b3c 19 6cc59e 138 1 933a62 138 0
5b3168 99 92674c 178 0 92674c 178 0
5b662d 45 924ce9 151 0 924ce9 151 0
3b6cc6 38 e2499d 147 0 e2499d 147 0
276d99 165 ac4933 211 1 53b6cd 211 0
cb124c 53 a58926 27 1 cb124c 53 0
c96249 7 a4b124 4 0 ddf86e 7 0
16d3b7 129 4b69dc 193 0 4b69dc 193 0
72da77 113 796d3c 185 0 796d3c 185 0
7e5b4f 111 80d258 184 0 80d258 184 0
e03496 174 f01a4b 87 1 e03496 174 0
dc0692 150 11fcb7 75 0 dc0692 150 0
db80d2 83 523f97 42 0 db80d2 83 0
548fe6 203 95b80d 230 0 95b80d 230 0
5a91fd 186 2d48ff 221 0 2d48ff 221 0
94adc0 120 35a920 60 0 94adc0 120 0
0d6a48 207 46b524 232 0 46b524 232 0
ee52b7 250 f7295b 125 1 ee52b7 250 0
9dca56 32 cee52b 16 1 9dc987 32 0
f3b94a 4 f9dca5 2 0 99183a 5 0
be7729 129 9f3b94 65 0 be7729 129 0
87cee5 145 7c188e 73 1 87cee5 145 0
80f9dc 211 807cee 106 1 80f9dc 211 0
a01f3b 27 900f9d 14 0 a023bb 27 0
5bfc19 132 d201f3 194 1 2dfe0d 194 0
b4807c 177 65bfc2 89 1 b4807c 177 0
86900f 87 834807 44 1 86900f 87 0
e0d201 139 b06900 70 0 e0d201 139 0
53e5c0 18 d60d20 137 0 d60d20 137 0
958348 35 753e5c 18 0 958303 35 0
a2b069 69 6ea7cc 35 0 a2b069 69 0
c4560d 73 5dd4fa 37 1 c4560d 73 0
77753f 74 c44560 165 0 c44560 165 0
911158 170 c888ac 85 0 911158 170 0
92222b 150 36eeeb 75 0 92222b 150 0
d24445 83 56ddde 42 1 d24445 83 0
aa4888 203 6adbbc 102 0 aa4888 203 0
5ab6ef 90 d2a488 173 0 d2a488 173 0
6b56de 44 ca5491 150 0 ca5491 150 0
b29524 38 d94a92 19 1 b29509 38 0
29ad5c 133 ab2952 195 1 54d6ae 195 0
caca54 49 5a9ad6 25 1 caca55 49 0
89594a 199 7b535b 100 0 89594a 199 0
1ed4d7 89 b09594 173 0 b09594 173 0
8c2565 172 39ed4e 86 1 8c2565 172 0
4e7b54 86 d8c256 171 1 273daa 171 0
29cf6b 43 54e7b6 150 1 ab184a 150 0
5539ee 102 d56309 179 0 d56309 179 0
d558c2 173 55539f 87 0 d558c2 173 0
3554e8 86 e5558c 171 0 e5558c 171 0
d95563 171 acaab1 86 0 d95563 171 0
ab2aac 22 d59556 11 1 ab0ff9 22 0
2a9aab 3 aab2aa 130 1 554d56 130 0
aaacaa 33 6aa9ab 17 0 aaac15 33 0
855595 69 7d5536 35 1 855595 69 0
3f554e 73 a05559 165 0 a05559 165 0
77eaaa 170 c40aab 213 1 3bf555 213 0
9102aa 182 c88155 91 0 9102aa 182 0
d22055 151 a9102a 76 1 d22055 151 0
15bbf6 19 4addfb 138 0 4addfb 138 0
ad4881 227 695bc0 114 0 ad4881 227 0
a5a910 221 92d488 111 0 a5a910 221 0
3b4ade 28 e25a91 142 0 e25a91 142 0
b896a4 164 dc4b52 82 1 b896a4 164 0
b712d4 21 9b896a 11 1 b6ebf2 21 0
c6e25a 3 a3712d 2 0 8c4d78 4 0
a8dc4b 129 6b91db 65 0 a8dc4b 129 0
851b89 209 7d723c 105 0 851b89 209 0
80a371 91 8051b8 46 0 80a371 91 0
a0146e 12 d00a37 6 1 9cd445 12 0
b4028d 2 4bfd74 1 1 8701ea 3 0
697faf 193 8b4028 225 0 8b4028 225 0
7d2ff6 57 7e97fb 157 0 7e97fb 157 0
7fa5ff 104 c02d00 180 0 c02d00 180 0
f00b40 173 b805a0 87 0 f00b40 173 0
31fe98 22 e700b4 139 0 e700b4 139 0
263fd3 35 ace016 146 1 531fea 146 0
54c7fb 37 6a63fe 147 1 959c02 147 0
c56700 101 a2b380 51 0 c56700 101 0
c8ace0 141 a45670 71 0 c8ace0 141 0
c9159c 18 1b7532 9 1 c987e1 18 0
9922b3 67 736ea7 34 0 9922b3 67 0
a32456 73 6e6dd5 37 1 a32456 73 0
84648a 202 3dcdbb 101 0 84648a 202 0
6f736f 218 c84648 237 0 c84636 237 0
921192 60 c908c9 30 0 921192 60 0
4dbdce 136 26dee7 196 0 26dee7 196 0
f64846 241 bb2423 121 1 f64846 241 0
7136f8 159 789b7c 208 0 789b7c 208 0
e1d921 244 f0ec90 122 0 e1d921 244 0
bc3b24 31 61e26e 16 1 bc3c60 31 0
e78764 68 f3c3b2 34 1 e78764 68 0
430f14 9 61878a 133 1 9e7876 133 0
879e1d 226 3c30f2 113 1 879e1d 226 0
90f3c3 93 77861f 47 0 90f3c3 93 0
c21e78 204 1ef0c4 102 0 c21e78 204 0
b843cf 90 dc21e7 45 1 b843cf 90 0
970879 12 347bc4 6 0 93da68 12 0
4d1ef1 194 d97087 225 1 268f79 225 0
69a3df 57 8b2e10 157 0 8b2e10 157 0
7d347c 168 3e9a3e 212 1 c165c2 212 0
f05970 245 b82cb8 123 0 f05970 245 0
ce0b2e 31 a70597 16 1 ce09e0 31 0
163e9b 132 f4e0b2 194 1 0b1f4e 194 0
42c7d4 49 9e9c16 153 1 6163ea 153 0
87a705 39 7c2c7e 20 1 87a715 39 0
e0f4e0 197 b07a70 99 0 e0f4e0 197 0
33e164 153 a60f4e 205 1 59f0b2 205 0
767c2d 180 c4c1e9 218 0 c4c1e9 218 0
4ecf86 183 98983d 220 0 98983d 220 0
19d9f1 55 4cecf9 156 1 b31307 156 0
ecc4c1 231 499da0 116 0 ecc4c1 231 0
126768 221 b6cc4c 239 0 b6cc11 239 0
cdb313 60 192677 30 0 cdb313 60 0
46499e 200 dcdb31 228 0 dcdb31 228 0
08c934 185 bb9b66 221 1 44649a 221 0
711927 184 388c94 220 0 388c94 220 0
f1dcdb 247 471193 124 0 f1dcdb 247 0
ee3b9b 95 b71dcd 48 0 ee3b9b 95 0
12388d 12 f6e3b9 134 0 f6e3b9 134 0
424712 162 212389 209 1 dedc77 209 0
6848e3 245 8bdb8e 251 1 71c596 251 0
3d091d 63 a17b71 160 0 a17b71 160 0
e85edc 168 0bd092 84 1 e85edc 168 0
02f425 213 be85ed 235 0 be85e9 235 0
305e85 59 a7d0bd 158 0 a7d0bd 158 0
560bd1 40 2b05e9 148 1 d4fa17 148 0
0ac17b 229 4560be 243 1 ba9b6d 243 0
cea7d0 125 a753e8 63 0 cea7d0 125 0
c9d4fa 16 e4ea7d 8 0 cab9e4 16 0
06c561 130 0362b1 193 1 fc9d4f 193 0
9f2753 113 706c57 57 0 9f2753 113 0
7c1b16 79 81f275 168 0 81f275 168 0
e07c9d 42 f03e4e 21 1 e07c95 42 0
9c0f93 6 ce07c9 3 0 b5d08c 6 0
d381f2 129 a9c0f9 65 0 d381f2 129 0
8a703e 17 7ac7e1 9 1 8af576 17 0
7eb1f9 195 7f58fd 226 1 80a703 226 0
5fd640 249 6feb20 253 0 65e884 253 0
100000 0 100000 0 0 100000 0 7
100000 0 100000 0 1 100000 0 7
100000 0 00f7f6 128 1 100000 0 7
003dfe 96 ffe101 176 0 ffe101 176 0
fff840 172 fffc20 86 0 fff840 172 0
4000f8 150 dfff84 203 0 dfff84 203 0
28001f 51 abfff0 154 0 abfff0 154 0
aafffc 39 6a8002 20 1 ab000f 39 0
1aa001 69 b2afff 163 1 4d5001 163 0
ccabff 169 a655ff 85 1 ccabff 169 0
89957f 150 c4cabf 75 1 89957f 150 0
d132af 147 a89957 74 1 d132af 147 0
aa2655 19 6aecd6 10 1 aa70df 19 0
5abb36 67 92a265 162 0 92a265 162 0
5b5767 169 6dabb4 213 0 6dabb4 213 0
849513 118 c24a89 59 0 849513 118 0
2f6d5e 143 a84951 200 0 a84951 200 0
15edac 178 0af6d6 217 1 f5092a 217 0
9d424a 119 715edb 60 0 9d424a 119 0
e3a849 79 b1d424 40 0 e3a849 79 0
ec7509 10 f63a84 5 0 f426dd 10 0
9d8ea1 2 9d8ea0 1 0 ec55f1 2 0
c00000 0 762716 129 1 89d8ea 129 0
82763a 225 813b1d 113 0 82763a 225 0
804ec7 29 7fd89d 15 1 8050c8 29 0
3ff628 68 1ffb14 162 0 1ffb14 162 0
47fec5 233 9c009d 245 0 9bf51d 245 0
78ffd9 62 c38013 159 1 3c7fed 159 0
2f1ffc 168 e87002 212 1 178ffe 212 0
fa1c00 53 42f200 27 0 fa1c00 53 0
cf4380 71 a7a1c0 36 0 cf4380 71 0
e9e870 9 b4f438 5 0 f537b4 9 0
72c2f2 130 396179 193 1 c69e87 193 0
6e585f 241 88d3d0 249 0 884228 249 0
7dcb0c 63 7ee586 160 1 811a7a 160 0
e0469e 104 f0234f 52 1 e0469e 104 0
fc08d3 13 41fb97 7 0 f910c1 13 0
cf811a 66 183f73 33 0 cf811a 66 0
99f023 73 7307ef 37 0 99f023 73 0
833e04 74 3e60fe 37 1 833e04 74 0
9067c0 202 c833e0 101 0 9067c0 202 0
920cf8 26 c9067c 13 0 921340 26 0
6dbe61 4 c920cf 130 1 36df31 130 0
b24833 33 992419 17 0 b248cc 33 0
79b6fa 5 7cdb7d 131 1 832483 131 0
3f36e0 225 5f9b70 241 0 5f9aaf 241 0
77e6dc 253 7bf36e 255 1 c40c92 254 0
3efcdc 128 e08192 192 1 1f7e6e 192 0
07df9c 176 fc1032 216 1 03efce 216 0
ff040c 182 ff8206 91 1 ff040c 182 0
dfe081 151 500fc0 76 0 dfe081 151 0
ebfc10 211 b5fe08 106 0 ebfc10 211 0
ad7f82 155 96bfc1 78 0 ad7f82 155 0
a5aff0 148 2d2808 74 0 a5aff0 148 0
4b4a02 83 65a501 170 1 9a5aff 170 0
596941 235 934b5f 246 1 6c9fce 246 0
a4d2d7 190 2d9695 95 1 a4d2d7 190 0
d49a5a 216 ea4d2d 108 0 d49a5a 216 0
fa934b 27 bd49a5 14 0 fa9935 27 0
af5269 4 d7a934 2 0 e53cb6 4 0
4a15b3 129 650ada 193 1 9af526 193 0
7942b7 113 835ea4 185 0 835ea4 185 0
7f2857 47 7f942c 152 0 7f942c 152 0
1fe50b 102 0ff286 179 1 f00d7a 179 0
23fca2 109 ae01af 183 1 51fe51 183 0
347f95 46 e5c035 151 0 e5c035 151 0
d9700d 38 ecb806 19 1 d96fef 38 0
24d1ff 133 526900 195 0 526900 195 0
349a40 113 a5b2e0 185 0 a5b2e0 185 0
769348 47 7b49a4 152 0 7b49a4 152 0
e12d97 102 0f6935 51 1 e12d97 102 0
dc25b2 205 51ed27 103 0 dc25b2 205 0
cb84b6 218 e5c25b 109 1 cb84b6 218 0
997096 28 3347b5 14 1 9973c9 28 0
b32e12 68 2668f7 34 0 b32e12 68 0
499a3e 201 64cd1f 229 0 64cd1f 229 0
793348 250 c3665c 253 0 b28cc5 253 0
90d997 192 379335 96 1 90d997 192 0
0de4ce 88 f90d99 172 0 f90d99 172 0
fe4366 43 bf21b3 22 1 fe4360 43 0
afc86c 134 d7e436 67 1 afc86c 134 0
2a06f3 17 55037a 137 1 aafc86 137 0
8abf21 227 7aa070 114 0 8abf21 227 0
a157e4 221 90abf2 111 1 a157e4 221 0
c42afc 28 1dea82 14 1 c42e84 28 0
b8855f 196 dc42af 98 1 b8855f 196 0
48ef55 25 6477ab 141 0 6477ab 141 0
86e215 228 c3710a 114 1 86e215 228 0
4f23be 29 6791df 143 0 6791df 143 0
c61b88 228 1cf23c 114 0 c61b88 228 0
473c8f 221 639e48 239 0 639e1a 239 0
38e792 252 e38c37 254 1 7556d7 255 0
b8e30d 64 238e7a 32 1 b8e30d 64 0
08e39f 72 0471d0 164 0 0471d0 164 0
fee38c 233 bf71c6 117 1 fee38c 233 0
8fdc71 158 3811c8 79 0 8fdc71 158 0
d1fb8e 84 170239 42 1 d1fb8e 84 0
45c08f 203 9d1fb8 230 0 9d1fb8 230 0
a747ee 58 d3a3f7 29 1 a747ee 58 0
6b1703 136 358b82 196 1 ca747e 196 0
0d62e1 241 b94e8f 249 1 45bed4 249 0
8e53a3 191 8729d1 96 0 8e53a3 191 0
e1ca74 24 0f1ac6 12 1 e1d982 24 0
fc394e 67 41e359 34 1 fc394e 67 0
5078d7 73 683c6c 165 0 683c6c 165 0
7a0f1b 106 3d078e 181 1 c2f872 181 0
90be1c 110 c85f0e 55 1 90be1c 110 0
d217c3 14 e90be1 7 0 d3e9db 14 0
da42f8 2 da42f8 1 0 a3b23a 3 0
200000 0 c00000 0 1 100000 0 7
7c96f5 65 7e4b7b 161 0 7e4b7b 161 0
806d21 105 7fc970 53 0 806d21 105 0
800da4 78 c006d2 39 1 800da4 78 0
2ffe4c 138 17ff26 197 1 e800da 197 0
9a0036 242 cd001b 121 1 9a0036 242 0
934006 159 765ffd 80 1 934006 159 0
1d9800 84 f13400 170 0 f13400 170 0
bc4d00 171 9e2680 86 0 bc4d00 171 0
a789a0 22 2c3b30 11 0 a76f27 22 0
d4f134 195 aa789a 98 1 d4f134 195 0
aa9e26 153 6ab0ed 77 1 aa9e26 153 0
7aac3c 212 3d561e 234 1 c2a9e0 234 0
4f5588 251 67aac4 254 0 519575 254 0
100000 0 d30aa7 128 1 100000 0 7
0b3d57 32 059eac 144 0 059eac 144 0
fe9855 100 ff4c2a 50 1 fe9855 100 0
402cf6 13 9fe985 135 0 9fe985 135 0
c7fa61 162 e3fd30 81 0 c7fa61 162 0
98ff4c 21 8c7fa6 11 1 98dc2c 21 0
c31fe9 3 5e700c 2 0 e4afde 2 0
579c03 193 6bce02 225 1 9431fe 225 0
7af381 121 7d79c1 189 1 82863f 189 0
80a18f 112 3faf39 56 1 80a18f 112 0
f01431 78 f80a18 39 0 f01431 78 0
21fd7a 138 ef0143 197 1 10febd 197 0
9bc050 178 321fd8 89 0 9bc050 178 0
93780a 87 89bc05 44 0 93780a 87 0
e26f01 11 4ec880 6 0 dce545 11 0
53b220 194 29d910 225 0 29d910 225 0
6a7644 121 753b22 189 1 8ac4de 189 0
82b137 240 3ea765 120 1 82b137 240 0
0fa9da 222 07d4ed 239 1 f82a9b 239 0
de0ac4 124 ef0562 62 1 de0ac4 124 0
443ea8 16 dde0ac 136 0 dde0ac 136 0
f7782b 34 fbbc15 17 0 f778a9 34 0
6110fb 133 8f7782 195 1 70887e 195 0
3c2220 177 5e1110 217 0 5e1110 217 0
887bbc 247 7bc222 124 1 887bbc 247 0
1ef089 223 b087bb 240 1 4f77d4 240 0
ec21ee 60 09ef09 30 1 ec21ee 60 0
bd843d 72 213de2 36 1 bd843d 72 0
084f79 201 bbd843 229 1 4427bd 229 0
7109f0 58 3884f8 157 0 3884f8 157 0
91dec2 104 37109f 52 0 91dec2 104 0
f23bd8 77 46e214 39 0 f23bd8 77 0
31b885 74 e723bd 165 0 e723bd 165 0
663711 42 331b89 149 1 cce477 149 0
93391d 230 366372 115 1 93391d 230 0
d26723 93 56cc6f 47 0 d26723 93 0
35b31c 204 e52672 230 1 1ad98e 230 0
b9499c 186 235b32 93 1 b9499c 186 0
68d6cd 88 346b67 172 0 346b67 172 0
f2e526 235 b97293 118 1 f2e526 235 0
51a35c 158 28d1ae 207 1 d72e52 207 0
2a346c 116 151a36 186 1 eae5ca 186 0
bab972 239 62a347 120 0 bab972 239 0
e7572e 94 0c5469 47 1 e7572e 94 0
23151b 204 118a8e 230 1 ee7572 230 0
4462a4 122 ddceae 189 1 223152 189 0
9773ab 48 cbb9d5 24 0 9773ac 48 0
f2ee75 134 f9773a 67 1 f2ee75 134 0
de5dce 145 af2ee7 73 1 de5dce 145 0
743447 19 7a1a24 138 0 7a1a24 138 0
5e8689 227 6f4345 242 1 90bb78 242 0
a42f2e 125 921797 63 1 a42f2e 125 0
3b7a1b 16 e242f2 136 1 1dbd0e 136 0
f890bc 162 03b7a2 81 1 f890bc 162 0
9f1217 85 7076f5 43 1 9f1217 85 0
3c1dbe 203 a1f121 230 0 a1f121 230 0
a87c48 186 d43e24 93 0 a87c48 186 0
6af077 152 ca87c4 204 0 ca87c4 204 0
f2a1f1 51 46af08 26 0 f2a1f1 51 0
ae543e 199 972a1f 100 1 ae543e 199 0
1a3579 153 b2e543 205 1 4d1abd 205 0
7346b0 52 c65ca8 154 0 c65ca8 154 0
b1972a 167 67346b 84 0 b1972a 167 0
19cd1b 213 b31972 235 1 4ce68a 235 0
ccc65c 187 599cd2 94 1 ccc65c 187 0
566735 216 2b339b 236 0 2b3390 236 0
0acce7 251 456674 254 0 26c011 254 0
100000 0 100000 0 0 100000 0 7
f5d4cc 64 faea66 32 1 f5d4cc 64 0
feba99 136 ff5d4c 68 0 feba99 136 0
0028ad 17 bfeba9 137 0 bfeba9 137 0
8ffaea 163 87fd75 82 0 8ffaea 163 0
5e00a3 149 6f0052 203 1 90ffae 203 0
c43feb 243 a21ff5 122 0 c43feb 243 0
577803 31 9443fe 144 1 6bbc02 144 0
e510ff 164 f2887f 82 1 e510ff 164 0
435de1 149 61aef1 203 1 9e510f 203 0
386bbd 115 5c35df 186 0 5c35df 186 0
a8f288 239 947944 120 0 a8f288 239 0
1ae1af 30 0d70d8 143 0 0d70d8 143 0
235c36 228 11ae1b 242 0 11aaa8 242 0
446b87 253 9dca3c 255 0 ddca3c 254 0
c7728f 192 e3b947 96 1 c7728f 192 0
0711af 152 fc7728 204 0 fc7728 204 0
00e236 179 bf8ee5 218 0 bf8ee5 218 0
501c47 183 680e24 220 0 680e24 220 0
e5fc77 119 b2fe3b 60 1 e5fc77 119 0
ecbf8e 15 49a039 8 1 ee2c4e 15 0
ed97f1 66 093408 33 0 ed97f1 66 0
624d02 201 8ed97f 229 1 712681 229 0
83b65f 186 3e24d1 93 1 83b65f 186 0
9076cb 216 37c49b 108 0 9076cb 216 0
0df127 91 b9076c 174 0 b9076c 174 0
51be25 172 d720ed 214 0 d720ed 214 0
b5c83b 54 251be3 27 0 b5c83b 54 0
d6b907 199 54a37d 100 1 d6b907 199 0
1528e0 89 b56b90 173 0 b56b90 173 0
72a51c 44 c6ad72 150 1 39528e 150 0
b1ab5c 166 d8d5ae 83 1 b1ab5c 166 0
d6356b 21 ab1ab5 11 0 d66032 21 0
353953 3 a56356 130 1 5a9caa 130 0
a958d5 33 6b5396 17 1 a9596a 33 0
7ad4e6 197 7d6a73 227 0 7d6a73 227 0
3f5a9d 121 5fad4f 189 0 5fad4f 189 0
8814ac 112 c40a56 56 1 8814ac 112 0
f10295 14 077eb6 7 1 f2f398 14 0
de2052 66 ef1029 33 0 de2052 66 0
9bc40a 137 721dfb 69 0 9bc40a 137 0
837881 210 c1bc40 105 0 837881 210 0
906f10 155 883788 78 0 906f10 155 0
5df21e 148 d106f1 202 0 d106f1 202 0
b441bc 179 9a20de 90 1 b441bc 179 0
a68837 151 93441b 76 1 a68837 151 0
1b2efa 19 b26883 138 1 4d977d 138 0
ac9a20 163 964d10 82 0 ac9a20 163 0
5a6cbc 21 92c9a2 139 1 6d365e 139 0
c4b268 163 a25934 82 0 c4b268 163 0
a8964d 149 944b26 75 1 a8964d 149 0
c512c9 147 5d769c 74 0 c512c9 147 0
575da7 211 94512c 234 0 94512b 234 0
5aebb5 59 6d75db 158 0 6d75db 158 0
5b5d77 104 d25144 180 0 d25144 180 0
f49451 45 45b5d8 23 0 f4944e 45 0
316d76 198 e74945 227 0 e74945 227 0
262daf 57 ace928 157 0 ace928 157 0
8b3a4a 168 3a62db 84 0 8b3a4a 168 0
f16749 213 474c5c 107 0 f16749 213 0
31d317 91 58e98c 174 0 58e98c 174 0
a9c59d 236 2b1d32 118 1 a9c59d 236 0
b538b3 222 da9c59 111 0 b538b3 222 0
2958ea 28 14ac75 142 1 eb538b 142 0
452b1e 100 22958f 178 0 22958f 178 0
b75a9c 109 9bad4e 55 1 b75a9c 109 0
c6eb53 142 1c8a57 71 0 c6eb53 142 0
d8dd6a 210 13914b 105 0 d8dd6a 210 0
9b1bad 219 72722a 110 1 9b1bad 219 0
a36375 220 2e4e46 110 1 a36375 220 0
b46c6e 92 da3637 46 1 b46c6e 92 0
b68d8d 12 24b93a 6 1 b9faa8 12 0
492e4f 194 db68d8 225 0 db68d8 225 0
6925ca 57 7492e5 157 1 8b6d1b 157 0
82db46 232 3e925d 116 1 82db46 232 0
0fa498 221 b82db4 239 0 b82d78 239 0
ce0b6d 60 e705b6 30 1 ce0b6d 60 0
463e93 8 dce0b6 132 1 231f4a 132 0
f7382d 161 bb9c16 81 1 f7382d 161 0
8ee705 149 877382 75 1 8ee705 149 0
c1dce0 147 5f1190 74 0 c1dce0 147 0
a83b9c 211 6be232 106 1 a83b9c 211 0
a50773 91 6d7c47 46 0 a50773 91 0
a4a0ee 76 d25077 38 1 a4a0ee 76 0
b4941d 138 da4a0e 69 1 b4941d 138 0
696d7d 18 cb4941 137 0 cb4941 137 0
6d2db0 35 7696d8 146 0 7696d8 146 0
a25a4a 229 912d25 115 0 a25a4a 229 0
c44b49 29 a225a4 15 0 c44dd2 29 0
c88969 4 e444b4 2 0 80cd4b 5 0
46eed3 129 63776a 193 1 9c8896 193 0
872225 241 7c6eee 121 1 872225 241 0
80e444 95 807222 48 1 80e444 95 0
1fe378 12 0ff1bc 134 0 0ff1bc 134 0
bc0391 98 21fe38 49 0 bc0391 98 0
687f8e 77 8bc039 167 0 8bc039 167 0
c2f00e 42 1e87f9 21 1 c2f015 42 0
67a1ff 70 33d100 163 0 33d100 163 0
d30bc0 233 567a20 117 0 d30bc0 233 0
8a6178 94 c530bc 47 0 8a6178 94 0
d14c2f 12 1759e9 6 1 d4eec7 12 0
ba2985 194 dd14c2 97 1 ba2985 194 0
68bad0 153 8ba298 205 0 8ba298 205 0
82e8a6 52 3e8bad 26 1 82e8a6 52 0
4fa2ec 71 982e8a 164 1 67d176 164 0
e60ba2 169 4cfa2f 85 0 e60ba2 169 0
8cc174 86 399f46 43 1 8cc174 86 0
d1982e 75 a8cc17 38 1 d1982e 75 0
55ccfb 10 d51982 133 1 2ae67e 133 0
954660 34 caa330 17 0 9546c5 34 0
92a8cc 133 895466 67 1 92a8cc 133 0
3daae7 145 5ed574 201 0 5ed574 201 0
77b55d 243 7bdaaf 250 0 7aca1a 250 0
5ef6ac 255 100000 0 1 100000 0 7
1bded6 192 0def6b 224 0 0def6b 224 0
037bdb 120 fe4212 188 1 01bdee 188 0
006f7c 175 bfc842 216 1 4037be 216 0
100df0 182 0806f8 219 0 0806f8 219 0
ddfe42 247 5100df 124 0 ddfe42 247 0
144038 223 4a201c 240 0 4a1fa6 240 0
ed77f9 252 094404 126 0 ed77f9 252 0
425101 96 212881 176 1 ded77f 176 0
084a21 236 042511 246 1 fb9d02 246 0
bef6bb 254 df7b5d 127 0 bef6bb 254 0
282129 160 ebef6b 208 1 141095 208 0
fafbda 52 fd7ded 26 0 fafbda 52 0
40a085 7 9fafbd 132 0 9fafbd 132 0
e7ebef 33 4c0a09 17 1 e7eca3 33 0
730283 197 798142 227 1 867ebe 227 0
3e6051 121 5f3029 189 1 a0cfd7 189 0
77cc0b 240 c419fa 248 1 3b5dd2 248 0
0ef982 62 f8833f 159 1 077cc1 159 0
de20cf 168 ef1067 84 1 de20cf 168 0
fbc419 21 421df4 11 0 fb94a0 21 0
cf7883 195 5843bf 98 0 cf7883 195 0
5610f0 89 6b0878 173 0 6b0878 173 0
7ac21e 108 c29ef1 182 0 c29ef1 182 0
b0a7bc 46 27ac22 23 1 b0a7be 46 0
29eb09 198 14f585 227 1 eb0a7b 227 0
253d62 121 529eb1 189 1 ad614f 189 0
74a7ad 112 3a53d7 184 0 3a53d7 184 0
f16b0a 238 074a7b 119 0 f16b0a 238 0
21d29f 222 ef16b0 239 0 ef1641 239 0
243a54 60 ede2d6 158 1 121d2a 158 0
44874b 168 2243a6 212 1 ddbc5a 212 0
f76f16 245 444875 123 1 f76f16 245 0
31121e 95 58890f 176 0 58890f 176 0
162244 108 f4eede 182 1 0b1122 182 0
bd3bb7 46 216225 23 1 bd3bb9 46 0
28588a 198 ebd3bb 227 1 142c45 227 0
250b12 185 528589 221 1 ad7a77 221 0
74a163 120 c5af4e 188 1 3a50b2 188 0
f16bd3 175 474a17 88 0 f16bd3 175 0
11d286 214 08e943 235 0 08e93c 235 0
223a51 123 aee2d7 190 1 511d29 190 0
abb8b5 176 2a23a6 88 1 abb8b5 176 0
f57716 86 054475 43 1 f57716 86 0
21511e 203 af5771 230 0 af5771 230 0
abd5dc 58 2a1512 29 1 abd5dc 58 0
6a8545 200 cabd5d 228 0 cabd5d 228 0
f2af57 57 b957ab 29 1 f2af57 57 0
8e55ea 136 38d50b 68 0 8e55ea 136 0
0e3543 81 b8e55e 169 1 471aa2 169 0
71c6a9 43 871cab 150 1 78e355 150 0
5e38d6 166 2f1c6b 211 0 2f1c6b 211 0
2bc71b 245 55e38e 251 1 a6cb8e 251 0
ca871c 255 5abc72 128 1 ca871c 255 0
e950e3 96 0b578f 48 0 e950e3 96 0
02d5e4 204 fe950e 230 1 016af2 230 0
bfa543 58 dfd2a1 29 0 bfa543 58 0
97f4a8 136 3405ac 68 0 97f4a8 136 0
0d016b 81 4680b6 169 1 b97f4a 169 0
8e5fd2 107 872fe9 54 0 8e5fd2 107 0
5e3406 142 2f1a03 199 0 2f1a03 199 0
2bc681 242 15e341 249 1 e8744c 249 0
9a872f 127 8d4397 64 1 9a872f 127 0
1caf1b 16 f1a872 136 1 0e578e 136 0
fc6a1c 162 fe350e 81 1 fc6a1c 162 0
9f8d43 21 8fc6a1 11 0 9fb135 21 0
c3f1a8 3 a1f8d4 2 0 8a7709 4 0
200000 0 c00000 0 1 100000 0 7
7af03a 193 7d781d 225 1 8287e3 225 0
80a1f8 121 8050fc 61 0 80a1f8 121 0
80143f 144 c00a1f 72 1 80143f 144 0
0ffd79 146 07febd 201 1 f80143 201 0
9e0050 243 8f0028 122 0 9e0050 243 0
5c3ff6 31 6e1ffb 144 0 6e1ffb 144 0
1b87ff 228 f23c00 242 0 f2386e 242 0
bc8f00 189 9e4780 95 0 bc8f00 189 0
c791e0 24 1c3710 12 0 c783a3 24 0
070dc4 195 4386e2 226 1 bc791e 226 0
af1e47 121 6870dd 61 1 af1e47 121 0
7a1c38 80 c2f1e4 168 0 c2f1e4 168 0
f0bc79 42 f85e3c 21 0 f0bc81 42 0
9e178f 134 cf0bc7 67 1 9e178f 134 0
d3c2f1 145 a9e178 73 0 d3c2f1 145 0
7587a2 147 7ac3d1 202 1 853c2f 202 0
a14f0b 243 6f587b 122 0 a14f0b 243 0
5bd61f 223 9214f0 240 0 92149e 240 0
e4853c 60 f2429e 30 1 e4853c 60 0
bc90a7 8 21b7ad 4 1 ca752c 8 0
f79214 65 4436f6 33 1 f79214 65 0
8ef242 201 877921 101 0 8ef242 201 0
7e21b8 26 c0ef24 141 0 c0ef24 141 0
6fc437 36 c81de4 146 0 c81de4 146 0
4df887 165 9903bc 211 0 9903bc 211 0
c640ef 53 a32077 27 1 c640ef 53 0
3737e3 7 5b9bf2 132 1 a4640e 132 0
16e6fd 225 4b737f 241 0 4b7296 241 0
72dce0 253 796e70 255 0 5625a8 255 0
c1a464 128 1f2dce 64 1 c1a464 128 0
f8348c 208 03e5ba 104 1 f8348c 208 0
00f96f 90 ff8348 173 0 ff8348 173 0
601f2e 172 300f97 214 0 300f97 214 0
4c03e6 246 d9fe0d 251 0 d45e2c 251 0
d67f83 63 ab3fc1 32 0 d67f83 63 0
153010 8 f567f8 132 0 f567f8 132 0
02a602 161 415301 209 1 beacff 209 0
7054c1 117 87d59f 187 1 782a61 187 0
c1f567 47 5f054d 24 1 c1f568 47 0
e83eac 70 0be0aa 35 1 e83eac 70 0
dd07d5 201 ae83ea 101 1 dd07d5 201 0
745f06 154 3a2f83 205 0 3a2f83 205 0
91741f 116 3745f1 58 1 91741f 116 0
b22e83 79 991741 40 0 b22e83 79 0
19ba30 138 f322e8 197 0 f322e8 197 0
9cc8ba 178 319ba3 89 0 9cc8ba 178 0
6c66e9 87 89cc8b 172 1 763375 172 0
1d8cde 43 b13991 150 0 b13991 150 0
ac4e64 38 d62732 19 1 ac4e49 38 0
d589cc 133 553b1a 67 1 d589cc 133 0
354ec7 209 a5589c 233 0 a5589b 233 0
895627 187 84ab13 94 1 895627 187 0
5ed53c 24 2f6a9e 140 1 d09562 140 0
f42558 227 45ed54 114 0 f42558 227 0
ae84ab 93 68bdab 47 0 ae84ab 93 0
3a2f6b 76 1d17b6 166 1 e2e84a 166 0
4745ee 234 23a2f7 245 0 238be0 245 0
68e8be 126 34745f 191 0 34745f 191 0
2d1d18 240 e97174 248 0 e89e91 248 0
fa5c5d 190 fd2e2e 95 1 fa5c5d 190 0
20b475 152 105a3b 204 0 105a3b 204 0
04168f 243 bdf4b8 250 0 bbfce5 250 0
af7d2e 63 684169 32 1 af7d2e 63 0
e5efa5 72 0d082e 36 1 e5efa5 72 0
fcbdf4 73 41a106 37 1 fcbdf4 73 0
706842 74 c7cbdf 165 1 383421 165 0
91f2f7 42 c8f97b 21 1 91f2f1 42 0
923e5e 134 c91f2f 67 1 923e5e 134 0
2db835 17 56dc1b 137 0 56dc1b 137 0
75b707 227 7adb84 242 0 7ada6f 242 0
5eb6e1 253 90a48f 255 1 470929 255 0
3bd6dd 192 1deb6f 224 0 1deb6f 224 0
f88524 248 fc4292 124 1 f88524 248 0
ff10a4 31 4077ae 16 1 ff1223 31 0
101dec 196 f7f10a 226 1 080ef6 226 0
4203be 57 6101df 157 0 6101df 157 0
784078 232 c3dfc4 244 0 c3d748 244 0
0f080f 189 b87bf8 223 0 b87bf8 223 0
31e102 184 18f081 220 1 e70f7f 220 0
063c21 247 431e11 252 1 b513d0 252 0
10c785 127 b79c3d 192 0 b79c3d 192 0
ede70f 176 090c79 88 1 ede70f 176 0
fdbce1 86 fede70 43 0 fdbce1 86 0
dfb79c 139 afdbce 70 1 dfb79c 139 0
abf6f3 18 d5fb79 9 0 ac61f1 18 0
6a8122 3 8abf6f 130 1 754091 130 0
5d5025 161 6ea813 209 0 6ea813 209 0
7baa05 245 822afd 251 0 8019a5 251 0
c08abf 191 a0455f 96 1 c08abf 191 0
17eea9 24 f408ab 140 1 0bf755 140 0
fd022a 35 417eeb 18 0 fd01cb 35 0
afa045 197 682fde 99 1 afa045 197 0
3a0bf8 217 a2fa04 237 0 a2f9f8 237 0
77417f 60 3ba0c0 158 0 3ba0c0 158 0
b117d0 104 d88be8 52 0 b117d0 104 0
09dd06 13 44ee83 135 0 44ee83 135 0
313ba1 98 189dd1 177 1 e7622f 177 0
99d88b 237 8cec45 119 0 99d88b 237 0
c33b11 30 1e6278 15 0 c3394e 30 0
d86762 196 ec33b1 98 0 d86762 196 0
44f314 153 62798a 205 1 9d8676 205 0
87619d 116 c3b0ce 58 1 87619d 116 0
4f13cd 15 6789e7 136 0 6789e7 136 0
19e27a 98 f30ec3 177 1 0cf13d 177 0
633c50 173 8e61d8 215 0 8e61d8 215 0
3c678a 54 1e33c5 155 1 e1cc3b 155 0
278cf2 231 53c679 244 1 ac32c3 244 0
eb0e61 253 4a78d0 127 0 eb0e61 253 0
329e34 224 194f1a 240 1 e6b019 240 0
f9ac39 252 0329e4 126 0 f9ac39 252 0
40ca79 96 df9ac3 176 1 20653d 176 0
081950 44 fbf358 150 0 fbf358 150 0
41032a 38 df7e6b 147 1 208195 147 0
282066 37 541033 147 0 541033 147 0
35040d 229 a57df9 243 0 a57acd 243 0
36a082 189 a4afbf 223 1 5b5041 223 0
c92bef 184 e495f7 92 1 c92bef 184 0
f9257d 151 bc92be 76 1 f9257d 151 0
10db51 19 486da9 138 1 b79257 138 0
521b6b 99 690db6 178 1 96f24a 178 0
5a436e 237 92de49 247 0 92b4da 247 0
c4b792 62 e25bc9 31 0 c4b792 62 0
27690e 136 ec4b79 196 0 ec4b79 196 0
fb12de 177 427691 89 1 fb12de 177 0
709da5 87 87b12d 172 0 87b12d 172 0
1e13b5 171 4f09db 214 0 4f09db 214 0
53c277 118 d61ec4 187 0 d61ec4 187 0
2a784f 47 553c28 152 0 553c28 152 0
154f0a 102 0aa785 179 1 f5587b 179 0
22a9e2 109 5154f1 183 1 aeab0f 183 0
cbaac3 238 e5d561 119 0 cbaac3 238 0
d97558 158 ecbaac 79 0 d97558 158 0
db2eab 20 ed9755 10 0 db6a11 20 0
bb65d5 3 624d16 2 1 851fa5 4 0
589346 65 6c49a3 161 0 6c49a3 161 0
84ed97 233 8276cb 117 1 84ed97 233 0
7f624e 30 3fb127 143 0 3fb127 143 0
d013b6 100 e809db 50 1 d013b6 100 0
ba0276 141 9d013b 71 1 ba0276 141 0
c7404e 146 e3a027 73 1 c7404e 146 0
6717f7 147 738bfc 202 0 738bfc 202 0
a31d01 115 6e7180 58 0 a31d01 115 0
a463a0 207 6dce30 104 0 a463a0 207 0
1b738c 90 f2463a 173 1 0db9c6 173 0
9c918e 44 ce48c7 22 1 9c918b 44 0
4c6dcf 6 2636e8 131 0 2636e8 131 0
298dba 97 54c6dd 177 1 ab3923 177 0
8ace48 237 7a98dc 119 0 8ace48 237 0
c159c9 222 e0ace4 111 0 c159c9 222 0
d82b39 28 ec159c 14 0 d82ee9 28 0
bb0567 132 dd82b3 66 1 bb0567 132 0
b760ac 145 9bb056 73 1 b760ac 145 0
7913eb 147 83760a 202 1 7c89f6 202 0
a0dd82 51 6f913f 26 0 a0dd82 51 0
5be450 199 6df228 228 0 6df228 228 0
e48376 249 b241bb 125 1 e48376 249 0
8c906e 32 c64837 16 1 8c8fa8 32 0
0e6df3 132 f8c906 194 1 0736fa 194 0
41cdbf 49 9f1920 153 0 9f1920 153 0
87c648 39 83e324 20 0 87c658 39 0
1f0737 5 b07c64 131 0 b07c64 131 0
cc1f19 33 59f074 17 0 cc1e73 33 0
767c1d 197 84c1f1 227 0 84c1f1 227 0
c1307c 185 a0983e 93 1 c1307c 185 0
77d9f1 152 3becf9 204 1 c41307 204 0
0efb3f 115 b88260 186 0 b88260 186 0
ae2098 175 97104c 88 0 ae2098 175 0
e5c413 150 0d1df7 75 0 e5c413 150 0
dcb882 83 51a3bf 42 0 dcb882 83 0
5468f0 75 95cb88 166 0 95cb88 166 0
5a8d1e 170 d2b971 213 0 d2b971 213 0
94ae5c 54 ca572e 27 1 94ae5c 54 0
2d6a35 7 56b51b 132 0 56b51b 132 0
ea52b9 225 b5295c 113 0 ea52b9 225 0
8d4a57 29 795ad5 15 1 8d4c72 29 0
3e56b6 68 e0d4a5 162 0 e0d4a5 162 0
47cad7 41 9c1a94 149 0 9c1a94 149 0
8706a5 166 3c7cae 83 1 8706a5 166 0
2f1f2c 213 a8706a 235 1 578f93 235 0
35e3e6 59 5af1f3 158 0 5af1f3 158 0
56bc7d 104 2b5e3f 180 0 2b5e3f 180 0
0ad790 109 ba9438 183 0 ba9438 183 0
cea50e 46 e75287 23 1 cea50c 46 0
262b5f 134 1315b0 195 0 1315b0 195 0
24c56c 113 ad9d4a 185 1 5262b6 185 0
7498ae 47 7a4c57 152 0 7a4c57 152 0
e16cea 102 0f498b 51 0 e16cea 102 0
dc2d9d 77 51e932 39 1 dc2d9d 77 0
347a4d 74 e5c2d9 165 0 e5c2d9 165 0
668f4a 42 ccb85b 149 1 3347a5 149 0
6cd1ea 38 c9970b 147 1 3668f5 147 0
d265c2 165 56cd1f 83 0 d265c2 165 0
35b348 85 a5265c 171 0 a5265c 171 0
c94997 43 a4a4cb 22 1 c94992 43 0
56d6ce 6 2b6b67 131 0 2b6b67 131 0
2adada 225 aa9293 241 1 556c98 241 0
8aa4a4 189 855252 95 1 8aa4a4 189 0
c15494 152 e0aa4a 76 1 c15494 152 0
07d56e 147 bc1549 202 0 bc1549 202 0
50faae 51 687d57 154 0 687d57 154 0
a5e0aa 231 92f055 116 0 a5e0aa 231 0
e4bc15 29 4da1f6 15 1 e4bede 29 0
33687e 196 19b43f 226 0 19b43f 226 0
b992f0 249 9cc978 125 0 b992f0 249 0
78cda2 32 3c66d1 144 1 c3992f 144 0
f0e64b 228 078cdb 114 0 f0e64b 228 0
41e337 221 60f19c 239 0 60f16c 239 0
c7c399 124 e3e1cc 62 0 c7c399 124 0
47078d 16 dc7c39 136 0 dc7c39 136 0
f71f0e 162 fb8f87 81 1 f71f0e 162 0
9ee3e1 21 8f71f0 11 0 9f07bd 21 0
c3dc7c 131 a1ee3e 66 1 c3dc7c 131 0
a87b8f 17 943dc7 9 1 a7e751 17 0
7af08f 131 7d7848 194 0 7d7848 194 0
5f5e12 113 9050f7 185 1 6faf09 185 0
7bebc3 47 7df5e2 152 1 820a1e 152 0
1f7d79 230 0fbebd 243 1 f03a3f 243 0
dc1050 125 ae0828 63 0 dc1050 125 0
347df6 16 1a3efb 136 0 1a3efb 136 0
068fbf 226 0347e0 241 0 0345ed 241 0
9f2e08 125 8f9704 63 0 9f2e08 125 0
3c1a3f 16 1e0d20 136 0 1e0d20 136 0
f87cb8 98 03c1a4 49 0 f87cb8 98 0
60f069 77 8f87cb 167 1 707835 167 0
c3e1f2 42 e1f0f9 21 0 c3e1f9 42 0
987c3e 6 33c1e1 3 1 b20402 6 0
2cf079 65 56783d 161 1 a987c3 161 0
8a61f0 233 8530f8 117 0 8a61f0 233 0
7eb3c2 158 3f59e1 207 1 c0a61f 207 0
d02987 244 17eb3d 122 1 d02987 244 0
45fad0 223 9d0298 240 0 9d023b 240 0
18bf5a 188 f3a053 222 1 0c5fad 222 0
4317ec 184 de740a 220 1 218bf6 220 0
f79d02 183 bbce81 92 0 f79d02 183 0
110c60 23 488630 140 0 488630 140 0
edde74 227 4910c6 114 1 edde74 227 0
524432 93 96dde7 175 1 692219 175 0
c5b779 172 e2dbbc 86 0 c5b779 172 0
474911 150 dc5b77 203 1 23a489 203 0
28e923 51 ab8b6e 154 1 547492 154 0
aae2db 167 95716d 84 0 aae2db 167 0
1aa3a5 149 b2ae2d 203 0 b2ae2d 203 0
335475 179 59aa3b 218 0 59aa3b 218 0
566a8f 119 94cab8 188 0 94cab8 188 0
1acd52 175 4d66a9 216 1 b29957 216 0
eca655 118 09acd6 59 1 eca655 118 0
226b36 207 51359b 232 0 51359b 232 0
ebb299 250 f5d94c 125 0 ebb299 250 0
6289ad 160 cebb29 208 0 cebb29 208 0
0c5136 180 06289b 218 0 06289b 218 0
418a27 119 9f3aec 188 0 9f3aec 188 0
e7cebb 175 b3e75d 88 0 e7cebb 175 0
ecf9d7 22 f67ceb 11 1 ecdb07 22 0
2260c6 3 513063 130 0 513063 130 0
abb3e7 225 95d9f3 113 1 abb3e7 225 0
85767c 29 7d44c2 15 1 857887 29 0
c0aecf 196 e05767 98 1 c0aecf 196 0
b815d9 25 63f514 13 0 b80c18 25 0
78fd45 68 3c7ea3 162 0 3c7ea3 162 0
4f1fa9 233 98702b 245 1 6784c7 245 0
861c0a 190 3cf1fb 95 0 861c0a 190 0
2f3c7f 88 179e40 172 0 179e40 172 0
fa1870 107 42f3c8 54 0 fa1870 107 0
50bcf2 78 285e79 167 1 d7a187 167 0
2a179f 106 150bd0 181 0 150bd0 181 0
9abd0c 110 32a17a 55 1 9abd0c 110 0
d357a1 206 165430 103 0 d357a1 206 0
25950c 90 ed357a 173 1 12ca86 173 0
64b2a2 172 325951 214 1 cda6af 214 0
b369ab 118 264b2b 59 0 b369ab 118 0
2992cb 79 54c966 168 1 ab369a 168 0
eacda6 106 0a992d 53 1 eacda6 106 0
62a64c 206 ceacda 231 1 315326 231 0
2c54ca 58 e9d59b 157 1 162a65 157 0
9a7566 40 cd3ab3 20 1 9a7559 40 0
0cb154 5 4658aa 131 1 b9a756 131 0
31962b 97 58cb16 177 1 a734ea 177 0
7632c6 109 7b1963 183 0 7b1963 183 0
3ec659 238 1f632d 247 1 e03c36 247 0
27d8cc 254 13ec66 255 1 800000 255 0
100000 0 100000 0 1 100000 0 7
fb609c 64 024fb2 32 1 fb609c 64 0
0093ed 72 0049f7 164 0 0049f7 164 0
00127e 105 40093f 181 0 40093f 181 0
8ffdb0 110 c7fed8 55 0 8ffdb0 110 0
2e004a 14 170025 135 1 e8ffdb 135 0
25c00a 226 ed1ffb 241 1 12de51 241 0
9b47fe 189 8da3ff 95 1 9b47fe 189 0
3c9701 24 1e4b81 140 1 e1b47f 140 0
f86d1f 99 43c971 50 1 f86d1f 99 0
50f25d 77 68792f 167 0 68792f 167 0
3a1e4c 106 1d0f26 181 1 e2f0da 181 0
98bc36 238 cc5e1b 119 1 98bc36 238 0
2ce87a 30 e98bc3 143 1 16743d 143 0
259d10 36 12ce88 146 0 12ce88 146 0
44b3a2 101 9da62f 179 1 6259d1 179 0
c7698b 173 a3b4c5 87 0 c7698b 173 0
c8ed31 22 e47698 11 0 c909c0 22 0
26e25a 131 ac8ed3 194 1 53712d 194 0
ab23b4 49 9591da 25 1 ab23b3 49 0
856476 7 7d4dc5 4 1 95babd 7 0
e0ac8e 65 b05647 33 1 e0ac8e 65 0
73ea6f 137 79f538 197 0 79f538 197 0
8182b2 114 c0c159 57 0 8182b2 114 0
6fcfaa 15 88182b 136 1 77e7d5 136 0
1df9f6 162 f10305 209 0 f10305 209 0
63bf3f 53 71dfa0 155 0 71dfa0 155 0
3c77e8 231 5e3bf4 244 0 5e35d8 244 0
e87103 253 b43881 127 0 e87103 253 0
32f1e0 160 1978f0 208 0 1978f0 208 0
065e3c 116 032f1e 186 1 fcd0e2 186 0
bf3438 111 9f9a1c 56 0 bf3438 111 0
e7e687 142 f3f343 71 1 e7e687 142 0
dcfcd0 18 118198 9 0 dc8591 18 0
9b9f9a 67 723033 34 0 9b9f9a 67 0
a373f3 201 6e4607 101 0 a373f3 201 0
846e7e 90 3dc8c1 45 1 846e7e 90 0
6f7231 204 c846e7 230 1 37b919 230 0
b211b9 186 26f724 93 0 b211b9 186 0
964237 216 34dee5 108 1 964237 216 0
f2c846 91 469bdd 46 1 f2c846 91 0
ae5908 204 28d37c 102 0 ae5908 204 0
b5cb21 90 dae590 45 0 b5cb21 90 0
96b964 12 cb5cb2 6 1 938bf1 12 0
4d28d4 130 26946a 193 1 d96b96 193 0
69a51b 241 8b2d72 249 1 743c33 249 0
7d34a4 191 7e9a52 224 1 8165ae 224 0
1fa695 120 f02cb5 188 0 f02cb5 188 0
03f4d3 47 be0596 152 1 41fa6a 152 0
107e9b 166 f7c0b2 211 1 083f4e 211 0
220fd4 53 aef816 155 1 5107ea 155 0
3441fb 39 a5df02 148 1 5a20fe 148 0
168840 37 b4bbe0 147 0 b4bbe0 147 0
32d108 165 596884 211 0 596884 211 0
c9a5df 245 a4d2ef 123 1 c9a5df 245 0
36cb45 159 a49a5d 208 0 a49a5d 208 0
16d969 180 f4934b 218 1 0b6cb5 218 0
bd24d2 183 9e9269 92 0 bd24d2 183 0
185b66 151 b3d24d 204 0 b3d24d 204 0
ecf493 179 b67a49 90 0 ecf493 179 0
52616e 151 96cf49 204 0 96cf49 204 0
1a4c2e 179 b2d9e9 218 0 b2d9e9 218 0
534986 183 69a4c3 220 0 69a4c3 220 0
e596cf 247 b2cb67 124 1 e596cf 247 0
ecb2d9 159 b6596c 80 0 ecb2d9 159 0
ed965b 148 0934d3 74 0 ed965b 148 0
bdb2cb 211 61269b 106 0 bdb2cb 211 0
5849a7 91 6c24d4 174 0 6c24d4 174 0
a4f6cb 236 d27b65 118 0 a4f6cb 236 0
4b6127 158 da4f6c 207 0 da4f6c 207 0
296c25 180 eb49ed 218 0 eb49ed 218 0
bad27b 55 9d693d 28 0 bad27b 55 0
e75a4f 7 b3ad27 4 1 d0e4aa 7 0
1314b7 129 498a5c 193 0 498a5c 193 0
726297 241 86ceb4 249 0 864117 249 0
7e4c53 191 7f262a 224 1 80d9d6 224 0
e03675 120 f01b3a 60 1 e03675 120 0
03f932 15 41fc99 136 1 be0367 136 0
107f27 98 083f94 177 0 083f94 177 0
620fe5 109 7107f3 183 0 7107f3 183 0
3c41fd 110 1e20ff 183 0 1e20ff 183 0
d877c0 110 ec3be0 55 0 d877c0 110 0
db0ef8 14 127884 7 0 d933e9 14 0
249e21 194 edb0ef 225 1 124f11 225 0
9b6c3b 185 8db61d 93 0 9b6c3b 185 0
836d87 24 3e493d 12 1 8379a2 24 0
f06db0 195 b836d8 98 0 f06db0 195 0
ae0db6 153 68f925 77 1 ae0db6 153 0
85c1b6 212 c2e0db 106 1 85c1b6 212 0
4f47ca 155 67a3e5 206 1 985c1b 206 0
a61706 116 d30b83 58 1 a61706 116 0
b4c2e0 143 659e90 72 0 b4c2e0 143 0
e6985c 82 f34c2e 41 1 e6985c 82 0
9cd30b 139 8e6985 70 0 9cd30b 139 0
a39a61 146 2e32d0 73 0 a39a61 146 0
94734c 211 75c65a 106 1 94734c 211 0
a28e69 91 914734 46 0 a28e69 91 0
5bae33 140 d228e6 198 1 2dd71a 198 0
b48a39 178 da451c 89 0 b48a39 178 0
969147 23 8b48a3 12 1 967fde 23 0
e2d228 3 b16914 2 0 9dc359 4 0
c00000 0 962d22 129 1 69d2de 129 0
858b48 161 7d3a5c 81 0 858b48 161 0
80b169 85 8058b4 43 0 80b169 85 0
3fe9d3 139 5ff4ea 198 1 a00b16 198 0
57fd3b 242 2bfe9e 249 1 d2b15c 249 0
6affa8 127 757fd4 192 0 757fd4 192 0
e2a00b 240 0eaffb 120 0 e2a00b 240 0
fc5401 222 01d600 111 0 fc5401 222 0
207580 220 efc540 238 0 efc508 238 0
bbf150 60 ddf8a8 30 0 bbf150 60 0
4881d6 8 2440eb 132 0 2440eb 132 0
09103b 97 44881e 177 1 bb77e2 177 0
712208 109 876efc 183 0 876efc 183 0
c1dbbf 46 1f1221 23 1 c1dbc1 46 0
d83b77 198 ec1dbb 99 1 d83b77 198 0
24f892 153 527c49 205 1 ad83b7 205 0
8b60ed 116 3a4f8a 58 1 8b60ed 116 0
4e93e3 79 6749f2 168 1 98b60e 168 0
19d27d 234 f316c1 245 0 f2f9fb 245 0
9cc5b0 62 ce62d8 31 0 9cc5b0 62 0
2c674a 8 1633a5 132 1 e9cc5b 132 0
fa7316 225 bd398b 113 1 fa7316 225 0
70b19e 29 7858cf 143 0 7858cf 143 0
c1e9cc 100 e0f4e6 50 1 c1e9cc 100 0
b83d39 141 9c1e9c 71 0 b83d39 141 0
38f859 146 e383d3 201 1 1c7c2d 201 0
98e0f4 179 738f86 90 1 98e0f4 179 0
a31c1e 87 918e0f 44 1 a31c1e 87 0
1b9c7d 11 b231c1 134 0 b231c1 134 0
ac8c70 34 29b9c8 17 0 ac8c05 34 0
6a6e72 69 8ac8c7 163 1 753739 163 0
c2b231 169 a15918 85 0 c2b231 169 0
885646 22 3bd4dd 11 1 886ecb 22 0
2ef538 195 a88564 226 0 a88564 226 0
55dea7 57 6aef54 157 0 6aef54 157 0
7abbd5 232 c2a215 244 0 c299c1 244 0
f0a885 61 47abbe 31 1 f0a885 61 0
31eaf0 72 18f578 164 0 18f578 164 0
063d5e 233 431eaf 245 0 430f13 245 0
8f3854 126 3863d6 63 1 8f3854 126 0
2e18f6 80 e8f385 168 0 e8f385 168 0
fa3ce1 42 fd1e70 21 0 fa3ce9 42 0
9f479c 6 cfa3ce 3 1 855322 6 0
2c170d 129 a9f479 193 0 a9f479 193 0
7582e2 49 853e8f 153 1 7ac171 153 0
7eb05d 39 7f582f 148 0 7f582f 148 0
1fd60c 101 b014fa 179 1 4feb06 179 0
33fac2 45 59fd61 151 1 a6029f 151 0
367f59 230 1b3fad 243 1 e4ba07 243 0
26cfec 125 ac980a 191 1 5367f6 191 0
34d9fe 176 e59301 216 0 e59301 216 0
f964c0 54 034da0 27 0 f964c0 54 0
20d368 199 5069b4 228 0 5069b4 228 0
ebe593 121 b5f2c9 61 0 ebe593 121 0
72834e 16 3941a7 136 0 3941a7 136 0
0e506a 98 072835 177 1 f8d7cb 177 0
9e35f2 109 8f1af9 55 0 9e35f2 109 0
3c3942 142 1e1ca1 199 1 e1e35f 199 0
278729 242 ec3c6b 249 1 1212a3 249 0
9b0f1a 191 727873 96 0 9b0f1a 191 0
1c9e1d 88 f1b0f1 172 0 f1b0f1 172 0
0393c4 171 41c9e2 214 1 be361e 214 0
af8d87 118 d7c6c3 59 1 af8d87 118 0
d5f1b0 143 550728 72 0 d5f1b0 143 0
1541ca 210 f55f1b 233 1 0aa0e3 233 0
9d57c6 59 71541d 30 1 9d57c6 59 0
a3aaf8 200 2e2a84 100 0 a3aaf8 200 0
f4755f 217 45c551 109 1 f4755f 217 0
717155 92 c74755 174 0 c74755 174 0
4e2e2b 172 271716 214 1 d8e8ea 214 0
49c5c6 118 db1d1d 187 0 db1d1d 187 0
d6c747 175 ab63a3 88 1 d6c747 175 0
ead8e8 22 0a938c 11 0 eaba3a 22 0
dd5b1d 195 aead8e 98 1 dd5b1d 195 0
54549d 153 95d5b1 205 0 95d5b1 205 0
85756c 180 c2bab6 90 1 85756c 180 0
4f5153 23 985756 140 1 67a8aa 140 0
e615d5 35 b30aea 18 1 e6157b 35 0
acc2ba 133 699ea3 67 0 acc2ba 133 0
3a67a9 209 a2cc2b 233 1 5d33d4 233 0
88b30a 59 845985 30 0 88b30a 59 0
5ee99f 8 2f74d0 132 0 2f74d0 132 0
f422cc 97 ba1166 49 1 f422cc 97 0
717ba7 13 78bdd4 135 0 78bdd4 135 0
3e2f75 226 e0e845 241 0 e0e6c1 241 0
983a11 61 8c1d08 31 0 983a11 61 0
3cf8be 8 e183a1 132 0 e183a1 132 0
f860e8 33 bc3074 17 0 f861a4 33 0
8f0c1d 133 87860e 67 1 8f0c1d 133 0
3e1e7d 17 5f0f3f 137 0 5f0f3f 137 0
77c3d0 99 7be1e8 178 0 7be1e8 178 0
a10786 109 6f7c3d 55 1 a10786 109 0
3bdf10 206 1def88 231 0 1def88 231 0
277be2 122 13bdf1 189 1 ec420f 189 0
64ef7d 240 3277bf 248 0 31dcae 248 0
0c9df0 126 064ef8 191 0 064ef8 191 0
de6c42 240 10c9df 120 0 de6c42 240 0
043278 94 02193c 175 0 02193c 175 0
20864f 236 104328 246 0 100b4a 246 0
4410ca 254 ddf79b 255 1 800000 0 5
d77de6 64 14410d 32 1 d77de6 64 0
051044 72 fd77de 164 1 028822 164 0
00a209 169 bfaefb 213 1 405105 213 0
701442 182 c7f5df 219 1 380a21 219 0
2e0289 55 570145 156 1 a8febb 156 0
ea3fae 103 4ae029 52 1 ea3fae 103 0
12b80b 77 495c06 167 1 b6a3fa 167 0
325702 106 192b81 181 1 e6d47f 181 0
664ae1 238 ccda8f 247 1 32d896 247 0
d336a3 190 e99b51 95 0 d336a3 190 0
da66d4 152 ed336a 76 1 da66d4 152 0
04b326 19 425993 138 0 425993 138 0
af699b 227 684b33 114 0 af699b 227 0
5a12cd 221 92f699 239 0 92f670 239 0
3b425a 188 e25ed3 222 1 1da12d 222 0
47684c 184 dc4bda 220 1 23b426 220 0
f712f6 183 447685 92 1 f712f6 183 0
eee25e 215 488ed1 108 1 eee25e 215 0
1223b5 219 b6ee25 238 0 b6ee07 238 0
adbb89 60 29223c 30 0 adbb89 60 0
b5b771 72 dadbb8 36 0 b5b771 72 0
094912 137 bb5b77 197 1 44a489 197 0
712923 50 c76b6e 153 1 389492 153 0
91dadb 39 88ed6d 20 0 91daec 39 0
1dc4a5 133 4ee253 195 0 4ee253 195 0
33b895 241 59dc4b 249 0 591004 249 0
767713 127 7b3b8a 192 1 84c476 192 0
e1311d 112 f0988e 56 1 e1311d 112 0
03d9dd 142 01ecef 199 0 01ecef 199 0
207b3c 242 103d9e 249 1 ee0358 249 0
9bf098 127 8df84c 64 0 9bf098 127 0
e37e13 144 f1bf09 72 0 e37e13 144 0
fc6fc2 18 01c81f 9 0 fbf0a6 18 0
607208 67 8fc6fc 162 0 8fc6fc 162 0
a3f1bf 169 91f8df 85 1 a3f1bf 169 0
847e37 22 c23f1b 11 1 8465ef 22 0
2f703a 3 a847e3 130 1 57b81d 130 0
aa11f8 161 9508fc 81 0 aa11f8 161 0
7abdc1 21 82a11f 139 1 7d5ee1 139 0
c0a847 35 a05423 18 1 c0a7f7 35 0
a81508 133 6bf57c 67 0 a81508 133 0
c502a1 81 5d7eb0 41 0 c502a1 81 0
775fac 203 84502a 230 1 7bafd6 230 0
5eebf6 58 2f75fb 157 0 2f75fb 157 0
942281 232 ca1140 116 0 942281 232 0
f28450 157 b94228 79 0 f28450 157 0
31af76 148 e72845 202 0 e72845 202 0
4635ef 51 9ce508 154 0 9ce508 154 0
a73942 39 939ca1 20 0 a73954 39 0
e4e728 133 b27394 67 0 e4e728 133 0
cc9ce5 145 a64e72 73 1 cc9ce5 145 0
766c64 19 84c9ce 138 1 7b3632 138 0
5ecd8d 163 6f66c7 210 0 6f66c7 210 0
5bd9b2 245 921327 251 1 6b5c40 251 0
c484c9 63 5dbd9c 32 0 c484c9 63 0
176f67 200 f4484c 228 0 f4484c 228 0
02eded 57 4176f7 157 0 4176f7 157 0
8fa242 232 382edf 116 0 8fa242 232 0
f1f448 221 4705dc 111 0 f1f448 221 0
31c177 92 18e0bc 174 0 18e0bc 174 0
46382f 236 231c18 246 0 22eda6 246 0
48c706 126 db9c7d 191 0 db9c7d 191 0
d6e71f 176 eb738f 88 1 d6e71f 176 0
05231d 22 02918f 139 0 02918f 139 0
df5b9c 99 afadce 50 1 df5b9c 99 0
abeb73 141 95f5b9 71 0 abeb73 141 0
3a8292 18 1d4149 137 1 e2beb7 137 0
675053 227 8c57d6 242 1 73a6f9 242 0
5cea0b 61 6e7506 159 1 918afa 159 0
3b9d42 232 e2315f 244 1 1dc25b 244 0
f88c57 61 bc462b 31 1 f88c57 61 0
cf118a 136 18773b 68 0 cf118a 136 0
061dcf 209 430ee8 233 0 430ee7 233 0
8f3c46 251 7861dd 126 1 8f3c46 251 0
a1e788 96 d0f3c4 48 0 a1e788 96 0
f43cf1 12 fa1e78 6 0 f8256b 12 0
417862 2 20bc31 129 1 df43cf 129 0
97d0f3 97 741787 49 0 97d0f3 97 0
82fa1e 77 817d0f 39 1 82fa1e 77 0
c05f43 138 1fd05f 69 0 c05f43 138 0
67f418 210 cc05f4 233 0 cc05f3 233 0
6cfe83 187 767f42 222 1 8980be 222 0
a2602f 120 2ecfe9 60 1 a2602f 120 0
f44c05 207 ba2602 104 1 f44c05 207 0
117680 154 f744c0 205 0 f744c0 205 0
622ed0 52 cee898 154 0 cee898 154 0
b3ba26 167 99dd13 84 1 b3ba26 167 0
1988bc 21 4cc45e 139 1 b33ba2 139 0
333118 99 59988c 178 0 59988c 178 0
566623 109 6b3312 183 1 94ccee 183 0
c5333b 110 1d6663 55 0 c5333b 110 0
275999 206 13accd 231 1 ec5333 231 0
24eb34 250 12759a 253 1 d227cc 253 0
649d67 128 324eb4 192 0 324eb4 192 0
0c93ad 240 0649d7 248 0 05566b 248 0
fe6d8a 254 ff36c5 127 0 fe6d8a 254 0
20324f 32 efe6d8 144 0 efe6d8 144 0
04064a 164 020325 210 1 fdfcdb 210 0
bf7f36 117 604065 59 1 bf7f36 117 0
38101a 79 5c080d 168 1 a3f7f3 168 0
170204 234 f47efe 245 1 0b63e2 245 0
9d1fbf 190 317021 95 1 9d1fbf 190 0
d3a3f7 88 162e05 44 1 d3a3f7 88 0
058b82 203 42c5c1 230 1 bd3a3f 230 0
50b171 250 2858b9 253 1 c1bd75 253 0
100000 0 100000 0 0 100000 0 7
f2bd3a 192 06a163 96 0 f2bd3a 192 0
fe57a7 216 ff2bd3 108 1 fe57a7 216 0
ffcaf4 155 bfe57a 78 1 ffcaf4 155 0
aff95e 20 d7fcaf 10 1 afc35f 20 0
4a00d5 3 65006b 130 0 65006b 130 0
a6bfe5 225 6ca00e 113 1 a6bfe5 225 0
84d7fc 93 826bfe 47 1 84d7fc 93 0
3f6501 140 e04d7f 198 1 1fb281 198 0
47eca1 178 dc09af 217 1 23f651 217 0
68fd95 55 8b8135 156 0 8b8135 156 0
e2e04d 39 4e8fda 20 1 e2e063 39 0
13a3f7 197 49d1fc 227 0 49d1fc 227 0
cd8b81 121 593a40 61 0 cd8b81 121 0
764e90 80 3b2748 168 0 3b2748 168 0
0ec9d2 234 0764e9 245 1 f87cf0 245 0
61d93b 254 cf1362 255 1 800000 0 5
2c3b28 64 e9e26c 160 0 e9e26c 160 0
fa789b 168 02c3b3 84 0 fa789b 168 0
ff4f13 85 bfa789 43 0 ff4f13 85 0
cfe9e2 11 580b0f 6 0 caaa3a 11 0
5602c4 194 d4fe9e 225 1 2b0162 225 0
953fa7 185 75602d 93 1 953fa7 185 0
82a7f4 216 c153fa 108 1 82a7f4 216 0
0fab02 155 b82a7f 206 1 47d581 206 0
51f561 52 d7054f 154 1 28fab1 154 0
b5c153 39 651f57 20 0 b5c140 39 0
1947d6 197 4ca3eb 227 0 4ca3eb 227 0
ccd705 121 59947e 61 1 ccd705 121 0
899ae0 80 c4cd70 40 0 899ae0 80 0
0ecca4 138 f899ae 197 1 076652 197 0
61d995 50 cf1335 153 0 cf1335 153 0
93c4cd 39 761d9a 20 1 93c4de 39 0
e27899 197 4ec3b4 99 0 e27899 197 0
33b0ed 89 59d877 173 0 59d877 173 0
76761e 236 c4c4f1 246 0 c4a28f 246 0
b1313c 62 276762 31 1 b1313c 62 0
29d9d9 72 eb1313 164 1 14eced 164 0
fac4c4 169 bd6262 85 1 fac4c4 169 0
70a768 22 3853b4 139 0 3853b4 139 0
d1eb13 227 570a77 114 0 d1eb13 227 0
aa3d62 93 951eb1 47 0 aa3d62 93 0
3ab854 140 e2a3d6 198 1 1d5c2a 198 0
b8a8f5 178 23ab86 89 1 b8a8f5 178 0
68eae2 215 747571 236 1 8b8a8a 236 0
1d1d5d 251 b17151 254 0 9514fd 254 0
53a3ac 64 d62e2a 160 1 29d1d6 160 0
f58b8a 40 053a3b 20 0 f58b7a 40 0
feb171 197 40a748 99 0 feb171 197 0
cfd62e 89 5814e9 45 1 cfd62e 89 0
89fac5 76 3b029e 38 1 89fac5 76 0
4ec0a8 202 d89fac 229 0 d89fac 229 0
69d815 58 cb13f5 157 0 cb13f5 157 0
6d3b03 40 c9627e 148 1 369d82 148 0
f2589f 165 46d3b1 83 1 f2589f 165 0
31b4ed 213 58da77 235 0 58da74 235 0
c9c962 123 a4e4b1 62 0 c9c962 123 0
56c6d4 144 d49c96 200 1 2b636a 200 0
f52725 50 056c6e 25 1 f52725 50 0
9ea4e4 199 8f5272 100 1 9ea4e4 199 0
e3d49c 25 4e15b2 13 1 e3dfbb 25 0
73856d 196 39c2b7 226 0 39c2b7 226 0
b18f52 121 673857 61 0 b18f52 121 0
79ce16 80 c318f5 168 0 c318f5 168 0
0f39c3 170 079ce2 213 1 f8631e 213 0
9e18c7 118 30f39d 59 1 9e18c7 118 0
2c3ce8 79 a9e18c 168 0 a9e18c 168 0
15879d 42 f53c31 149 0 f53c31 149 0
62b0f4 38 cea786 147 1 31587a 147 0
2c561f 165 a9d4f0 211 0 a9d4f0 211 0
ca753c 53 a53a9e 27 1 ca753c 53 0
c94ea7 135 a4a753 68 1 c94ea7 135 0
16d62c 17 b494ea 137 1 4b6b16 137 0
8d253a 35 86929d 18 0 8d257d 35 0
a1a4a7 133 90d253 67 1 a1a4a7 133 0
3bcb6c 145 5de5b6 201 1 a21a4a 201 0
888692 243 844349 122 0 888692 243 0
a110d2 31 6f7797 16 0 a10fb1 31 0
e4221a 196 f2110d 98 0 e4221a 196 0
437bbd 25 61bddf 141 0 61bddf 141 0
786f78 100 3c37bc 178 0 3c37bc 178 0
b0f211 109 6786f8 55 0 b0f211 109 0
c61e42 206 1cf0df 103 0 c61e42 206 0
273c38 90 ec61e4 173 0 ec61e4 173 0
64e787 44 3273c4 150 0 3273c4 150 0
b3630f 102 264e79 51 1 b3630f 102 0
29939f 77 ab3630 167 0 ab3630 167 0
cacd8c 170 e566c6 85 1 cacd8c 170 0
9959b1 22 ccacd8 11 0 997347 22 0
2cd4ca 131 a9959b 194 1 566a65 194 0
aa6566 177 6acd4d 89 1 aa6566 177 0
7ab354 215 82a656 236 1 7d59a6 236 0
e0a995 187 4fab36 94 1 e0a995 187 0
53eace 88 29f567 172 0 29f567 172 0
0a7d5a 235 bac153 246 1 451ffd 246 0
514fac 62 d7582a 159 1 28a7d6 159 0
2a29f6 168 eaeb05 212 0 eaeb05 212 0
05453f 53 42a2a0 155 0 42a2a0 155 0
30a8a8 103 585454 180 0 585454 180 0
e9eaeb 109 b4f575 55 0 e9eaeb 109 0
cd3d5d 142 e69eae 71 1 cd3d5d 142 0
265855 18 132c2b 137 0 132c2b 137 0
64cb0b 227 8d9a7a 242 1 726450 242 0
a3669e 189 91b34f 95 1 a3669e 189 0
c46cd3 152 1dc997 76 0 c46cd3 152 0
077266 211 43b933 234 0 43b931 234 0
50ee4d 123 9788d9 190 0 9788d9 190 0
a5e236 48 2d0ee5 24 1 a5e237 48 0
0b43ba 198 fa5e23 227 1 05a1dd 227 0
de9788 185 50b43c 93 0 de9788 185 0
742d0f 88 c5e978 172 0 c5e978 172 0
0e85a2 171 b8bd2f 214 1 4742d1 214 0
51d0b5 182 d717a5 219 0 d717a5 219 0
d5c5e9 55 551d0c 28 0 d5c5e9 55 0
154743 199 4aa3a2 228 1 b55c5e 228 0
12a8e9 121 b6ab8b 189 1 495475 189 0
72551e 176 c6d571 216 0 c6d571 216 0
0e4aa4 182 072552 219 1 f8daae 219 0
de36ab 247 af1b55 124 0 de36ab 247 0
14392b 31 b5e36a 144 1 4a1c96 144 0
128726 36 f6bc6d 146 0 f6bc6d 146 0
bdaf1b 165 9ed78d 83 0 bdaf1b 165 0
384a1d 21 5c250f 139 0 5c250f 139 0
370944 227 5b84a2 242 1 a479cc 242 0
a91ed7 125 6b7095 63 1 a91ed7 125 0
3adc26 208 1d6e13 232 0 1d6e12 232 0
075b85 250 03adc3 253 0 724c9a 254 0
100000 0 100000 0 1 100000 0 7
f3e291 64 f9f148 32 0 f3e291 64 0
0183ae 136 ff3e29 196 0 ff3e29 196 0
ffcf8a 49 bfe7c5 25 0 ffcf8b 49 0
70060f 7 87fcf8 132 0 87fcf8 132 0
e1ff3e 33 b0ff9f 17 1 e1fe8d 33 0
8c3fe7 133 861ff3 67 1 8c3fe7 133 0
c187fc 17 5f3c02 9 1 c228c0 17 0
77cf01 195 7be781 226 1 84187f 226 0
5ef9e1 121 90830f 189 1 6f7cf1 189 0
8420c3 48 3def9f 24 0 8420c2 48 0
0f7be8 198 f8420c 227 0 f8420c 227 0
de1083 57 50f7bf 29 0 de1083 57 0
8bc210 72 c5e108 36 0 8bc210 72 0
f17842 137 4743df 69 0 f17842 137 0
8e2f08 210 c71784 105 0 8e2f08 210 0
6e3a1f 27 88e2f0 142 0 88e2f0 142 0
a238bc 164 2ee3a2 82 1 a238bc 164 0
b44717 213 65dc75 107 1 b44717 213 0
c688e2 91 a34471 46 0 c688e2 91 0
a8d11c 12 2b9772 6 1 ac22be 12 0
b51a23 66 2572ef 33 0 b51a23 66 0
96a344 201 74ae5e 101 1 96a344 201 0
82d468 218 3e95cc 109 0 82d468 218 0
6fa573 92 37d2ba 174 1 c82d46 174 0
4df4af 108 26fa58 182 0 26fa58 182 0
49be96 238 db20b5 247 0 dac594 247 0
2937d3 190 149bea 223 1 eb6416 223 0
dad905 120 12937e 60 1 dad905 120 0
04a4e0 207 425270 232 0 425270 232 0
10949c 250 f7b5b2 253 1 752e71 254 0
9ded6c 64 cef6b6 32 1 9ded6c 64 0
f3bdad 8 f9ded6 4 1 e41fc0 8 0
fe77b5 129 40c426 65 1 fe77b5 129 0
70310a 81 781885 169 1 87e77b 169 0
81f9de 235 7f0311 118 1 81f9de 235 0
a03f3b 94 2fe063 47 0 a03f3b 94 0
d407e7 204 ea03f3 102 1 d407e7 204 0
ba80fc 154 dd407e 77 1 ba80fc 154 0
68afe1 148 3457f1 202 1 cba80f 202 0
b2ea03 243 668aff 122 0 b2ea03 243 0
a65d40 223 932ea0 112 0 a65d40 223 0
1b3458 156 f265d4 206 0 f265d4 206 0
bc9975 52 de4cba 26 1 bc9975 52 0
b7932e 135 643669 68 1 b7932e 135 0
e6f265 81 b37932 41 1 e6f265 81 0
7321b4 139 7990da 198 1 866f26 198 0
a19bc9 242 2f321c 121 0 a19bc9 242 0
943379 95 75e644 48 0 943379 95 0
e2866f 204 0ebcc9 102 1 e2866f 204 0
bc50cd 90 21d79a 45 1 bc50cd 90 0
978a19 76 343af4 38 0 978a19 76 0
b2f143 74 d978a1 37 0 b2f143 74 0
69a1d8 138 34d0ec 197 0 34d0ec 197 0
92cbc5 114 369a1e 57 1 92cbc5 114 0
925978 207 76d344 104 0 925978 207 0
1db4d1 218 f12597 237 1 0eda4d 237 0
63b69b 188 31db4e 222 1 ce24b2 222 0
b3892c 248 d9c496 124 1 b3892c 248 0
098edb 31 bb3892 144 1 44c76e 144 0
1131dc 164 0898ee 210 1 f76712 210 0
bdd9c4 117 61131e 59 1 bdd9c4 117 0
3844c8 207 5c2264 232 0 5c2264 232 0
e8f767 250 0b844d 125 1 e8f767 250 0
62e114 224 31708a 240 1 ce8ed9 240 0
0c5c23 124 062e12 190 1 f9d1ee 190 0
be747b 112 df3a3d 56 0 be747b 112 0
083171 142 0418b9 199 1 fbe747 199 0
21062f 242 ef7ce8 249 0 edbef4 249 0
6420c6 191 8def9d 224 0 8def9d 224 0
1c8419 184 f1bdf3 220 1 0e420d 220 0
fc6f7c 55 be37be 28 1 fc6f7c 55 0
ef8def 7 483909 4 1 834367 8 0
edf1bd 65 b6f8de 33 1 edf1bd 65 0
8dbe37 9 7920e5 5 1 962c29 9 0
7e483a 194 c0dbe3 225 1 3f241d 225 0
6fc908 57 881b7c 157 0 881b7c 157 0
8206df 168 3efc91 84 1 8206df 168 0
0fbf25 213 b8206d 235 0 b82069 235 0
ce081b 59 58fbf3 30 0 ce081b 59 0
563efd 200 2b1f7f 228 0 2b1f7f 228 0
f53820 121 4563f0 61 0 f53820 121 0
8ea704 208 38ac7e 104 1 8ea704 208 0
0e2b20 90 071590 173 0 071590 173 0
61c564 108 30e2b2 182 1 cf1d4e 182 0
4c38ad 238 d9e3a9 247 0 d989c5 247 0
298716 62 eb3c75 159 0 eb3c75 159 0
dacf1d 40 ed678e 20 1 dacf0e 40 0
fb59e3 133 42530f 67 0 fb59e3 133 0
cf6b3c 209 a7b59e 105 1 cf6b3c 209 0
89ed67 27 84f6b3 14 1 89e93f 27 0
a13dac 132 2f612a 66 1 a13dac 132 0
b427b5 81 65ec26 41 1 b427b5 81 0
8684f6 203 7cbd85 102 1 8684f6 203 0
a0d09e 218 2f97b1 109 1 a0d09e 218 0
941a13 92 ca0d09 46 0 941a13 92 0
4d7cbe 12 d941a1 134 0 d941a1 134 0
b65068 162 db2834 81 0 b65068 162 0
6935f3 149 8b6506 203 1 749afa 203 0
c2d941 51 a16ca0 26 0 c2d941 51 0
a85b28 7 6bd26c 4 0 95d576 7 0
e50b65 193 4d7a4e 97 1 e50b65 193 0
735e94 217 8650b6 237 1 79af41 237 0
81942d 188 3f35ea 94 1 81942d 188 0
b03285 88 d81942 44 1 b03285 88 0
09f9b0 139 44fcd8 198 0 44fcd8 198 0
513f36 114 d76065 185 0 d76065 185 0
6a27e7 47 7513f4 152 0 7513f4 152 0
1d44fd 230 0ea27f 243 0 0e9b69 243 0
dc5760 253 51d450 127 0 dc5760 253 0
347514 96 e5c576 176 1 1a3a8a 176 0
068ea3 172 034752 214 1 fcb8ae 214 0
40d1d5 118 df9715 187 0 df9715 187 0
281a3b 175 abf2e2 216 1 540d1e 216 0
eafcb8 54 f57e5c 27 0 eafcb8 54 0
22a069 135 515035 196 1 aeafcb 196 0
14540e 241 4a2a07 249 0 493e5b 249 0
8d757e 255 794541 128 1 8d757e 255 0
1e5151 96 0f28a9 176 1 f0d757 176 0
fc35d5 236 01e516 118 1 fc35d5 236 0
bf86ba 94 203ca3 47 0 bf86ba 94 0
280f29 76 ebf86b 166 1 140795 166 0
4501e6 42 dd7f0d 149 0 dd7f0d 149 0
68a03d 166 cbafe1 211 0 cbafe1 211 0
2d1408 53 568a04 155 0 568a04 155 0
ca5d7f 103 a52ebf 52 1 ca5d7f 103 0
16b451 13 4b5a29 135 1 b4a5d7 135 0
cd2975 226 196b46 113 1 cd2975 226 0
665ad2 93 8cd297 175 1 732d69 175 0
3ccb5b 44 1e65ae 150 1 e19a52 150 0
b86694 230 dc334a 115 1 b86694 230 0
28f32e 29 547997 143 0 547997 143 0
351e66 100 1a8f33 178 0 1a8f33 178 0
46a3cd 109 9cae19 183 0 9cae19 183 0
c72b86 174 1c6a3d 87 1 c72b86 174 0
d8e570 214 ec72b8 107 0 d8e570 214 0
db1cae 155 ad8e57 78 1 db1cae 155 0
549c6b 20 2a4e36 138 1 d5b1ca 138 0
b56c72 227 6549c7 114 0 b56c72 227 0
a6ad8e 221 6ca939 111 1 a6ad8e 221 0
3b2a4f 220 e26ad8 238 0 e26aa7 238 0
47654a 60 dc4d5b 158 1 23b2a5 158 0
b71356 168 db89ab 84 1 b71356 168 0
091d96 149 bb7135 203 0 bb7135 203 0
3123b3 179 5891da 218 1 a76e26 218 0
562477 247 94edc4 252 0 8f9ee8 252 0
1ac48f 191 b29db8 224 0 b29db8 224 0
eca76e 56 09ac49 28 1 eca76e 56 0
fd94ed 199 beca76 100 1 fd94ed 199 0
efb29d 153 4826b2 77 1 efb29d 153 0
8df653 84 c6fb29 42 0 8df653 84 0
b1beca 11 98df65 6 0 b685c5 11 0
a637d9 130 d31bec 65 0 a637d9 130 0
94c6fb 17 759c83 9 0 943c98 17 0
8298df 67 814c6f 34 1 8298df 67 0
a0531b 137 6fd673 69 0 a0531b 137 0
840a63 210 c20531 105 0 840a63 210 0
90814c 155 8840a6 78 1 90814c 155 0
a21029 20 2ef7ec 10 0 a1dbe7 20 0
b44205 67 9a2102 34 1 b44205 67 0
5977c0 9 934420 133 0 934420 133 0
7b2ef8 34 c26884 145 0 c26884 145 0
909a21 165 77b2f0 83 0 909a21 165 0
3decbc 85 5ef65e 171 1 a109a2 171 0
c84268 107 5bdecc 54 0 c84268 107 0
a9084d 206 2b7bda 103 1 a9084d 206 0
d52109 218 ea9084 109 0 d52109 218 0
9aa421 156 cd5210 78 0 9aa421 156 0
4cab7c 20 2655be 138 1 d9aa42 138 0
b66a90 227 64cab8 114 0 b66a90 227 0
5932ae 93 6c9957 175 0 6c9957 175 0
c4d9aa 236 e26cd5 118 0 c4d9aa 236 0
4764cb 158 dc4d9a 207 1 23b266 207 0
28ec9a 180 14764d 218 1 eb89b3 218 0
bae26c 247 628eca 124 1 bae26c 247 0
18a3b3 95 4c51da 176 1 b3ae26 176 0
eceb89 236 098a3c 118 0 eceb89 236 0
bd9d71 222 deceb8 111 0 bd9d71 222 0
284c52 156 142629 206 1 ebd9d7 206 0
baf675 244 2284c6 122 1 baf675 244 0
48a132 223 645099 240 1 9baf0b 240 0
e6ebd9 124 f375ec 62 0 e6ebd9 124 0
bcdd7b 144 de6ebd 72 0 bcdd7b 144 0
f79baf 18 043229 9 1 f81996 18 0
610c8b 67 708646 162 1 8f79ba 162 0
5c2192 233 91ef37 245 1 6e068b 245 0
847bcd 62 3dc21a 31 1 847bcd 62 0
d08f79 200 e847bc 100 0 d08f79 200 0
fa11ef 153 bd08f7 77 1 fa11ef 153 0
8f423d 20 385ee2 10 1 8f7425 20 0
b1e847 195 670bdd 98 1 b1e847 195 0
a63d08 217 931e84 109 0 a63d08 217 0
7b385f 156 3d9c30 206 0 3d9c30 206 0
b098f4 116 27b386 58 1 b098f4 116 0
49ece2 207 64f671 232 1 9b098f 232 0
e6c263 250 0c9ecf 125 0 e6c263 250 0
9cd84c 224 3193da 112 1 9cd84c 224 0
f39b09 92 06327c 46 0 f39b09 92 0
418c9f 204 df39b0 230 0 df39b0 230 0
483194 186 2418ca 221 1 dbe736 221 0
690633 120 34831a 188 1 cb7ce6 188 0
f2df39 239 b96f9c 120 0 f2df39 239 0
11a419 30 f72df3 143 1 08d20d 143 0
223484 164 111a42 210 1 eee5be 210 0
444691 245 622349 251 1 9aedd1 251 0
3888d3 255 100000 0 1 100000 0 7
e8eee5 128 f47772 64 1 e8eee5 128 0
02e224 16 017112 136 1 fe8eee 136 0
ffa3bb 226 ffd1dd 113 0 ffa3bb 226 0
600b89 157 7005c5 207 1 8ffa3b 207 0
3c0172 116 e1ff47 186 1 1e00b9 186 0
b87fd1 47 63c018 24 0 b87fd0 47 0
18f006 198 f387fd 227 0 f387fd 227 0
dce1ff 57 518f01 29 1 dce1ff 57 0
8b9c3f 200 3a31e1 100 1 8b9c3f 200 0
0e8c79 89 47463d 173 1 b8b9c3 173 0
8e2e70 108 c71738 54 0 8e2e70 108 0
4e3a32 142 d8e2e7 199 1 271d19 199 0
d638b9 178 eb1c5c 89 0 d638b9 178 0
9ac717 151 729c75 76 1 9ac717 151 0
1ca71e 83 b1ac71 170 0 b1ac71 170 0
ac6b1c 171 96358e 86 1 ac6b1c 171 0
a58d63 22 2d394f 11 0 a5730a 22 0
2b4e54 195 55a72a 226 1 aa58d6 226 0
aa9635 249 954b1a 125 1 aa9635 249 0
8552c6 32 c2a963 16 1 855203 32 0
f0aa58 132 f8552c 66 0 f0aa58 132 0
41eab5 145 9f0aa5 201 0 9f0aa5 201 0
87c2a9 51 83e154 26 0 87c2a9 51 0
5f07ab 135 907c2a 196 1 6f83d6 196 0
1be0f6 49 4df07b 153 0 4df07b 153 0
737c1f 231 8641f0 244 0 863d8c 244 0
e1907c 61 b0c83e 31 1 e1907c 61 0
cc320f 8 e61907 4 1 bdd07f 8 0
0cf37e 1 bcc320 129 0 bcc320 129 0
8f30c8 161 78679c 81 0 8f30c8 161 0
7e19e7 85 80f30c 171 0 80f30c 171 0
c03cc3 43 5fe19f 22 0 c03cbe 43 0
57f868 70 2bfc34 163 0 2bfc34 163 0
d500f3 105 557f87 53 0 d500f3 105 0
8aa01e 78 c5500f 39 1 8aa01e 78 0
d15403 10 1755ff 5 0 ca0eb3 10 0
65d580 194 32eac0 225 0 32eac0 225 0
934550 121 765d58 61 0 934550 121 0
7d9756 80 c13455 168 0 c13455 168 0
0fb2eb 42 f8268a 149 1 07d976 149 0
61f65e 166 cf04d1 211 0 cf04d1 211 0
2c3ecc 53 561f66 155 1 a9e09a 155 0
ca7826 231 5ac3ed 116 1 ca7826 231 0
e94f04 221 4b587e 111 1 e94f04 221 0
32d620 220 196b10 238 0 196add 238 0
465ac4 124 232d62 190 1 dcd29e 190 0
b734a7 112 2465ad 56 1 b734a7 112 0
f6e694 78 fb734a 39 1 f6e694 78 0
21232e 10 109197 133 0 109197 133 0
9bdb9a 226 cdedcd 113 0 9bdb9a 226 0
937b73 29 89bdb9 15 0 937d9a 29 0
3d9092 132 e137b7 194 1 1ec849 194 0
47b213 177 63d90a 217 1 9c26f6 217 0
78f643 119 7c7b22 188 1 8384de 188 0
e0e137 111 4f8f65 56 1 e0e137 111 0
ec1c26 206 09f1ed 103 1 ec1c26 206 0
dd8384 90 113e3e 45 1 dd8384 90 0
9bb070 204 3227c8 102 0 9bb070 204 0
4c89f2 90 d9bb07 173 1 2644f9 173 0
966ec1 172 cb3760 86 0 966ec1 172 0
4d3228 150 d966ec 203 0 d966ec 203 0
29a645 179 54d323 218 0 54d323 218 0
aacb37 119 6a9a65 60 1 aacb37 119 0
e55966 79 b2acb3 40 1 e55966 79 0
1354d4 10 09aa6a 133 1 f65596 133 0
626a9b 226 cecab2 241 1 313413 241 0
6c4d54 61 7626aa 159 1 89d956 159 0
c27655 104 1ec4d6 52 1 c27655 104 0
07b136 205 bc2765 231 0 bc2765 231 0
cf09d9 58 e784ec 29 0 cf09d9 58 0
661ec5 8 ccf09d 132 0 ccf09d 132 0
f33c27 161 4661ed 81 1 f33c27 161 0
8e6784 85 78cc3e 43 1 8e6784 85 0
3e3310 75 a0e678 166 0 a0e678 166 0
57c662 42 2be331 149 1 d41ccf 149 0
6af8cd 230 ca8399 243 0 ca7ef1 243 0
2d5f1a 189 a95073 223 1 56af8d 223 0
35abe4 184 e52a0e 220 1 1ad5f2 220 0
f94a83 183 bca541 92 0 f94a83 183 0
ef2950 23 486b58 12 0 ef125d 23 0
121ad6 67 490d6b 162 0 490d6b 162 0
adbca5 105 6921ae 53 1 adbca5 105 0
85b794 78 3d2436 39 1 85b794 78 0
d0b6f2 74 17a487 37 0 d0b6f2 74 0
65e922 202 cd0b6f 229 1 32f491 229 0
6cbd25 58 365e93 157 0 365e93 157 0
6d97a5 104 36cbd3 180 0 36cbd3 180 0
0db2f5 237 46d97b 247 0 469ce8 247 0
ce49a1 254 e724d0 127 0 ce49a1 254 0
d9c934 32 131b66 16 1 d9ca21 32 0
04c6da 68 02636d 162 1 fd9c93 162 0
bf6724 233 9fb392 117 1 bf6724 233 0
78131c 30 c3f672 143 1 3c098e 143 0
2f0264 36 e87ece 146 1 178132 146 0
ba1fb3 165 62f027 83 0 ba1fb3 165 0
38bc0a 85 5c5e05 171 1 a3a1fb 171 0
c8e87e 235 a4743f 118 1 c8e87e 235 0
a91d0f 30 d48e87 15 1 a91b66 30 0
2adc5f 4 156e30 130 0 156e30 130 0
455b8c 225 62adc6 241 1 9d517f 241 0
78ab72 253 7c55b9 255 1 c3aa47 254 0
3f156f 128 1f8ab8 192 0 1f8ab8 192 0
f81d52 112 fc0ea9 56 0 f81d52 112 0
ff03aa 14 ff81d5 7 0 808157 15 0
dfe075 130 eff03a 65 1 dfe075 130 0
6403f2 17 7201f9 137 1 8dfe07 137 0
837f81 227 81bfc0 114 0 837f81 227 0
5f9010 157 9037f8 207 0 9037f8 207 0
3bf202 52 e206ff 154 1 1df901 154 0
477e41 39 63bf21 148 1 9c40df 148 0
18efc9 229 4c77e5 243 1 b3847f 243 0
cce206 253 a67103 127 1 cce206 253 0
c99c40 32 1b31e0 16 0 c99b5b 32 0
f93388 68 fc99c4 34 0 f93388 68 0
bf2671 137 9f9338 69 0 bf2671 137 0
87e4ce 18 3c0d99 9 1 8846c7 18 0
90fc99 195 887e4c 98 0 90fc99 195 0
5de06d 25 910fc9 141 0 910fc9 141 0
7bbc0e 36 c221f9 146 0 c221f9 146 0
4f7782 37 98443f 147 1 67bbc1 147 0
c6110f 37 a30887 19 1 c610e6 37 0
373ddf 133 a46110 195 0 a46110 195 0
36e7bc 49 a48c22 153 1 5b73de 153 0
892308 167 849184 84 0 892308 167 0
1edb9f 149 b09230 203 0 b09230 203 0
cc248c 179 a61246 90 1 cc248c 179 0
a98491 23 94c248 12 0 a99729 23 0
1acf6e 131 4d67b7 194 0 4d67b7 194 0
5359ee 241 965309 249 0 95a663 249 0
8594c2 63 7d359f 32 0 8594c2 63 0
1f4d68 72 f0594c 164 0 f0594c 164 0
03e9ad 41 be0b29 149 0 be0b29 149 0
707d36 38 383e9b 147 0 383e9b 147 0
d1f059 229 5707d4 115 0 d1f059 229 0
35c1f5 93 a51f05 175 0 a51f05 175 0
36b83f 172 1b5c20 214 0 1b5c20 214 0
46d708 118 236b84 187 0 236b84 187 0
d7251f 111 546d71 56 1 d7251f 111 0
eae4a3 78 f57251 39 0 eae4a3 78 0
dd5c94 10 eeae4a 5 1 d5e722 10 0
64546e 2 322a37 129 0 322a37 129 0
937572 225 764547 113 0 937572 225 0
7d9152 221 813757 239 1 7ec888 239 0
c04dd5 188 1fd916 94 1 c04dd5 188 0
47f646 88 23fb23 172 0 23fb23 172 0
08fec9 107 447f65 182 1 bb809b 182 0
511fda 238 d77013 247 1 28387d 247 0
d5dc04 190 eaee02 95 1 d5dc04 190 0
dabb80 152 12a240 76 0 dabb80 152 0
fb5770 83 bdabb8 42 0 fb5770 83 0
509512 139 97b577 198 1 684a89 198 0
a5ed5d 178 d2f6ae 89 1 a5ed5d 178 0
94bdab 23 75a12b 12 0 94ac5f 23 0
e297b5 67 4eb426 34 1 e297b5 67 0
ac52f6 201 96297b 101 1 ac52f6 201 0
7a75a2 26 3d3ad1 141 1 c2c52f 141 0
6f4eb5 100 c858a5 178 0 c858a5 178 0
4de9d7 45 66f4ec 151 0 66f4ec 151 0
c642c5 102 1cde9e 51 1 c642c5 102 0
d8c858 205 ac642c 103 0 d8c858 205 0
34e6f5 26 e58c85 141 0 e58c85 141 0
996321 36 334e70 18 0 9962ee 36 0
4cd39c 69 999632 163 1 6669ce 163 0
399a74 169 a332c6 213 1 5ccd3a 213 0
88ccb1 54 3b99a8 27 0 88ccb1 54 0
d11996 71 a88ccb 36 1 d11996 71 0
15dcce 137 4aee67 197 0 4aee67 197 0
72bb9a 242 395dcd 249 1 c587aa 249 0
91a88c 127 772bba 64 1 91a88c 127 0
1dcaef 80 0ee578 168 0 0ee578 168 0
fc46a2 106 01dcaf 53 0 fc46a2 106 0
60772c 78 303b96 167 1 cfc46a 167 0
2c0ee6 234 160773 245 0 15ecf5 245 0
9a7e23 254 cd3f11 127 0 9a7e23 254 0
2cb03c 160 16581e 208 1 e9a7e2 208 0
fa69f8 116 fd34fc 58 0 fa69f8 116 0
bf4d3f 143 605961 72 1 bf4d3f 143 0
e7e9a7 210 0c0b2d 105 1 e7e9a7 210 0
6302cc 219 718166 238 1 8e7e86 238 0
5c605a 252 2e302d 254 1 a8e7ea 254 0
b473f4 128 25c606 64 1 b473f4 128 0
097182 80 fb473f 168 1 04b8c1 168 0
012e31 170 ff68e7 213 1 009719 213 0
6025c7 54 cfed1c 155 0 cfed1c 155 0
d3fb47 167 a9fda3 84 1 d3fb47 167 0
ea7f68 149 4ac04c 75 0 ea7f68 149 0
cd4fed 83 a6a7f6 42 1 cd4fed 83 0
a9a9fd 139 94d4fe 70 1 a9a9fd 139 0
a5353f 146 2d6561 73 1 a5353f 146 0
6b5959 83 75acad 170 1 8a5353 170 0
5d6b2c 107 6eb596 182 1 914a6a 182 0
5bad66 110 2dd6b3 183 0 2dd6b3 183 0
2b75ad 238 ea4529 247 0 e9dae4 247 0
256eb6 62 ed48a5 159 0 ed48a5 159 0
24add7 168 eda914 212 0 eda914 212 0
fb6a45 53 bdb522 27 1 fb6a45 53 0
3092b8 7 58495c 132 0 58495c 132 0
e9eda9 225 b4f6d4 113 0 e9eda9 225 0
72c24b 29 796126 143 1 869eda 143 0
c1a7b6 100 e0d3db 50 1 c1a7b6 100 0
b834f6 141 63e585 71 1 b834f6 141 0
38f962 82 e3834f 169 1 1c7cb1 169 0
671f2d 43 8c7069 150 0 8c7069 150 0
5ce3e6 166 d18e0d 211 0 d18e0d 211 0
d46383 181 55ce3f 91 0 d46383 181 0
ca8c70 87 5ab9c8 44 0 ca8c70 87 0
16ae72 75 4b5739 166 1 b4a8c7 166 0
52d5cf 106 d69518 181 0 d69518 181 0
95a546 46 352d5d 23 1 95a548 46 0
d2b4a8 70 16a5ac 35 0 d2b4a8 70 0
da5695 73 ad2b4a 37 1 da5695 73 0
8b4ad2 10 c5a569 5 0 9177fd 10 0
6e96a6 130 374b53 193 0 374b53 193 0
6dd2d5 113 891695 185 0 891695 185 0
7dba5b 175 8122d2 216 1 7edd2e 216 0
e048b4 182 0fdba6 91 1 e048b4 182 0
23f6ea 87 ae048b 172 1 51fb75 172 0
eb8122 43 b5c091 22 0 eb8128 43 0
ad7024 6 d6b812 3 1 929922 6 0
2a51fc 129 aad702 193 1 5528fe 193 0
754a40 49 7aa520 153 0 7aa520 153 0
8156b8 103 80ab5c 52 0 8156b8 103 0
e02ad7 141 b0156b 71 1 e02ad7 141 0
33faa6 146 e602ad 201 0 e602ad 201 0
667f55 51 8cc055 154 0 8cc055 154 0
5ccfeb 39 91980a 148 1 6e67f6 148 0
1b99fe 37 4dccff 147 0 4dccff 147 0
cc8cc0 101 59b9a0 51 0 cc8cc0 101 0
366e68 205 a4c8cc 231 0 a4c8cc 231 0
c93233 186 e49919 93 0 c93233 186 0
992646 24 336cdd 12 1 99330f 24 0
f324c8 195 b99264 98 0 f324c8 195 0
ae6499 153 97324c 77 0 ae6499 153 0
7a336d 20 3d19b7 138 0 3d19b7 138 0
4f466e 99 985cc9 178 0 985cc9 178 0
59e8ce 45 930b99 151 0 930b99 151 0
c4c2e6 38 e26173 19 1 c4c2ca 38 0
2767a4 133 53b3d2 195 1 ac4c2e 195 0
cb130b 113 a58985 57 0 cb130b 113 0
896261 143 7b4ed0 72 0 896261 143 0
1ed3b4 210 0f69da 233 1 f09624 233 0
63da77 251 8e12c4 254 0 f51c26 253 0
5c7b4f 64 d1c258 160 0 d1c258 160 0
0b8f6a 40 05c7b5 148 1 fa384b 148 0
0171ee 229 bf4709 243 0 bf430f 243 0
cfd1c2 61 a7e8e1 31 0 cfd1c2 61 0
c9fa38 8 1b02e4 4 0 bbaa66 8 0
06c0b9 193 43605d 225 1 bc9fa3 225 0
8f27e8 249 8793f4 125 0 8f27e8 249 0
7e1b03 160 3f0d82 208 1 c0f27e 208 0
0fc361 244 07e1b1 250 1 f45d5d 250 0
41f86d 127 60fc37 192 0 60fc37 192 0
e7c0f2 240 f3e079 120 0 e7c0f2 240 0
fcf81e 158 fe7c0f 79 1 fcf81e 158 0
df9f03 148 10307f 74 0 df9f03 148 0
bbf3e0 211 9df9f0 106 0 bbf3e0 211 0
588184 27 6c40c2 142 1 93bf3e 142 0
a4efcf 228 d277e7 114 1 a4efcf 228 0
b49df9 29 9a4efc 15 0 b4a062 29 0
396c41 4 1cb621 130 1 e349df 130 0
472d89 225 6396c5 241 1 9c6882 241 0
871a4e 125 7c72d9 63 1 871a4e 125 0
3f1cb7 80 e071a4 168 0 e071a4 168 0
f81c69 42 03f1cc 21 0 f81c61 42 0
60fc73 70 307e3a 163 1 cf81c6 163 0
d3e071 105 560fc8 53 0 d3e071 105 0
8a7c0e 78 3ac1f9 39 1 8a7c0e 78 0
d14f81 74 175840 37 0 d14f81 74 0
65d610 74 cd14f8 165 0 cd14f8 165 0
6cbac2 170 c9a29f 213 1 365d61 213 0
9268a7 182 c93453 91 1 9268a7 182 0
2db2ec 151 a9268a 204 1 56d976 204 0
ea49a2 179 b524d1 90 0 ea49a2 179 0
ad4934 151 96a49a 76 1 ad4934 151 0
e5a926 19 4d2b6d 10 1 e60290 19 0
acb524 195 69a56e 98 1 acb524 195 0
a596a4 89 92cb52 45 1 a596a4 89 0
84b2d4 12 c2596a 6 1 81a96e 12 0
4f69a6 2 d84b2d 129 0 d84b2d 129 0
69ed35 33 8b0965 145 0 8b0965 145 0
7d3da7 37 81612c 147 0 81612c 147 0
c0584b 165 5fd3db 83 0 c0584b 165 0
37f4f7 85 a40584 171 0 a40584 171 0
36fe9f 171 a480b0 214 0 a480b0 214 0
56dfd4 182 2b6fea 219 1 d49016 219 0
2adbfb 119 556dfe 188 1 aa9202 188 0
eaa480 111 b55240 56 0 eaa480 111 0
ed5490 14 f6aa48 7 0 ef41e5 14 0
22556e 2 eed549 129 0 eed549 129 0
644aae 33 8ddaa9 145 0 8ddaa9 145 0
7c8956 37 7e44ab 147 0 7e44ab 147 0
3f912b 101 5fc896 179 1 a0376a 179 0
37f226 109 5bf913 183 0 5bf913 183 0
c901bb 110 e480dd 55 0 c901bb 110 0
26dfc9 142 136fe5 199 1 ec901b 199 0
24dbfa 114 ed9203 185 1 126dfd 185 0
649b80 175 724dc0 216 0 724dc0 216 0
e36c90 246 f1b648 123 0 e36c90 246 0
23926e 31 51c937 144 0 51c937 144 0
eb8db2 100 f5c6d9 50 0 eb8db2 100 0
bd71b6 13 9eb8db 7 1 baf6d3 13 0
c7ae36 130 e3d71b 65 1 c7ae36 130 0
98f5c6 17 8c7ae3 9 1 98694b 17 0
7ce148 3 818f5c 130 0 818f5c 130 0
a063d7 33 6fce15 17 1 a06467 33 0
7bf386 69 82063d 163 0 82063d 163 0
3f7e71 41 a040c7 149 1 5fbf39 149 0
881031 166 c40818 83 0 881031 166 0
2efdfa 21 577efd 139 1 a88103 139 0
ca2040 99 a51020 50 0 ca2040 99 0
a94408 13 6b5dfc 7 0 a6f180 13 0
c52881 194 e29440 97 0 c52881 194 0
98a510 25 8c5288 13 0 98add5 25 0
7ceb5e 4 c18a51 130 0 c18a51 130 0
b06294 33 98314a 17 1 b061fc 33 0
79f3ae 5 7cf9d7 131 0 7cf9d7 131 0
3f3e76 97 5f9f3b 177 0 5f9f3b 177 0
77e7cf 237 840c18 247 0 83ea12 247 0
c10306 62 e08183 31 1 c10306 62 0
27dfa0 136 ec1030 196 0 ec1030 196 0
fb040c 177 bd8206 89 1 fb040c 177 0
709f7f 151 87b040 204 0 87b040 204 0
1e13f0 179 b0f608 218 0 b0f608 218 0
53c27e 55 69e13f 156 0 69e13f 156 0
1a7850 103 b2c3d8 180 0 b2c3d8 180 0
134f0a 173 b6587b 215 1 49a785 215 0
cd961e 182 e6cb0f 91 1 cd961e 182 0
d9b2c3 151 53269f 76 0 d9b2c3 151 0
eb3658 211 b59b2c 106 0 eb3658 211 0
529935 155 96b365 206 0 96b365 206 0
a5acd9 180 2d2994 90 0 a5acd9 180 0
4b4a65 87 65a533 172 0 65a533 172 0
19694d 107 b34b59 182 0 b34b59 182 0
532d2a 46 299695 151 1 d6696b 151 0
2a65a6 102 1532d3 179 0 1532d3 179 0
254cb5 109 ad59a5 183 0 ad59a5 183 0
cb5669 174 e5ab34 87 0 cb5669 174 0
269533 150 134a9a 203 1 ecb566 203 0
db2d59 115 526954 58 0 db2d59 115 0
ab65ab 207 6a4d2b 104 0 ab65ab 207 0
1a934b 90 0d49a6 173 1 f2b65a 173 0
63526a 108 31a935 182 1 ce56cb 182 0
b395b2 110 d9cad9 55 0 b395b2 110 0
298d4a 142 14c6a5 199 1 eb395b 199 0
dace56 242 1298d5 121 1 dace56 242 0
64a636 95 8dace5 176 0 8dace5 176 0
1c94c7 44 0e4a64 150 0 0e4a64 150 0
bc6d67 102 21c94d 51 1 bc6d67 102 0
d78dac 205 54392a 103 1 d78dac 205 0
350e4b 218 1a8726 237 1 e578c1 237 0
66a1ca 124 ccaf1b 190 1 3350e5 190 0
b32bc6 48 266a1d 24 1 b32bc7 48 0
f66578 70 04cd44 35 0 f66578 70 0
deccaf 201 5099a9 101 1 deccaf 201 0
8bd995 218 c5ecca 109 1 8bd995 218 0
917b32 28 374267 14 0 91780f 28 0
b22f66 68 26e84d 34 1 b22f66 68 0
49ba14 73 9b22f6 165 1 64dd0a 165 0
86c8bd 42 3c9ba2 21 1 86c8c3 42 0
6f26e9 198 c86c8b 227 1 379375 227 0
d21b22 185 56f26f 93 0 d21b22 185 0
8a4364 88 c521b2 44 1 8a4364 88 0
0eb794 11 b8a436 134 1 475bca 134 0
ae290d 34 d71486 17 1 ae28a1 34 0
6a3adf 133 751d70 195 0 751d70 195 0
c2b8a4 241 a15c52 121 1 c2b8a4 241 0
885714 159 7bd476 80 1 885714 159 0
1ef51e 212 0f7a8f 234 0 0f7a8b 234 0
43dea4 251 9e10ae 254 1 4a6b26 254 0
587bd5 64 2c3deb 160 0 2c3deb 160 0
0b0f7b 232 0587be 244 1 fa68f3 244 0
0161f0 253 bf4f08 255 0 ff4f08 254 0
cfd3c2 192 e7e9e1 96 0 cfd3c2 192 0
060588 152 fcfd3c 204 0 fcfd3c 204 0
ff3f4f 51 406059 26 1 ff3f4f 51 0
501817 71 680c0c 164 0 680c0c 164 0
e5fcfd 233 b2fe7e 117 1 e5fcfd 233 0
734061 30 c65fcf 143 1 39a031 143 0
2e680d 164 e8cbf9 210 0 e8cbf9 210 0
ba32fe 53 9d197f 27 1 ba32fe 53 0
38b9a1 135 a3a32f 196 1 5c5cd1 196 0
171735 49 4b8b9b 153 0 4b8b9b 153 0
72e2e7 231 797174 244 0 796d0b 244 0
1e5c5d 125 4f2e2f 191 0 4f2e2f 191 0
cc3474 240 e61a3a 120 1 cc3474 240 0
067972 158 fcc347 207 1 033cb9 207 0
df30d1 180 106798 90 0 df30d1 180 0
4419e6 215 620cf3 236 0 620ced 236 0
e77cc3 123 4c419f 62 0 e77cc3 123 0
531068 80 298834 168 0 298834 168 0
0a620d 106 facef9 181 0 facef9 181 0
9eb3be 46 30a621 23 1 9eb3c0 46 0
2c2989 198 1614c5 227 1 e9eb3b 227 0
258532 121 52c299 189 1 ad3d67 189 0
8b4f59 240 c5a7ac 120 0 8b4f59 240 0
0e9615 158 074b0b 207 0 074b0b 207 0
de2d3d 244 ef169e 122 1 de2d3d 244 0
bbc5a7 31 621d2d 16 1 bbc6e3 31 0
18874c 196 f3bc5a 226 1 0c43a6 226 0
bcef16 185 618875 93 1 bcef16 185 0
879de2 216 3c310f 108 0 879de2 216 0
0f0c44 219 478622 238 1 b879c0 238 0
51e189 124 d70f3b 190 1 28f0c5 190 0
4a3c32 176 dae1e7 216 1 251e19 216 0
f6b879 182 fb5c3c 91 0 f6b879 182 0
2128f1 151 509479 204 1 af6b87 204 0
14251f 115 b5ed70 186 0 b5ed70 186 0
5284a4 175 694252 216 1 96bdae 216 0
e5af6b 246 0d284b 123 0 e5af6b 246 0
234a13 95 51a50a 176 1 ae5af6 176 0
eb96bd 108 0a34a2 54 1 eb96bd 108 0
428d29 206 deb96b 231 1 214695 231 0
d7ae5a 58 1428d3 29 0 d7ae5a 58 0
650a35 200 cd7ae5 228 0 cd7ae5 228 0
f35eb9 185 b9af5c 93 0 f35eb9 185 0
719429 152 c735eb 204 1 38ca15 204 0
0e3286 179 b8e6bd 218 0 b8e6bd 218 0
51c651 55 68e329 156 1 971cd7 156 0
e5c735 103 b2e39a 52 1 e5c735 103 0
13471a 141 b65c73 199 1 49a38d 199 0
cd971c 178 e6cb8e 89 1 cd971c 178 0
664d1d 23 73268f 140 0 73268f 140 0
1cc9a4 227 4e64d2 242 1 b19968 242 0
539935 125 963365 191 0 963365 191 0
3a7327 48 1d3994 152 0 1d3994 152 0
074e65 102 fc58cd 179 0 fc58cd 179 0
20e9cd 45 5074e7 151 0 5074e7 151 0
341d3a 102 1a0e9d 179 1 e5f163 179 0
2683a8 237 5341d4 247 0 530b75 247 0
cb2f8b 254 1a683b 127 0 cb2f8b 254 0
269a0f 96 134d08 176 0 134d08 176 0
fb2cbe 236 fd965f 118 1 fb2cbe 236 0
bf6597 30 dfb2cb 15 1 bf63d8 30 0
d7ecb2 4 ebf659 2 0 897524 5 0
45026a 129 628135 193 1 9d7ecb 193 0
78a04e 113 7c5027 185 0 7c5027 185 0
80ebf6 111 8075fb 56 1 80ebf6 111 0
1fe282 142 0ff141 199 1 f00ebf 199 0
23fc51 242 ee01d7 249 1 104622 249 0
9b8075 63 723fc6 32 1 9b8075 63 0
1c8ff2 72 0e47f9 164 1 f1b807 164 0
fc6e01 233 be3700 117 0 fc6e01 233 0
707240 30 c7c6e0 143 0 c7c6e0 143 0
2e0e48 164 170724 210 0 170724 210 0
ba3e37 245 62e0e5 123 1 ba3e37 245 0
c747c6 223 5c5c1d 112 1 c747c6 223 0
e8e8f8 220 0b8b84 110 0 e8e8f8 220 0
bd1d1f 220 de8e8f 110 1 bd1d1f 220 0
485c5d 156 dbd1d1 206 0 dbd1d1 206 0
490b8c 52 2485c6 154 1 db7a3a 154 0
b6de8e 231 6490b9 116 1 b6de8e 231 0
e6dbd1 221 b36de8 111 0 e6dbd1 221 0
332486 28 e66dbd 142 0 e66dbd 142 0
b99b6f 36 dccdb7 18 1 b99b38 36 0
b7336d 133 9b99b6 67 1 b7336d 133 0
391993 17 a37336 137 1 5c8cca 137 0
772333 35 846e66 146 1 7b919a 146 0
a11b99 37 908dcc 19 0 a11bbd 37 0
c42373 133 5dee47 67 0 c42373 133 0
c8846e 81 a44237 41 1 c8846e 81 0
76ef73 139 7b77ba 198 1 848846 198 0
a12211 242 d09108 121 0 a12211 242 0
942442 31 75eddf 16 0 94232e 31 0
1d7b78 196 0ebdbc 226 0 0ebdbc 226 0
43af6f 249 61d7b8 253 0 5612af 253 0
878a12 128 c3c509 64 0 878a12 128 0
f0f142 16 f878a1 8 0 f1e9bb 16 0
fe1e28 2 01e1d8 1 0 fe1e28 1 0
603c3b 193 701e1e 225 1 8fe1e2 225 0
7c0788 249 7e03c4 253 0 75c43c 253 0
807f0f 128 3fc079 64 1 807f0f 128 0
f00fe1 80 07f810 40 0 f00fe1 80 0
fe01fc 74 00ff02 37 1 fe01fc 74 0
603fc1 74 301fe1 165 1 cfe01f 165 0
6c07f9 234 c9fc03 245 1 35f17e 245 0
927f00 190 36c080 95 0 927f00 190 0
d24fe0 88 e927f0 44 0 d24fe0 88 0
05b604 11 42db02 134 1 bd24fe 134 0
50b6c1 226 285b61 241 1 d7a340 241 0
6a16d9 125 750b6d 191 1 8af493 191 0
c2bd24 112 e15e92 56 1 c2bd24 112 0
07a85c 142 fc2bd2 199 1 03d42e 199 0
20f50c 50 107a86 153 1 ef857a 153 0
9be15e 103 720f51 52 1 9be15e 103 0
e37c2b 77 b1be15 39 0 e37c2b 77 0
cc6f85 138 e637c2 69 1 cc6f85 138 0
998df0 146 ccc6f8 73 0 998df0 146 0
9331be 19 766721 10 1 93768a 19 0
a26637 67 6ecce5 34 1 a26637 67 0
a44cc6 73 922663 37 1 a44cc6 73 0
848998 138 3dbb34 69 0 848998 138 0
909133 82 c84899 41 0 909133 82 0
921226 11 890913 6 1 8dc9dd 11 0
5dbdbc 2 2edede 129 1 d12122 129 0
6bb7b8 225 75dbdc 241 0 75db48 241 0
7d76f7 253 814484 255 0 c14484 254 0
3faedf 64 1fd770 160 0 1fd770 160 0
07f5dc 232 fc0512 244 1 03eb6d 244 0
00febc 61 bf80a2 159 1 407f5e 159 0
301fd8 168 e7f014 212 0 e7f014 212 0
0603fb 53 bcfe02 155 1 4301fe 155 0
cf3f80 39 586040 20 0 cf3f6b 39 0
161810 197 4b0c08 227 0 4b0c08 227 0
32c302 249 596181 253 1 99caaf 253 0
89a79f 128 3b2c31 64 1 89a79f 128 0
0ecb0d 80 f89a79 168 0 f89a79 168 0
fe269e 42 ff134f 21 1 fe2696 42 0
603b2d 134 301d97 195 0 301d97 195 0
d3f89a 241 a9fc4d 121 0 d3f89a 241 0
8a7f13 31 7ac077 16 0 8a7e09 31 0
1eb01e 68 0f580f 162 0 0f580f 162 0
43d604 105 61eb02 181 1 9e14fe 181 0
87853f 238 c3c29f 119 1 87853f 238 0
2f0f59 30 e87853 143 1 1787ad 143 0
25e1ec 36 ed0f0a 146 1 12f0f6 146 0
bb43c2 37 625e1f 19 0 bb439b 37 0
389788 69 5c4bc4 163 0 5c4bc4 163 0
3712f1 105 5b8979 181 1 a47687 181 0
76e25f 110 c48ed0 183 0 c48ed0 183 0
2edc4c 174 e891da 215 1 176e26 215 0
25db8a 182 ed123b 219 1 12edc5 219 0
24bb72 55 ada247 156 1 525db9 156 0
eb6891 39 4a4bb8 20 0 eb687a 39 0
ed6d12 69 b6b689 35 0 ed6d12 69 0
cdada2 137 59292f 69 0 cdada2 137 0
764a4c 82 c4dada 169 1 3b2526 169 0
6ec94a 171 7764a5 214 1 889b5b 214 0
a226d6 246 d1136b 123 1 a226d6 246 0
2bbb26 159 aa226d 208 0 aa226d 208 0
157765 52 0abbb3 154 0 0abbb3 154 0
42aeed 231 615777 244 0 61518c 244 0
e7aa22 125 b3d511 63 0 e7aa22 125 0
ccf544 144 e67aa2 72 1 ccf544 144 0
f99ea8 18 0330ac 9 0 f92040 18 0
9f33d5 67 8f99ea 34 1 9f33d5 67 0
5c1986 9 91f33d 133 0 91f33d 133 0
7b8331 162 3dc199 209 1 c23e67 209 0
908f99 117 8847cc 59 0 908f99 117 0
c211f3 15 5ef707 8 0 c0cfe1 15 0
17bdc2 66 f4211f 161 1 0bdee1 161 0
9d0847 41 8e8423 21 1 9d083e 41 0
7c5ef8 134 c1d084 195 0 c1d084 195 0
2f8bdf 49 a83a10 153 0 a83a10 153 0
8a0e84 167 7af8be 84 1 8a0e84 167 0
1ebe30 85 4f5f18 171 0 4f5f18 171 0
cc283a 107 a6141d 54 0 cc283a 107 0
567af9 14 2b3d7d 135 1 d4c283 135 0
2acf60 226 ea9850 241 0 ea96a6 241 0
6559ec 189 72acf6 223 1 8d530a 223 0
3cab3e 248 1e559f 252 0 122053 252 0
079568 127 bc354c 192 0 bc354c 192 0
ef0d53 176 f786a9 88 0 ef0d53 176 0
021e56 22 fef0d5 139 0 fef0d5 139 0
2043cb 163 5021e6 210 1 afde1a 210 0
abf786 245 6a043d 123 1 abf786 245 0
3a8110 223 5d4088 240 0 5d4025 240 0
175022 252 0ba811 254 1 ba2bf8 254 0
bd15fb 128 de8afd 64 0 bd15fb 128 0
f7a2bf 144 042ea1 72 1 f7a2bf 144 0
010ba9 210 ff7a2b 233 1 0085d3 233 0
602176 187 7010bb 222 0 7010bb 222 0
a3fbd1 248 2e0218 124 0 a3fbd1 248 0
0b8086 223 ba3fbd 240 0 ba3f43 240 0
ee8fef 188 f747f7 94 1 ee8fef 188 0
bdd1fd 24 211702 12 1 bddfec 24 0
0845c1 67 bbdd1f 162 1 4422e1 162 0
5108b9 169 977ba3 213 1 68845d 213 0
7a2118 54 3d108c 155 0 3d108c 155 0
d0bbdd 231 57a212 116 1 d0bbdd 231 0
ea177b 221 b50bbd 111 0 ea177b 221 0
32bd11 156 195e89 206 1 e6a177 206 0
b9a85d 116 232bd2 58 1 b9a85d 116 0
b7350b 207 64657b 104 0 b7350b 207 0
19195f 218 0c8cb0 237 0 0c8c93 237 0
63232c 252 319196 254 1 a73735 254 0
4c6466 128 263233 192 0 263233 192 0
f67373 112 fb39b9 56 0 f67373 112 0
fece6e 142 ff6737 71 1 fece6e 142 0
202633 18 10131a 137 1 efece6 137 0
6404c7 227 8dfd9c 242 0 8dfc64 242 0
a37f67 189 6e404d 95 1 a37f67 189 0
3b9014 216 1dc80a 236 1 e237ea 236 0
077203 123 bc46fe 190 1 43b902 190 0
50ee41 176 287721 216 1 d788df 216 0
0a1dc9 246 050ee5 251 1 f34209 251 0
2143ba 255 100000 0 1 100000 0 7
142878 64 f5ebc4 160 0 f5ebc4 160 0
02850f 168 014288 212 0 014288 212 0
ffaf5e 117 402851 59 1 ffaf5e 117 0
cff5eb 79 58050b 40 0 cff5eb 79 0
160143 202 f4ff5e 229 1 0b00a2 229 0
9d3fd7 58 316015 29 1 9d3fd7 58 0
6c5806 200 c9d3fd 228 0 c9d3fd 228 0
0d8b01 57 46c581 157 1 b93a7f 157 0
8e4e9f 104 c7274f 52 1 8e4e9f 104 0
0e362d 141 b8e4e9 199 0 b8e4e9 199 0
31c6c6 50 e71c9d 153 0 e71c9d 153 0
6638d9 39 8ce393 148 1 731c6d 148 0
e338e4 165 b19c72 83 1 e338e4 165 0
3398e4 21 59cc72 139 1 a6338e 139 0
36731d 227 a4c671 242 0 a4c4de 242 0
56ce64 189 6b6732 223 1 9498ce 223 0
3ad9cd 248 1d6ce7 252 0 111a84 252 0
075b3a 127 43ad9d 192 1 bc5263 192 0
ef1498 240 f78a4c 120 0 ef1498 240 0
fde293 30 010eb7 15 0 fde095 30 0
2043ae 68 efde29 162 0 efde29 162 0
440876 169 62043b 213 0 62043b 213 0
877ef1 118 3c4088 59 0 877ef1 118 0
d0efde 79 a877ef 40 1 d0efde 79 0
ea1dfb 138 f50efd 69 0 ea1dfb 138 0
9d43bf 18 cea1df 9 1 9cdc6e 18 0
93a877 3 89d43b 2 1 9d7cb3 2 0
c00000 0 6ec579 129 1 913a87 129 0
7bb15f 225 822750 241 0 8226cc 241 0
8089d4 61 7fbb16 31 1 8089d4 61 0
3feec6 200 e0089d 228 0 e0089d 228 0
f80227 57 bc0113 29 1 f80227 57 0
8f0044 136 387fde 68 1 8f0044 136 0
f1e008 209 b8f004 105 0 f1e008 209 0
71c3ff 27 78e200 142 0 78e200 142 0
a1c780 228 2f1c40 114 0 a1c780 228 0
b438f0 221 9a1c78 111 0 b438f0 221 0
3978e2 156 e3438f 206 1 1cbc71 206 0
b8d0e3 180 dc6871 90 0 b8d0e3 180 0
48e5e4 23 6472f2 140 1 9b8d0e 140 0
191cbd 227 b371a1 242 0 b36fd3 242 0
532398 61 6991cc 159 0 6991cc 159 0
c59b8d 104 1d323a 52 1 c59b8d 104 0
f8b371 77 43a648 39 0 f8b371 77 0
30e992 74 e78b37 165 1 1874c9 165 0
661d33 170 ccf166 213 1 330e9a 213 0
933c59 54 c99e2c 27 0 933c59 54 0
2d9875 7 a933c5 132 0 a933c5 132 0
15b30f 33 4ad988 145 0 4ad988 145 0
8d499e 101 86a4cf 51 1 8d499e 101 0
c1a933 13 a0d499 7 0 c42c85 13 0
c83526 2 37cada 1 1 9627dc 3 0
66f95c 193 737cae 225 1 8c8352 225 0
8320d4 249 7e6f96 125 1 8320d4 249 0
80641a 96 c0320d 48 0 80641a 96 0
f00c83 12 07f9bf 6 0 ec2c6a 12 0
be0190 66 20ff38 33 0 be0190 66 0
683fce 201 741fe7 229 0 741fe7 229 0
7d07fa 122 3e83fd 189 1 c17c03 189 0
905f00 240 c82f80 120 0 905f00 240 0
0df420 30 06fa10 143 0 06fa10 143 0
21be84 100 10df42 178 1 ef20be 178 0
4437d1 237 621be9 247 1 9db525 247 0
c77905 126 e3bc82 63 1 c77905 126 0
2710e0 16 ec7790 136 0 ec7790 136 0
04e21c 34 fd8ef2 145 1 02710e 145 0
9f63bc 165 704e22 83 1 9f63bc 165 0
3c1389 85 5e09c5 171 1 a1f63b 171 0
c87d8e 107 5bc139 54 1 c87d8e 107 0
56f04f 206 d487d8 231 0 d487d8 231 0
d521f6 186 ea90fb 93 1 d521f6 186 0
9aa43e 24 32ade1 12 1 9ab113 24 0
f35487 67 4655bd 34 1 f35487 67 0
519570 73 68cab8 165 0 68cab8 165 0
7a32ae 234 3d1957 245 0 3d089d 245 0
90b9aa 254 37a32b 127 0 90b9aa 254 0
d21735 224 e90b9a 112 1 d21735 224 0
fa42e6 156 02de8d 78 1 fa42e6 156 0
40b7a4 212 dfa42e 234 1 205bcf 234 0
b7e90b 187 9bf485 94 0 b7e90b 187 0
a6fd21 24 d37e90 12 0 a70a59 24 0
f4dfa4 131 ba6fd2 66 1 f4dfa4 131 0
51640c 145 974dfa 201 1 68b206 201 0
85d37e 179 82e9bf 90 1 85d37e 179 0
5f4591 151 6fa2c9 204 1 905d37 204 0
e4174d 115 b20ba6 58 1 e4174d 115 0
ac82e9 143 964174 72 0 ac82e9 143 0
e5905d 18 0d37d2 9 1 e609c1 18 0
634df5 67 71a6fb 162 0 71a6fb 162 0
a39641 233 91cb20 117 0 a39641 233 0
7b8d38 158 3dc69c 207 0 3dc69c 207 0
2f71a7 244 17b8d4 250 0 14769b 250 0
ba11cb 255 9d08e5 128 0 ba11cb 255 0
18bdc7 32 0c5ee4 144 0 0c5ee4 144 0
0317b9 228 fe7423 242 1 0187e9 242 0
4062f8 61 60317c 159 0 60317c 159 0
c7f3a1 104 1c0630 52 0 c7f3a1 104 0
f8fe74 205 4380c6 103 1 f8fe74 205 0
30e032 218 e78fe7 237 1 186fff 237 0
661c07 188 330e04 222 0 330e04 222 0
4cc381 248 d99e3f 252 1 1b2df9 252 0
099871 191 bb33c7 224 1 44cc39 224 0
11330f 56 089988 156 0 089988 156 0
022662 103 411331 180 1 beeccf 180 0
1044cd 109 b7dd99 183 0 b7dd99 183 0
cdf766 46 e6fbb3 23 1 cdf764 46 0
264114 6 ecdf76 131 1 13208a 131 0
24c823 161 526412 209 1 ad9bee 209 0
749905 245 7a4c83 251 0 781ee7 251 0
c16cdf 255 a0b66f 128 1 c16cdf 255 0
17d265 160 f416cd 208 0 f416cd 208 0
fd05b3 180 fe82d9 90 0 fd05b3 180 0
405f4a 23 9fd05b 140 1 602fa5 140 0
e7f416 35 b3fa0b 18 1 e7f3bc 35 0
53017e 5 6980bf 131 0 6980bf 131 0
3a6030 97 5d3018 177 0 5d3018 177 0
774c06 237 7ba603 247 0 7b83d6 247 0
3ee981 254 e08b3f 255 1 800000 0 5
27dd31 64 ec1167 160 1 13ee99 160 0
fb0459 168 027dd4 84 0 fb0459 168 0
ff608b 213 404fbb 107 0 ff608b 213 0
cfec11 219 a7f608 110 0 cfec11 219 0
56027e 156 2b013f 206 0 2b013f 206 0
b53fb0 244 da9fd8 122 0 b53fb0 244 0
b6a7f6 31 64ac05 16 1 b6a92d 31 0
192b02 196 0c9581 226 1 f36a7f 226 0
432561 121 6192b1 189 1 9e6d4f 189 0
7864ad 240 3c3257 248 0 3baabc 248 0
f0f36a 254 f879b5 127 0 f0f36a 254 0
21e193 32 ef0f36 144 1 10f0ca 144 0
043c33 164 021e1a 210 1 fde1e6 210 0
408787 117 6043c4 187 0 6043c4 187 0
c7ef0f 239 5c0879 120 1 c7ef0f 239 0
17021f 94 0b8110 175 0 0b8110 175 0
22e044 108 ee8fde 182 1 117022 182 0
bba3f7 174 ddd1fb 87 1 bba3f7 174 0
288b82 150 ebba3f 203 1 1445c1 203 0
daee8f 51 5288b9 26 1 daee8f 51 0
54a22f 71 95aee8 164 0 95aee8 164 0
e56bba 169 b2b5dd 85 0 e56bba 169 0
8cad77 150 c656bb 75 1 8cad77 150 0
d195ae 19 573529 10 1 d1ea13 19 0
55cd4b 195 95195a 226 1 6ae6a6 226 0
5ab9aa 185 92a32b 221 1 6d5cd5 221 0
7b5736 56 3dab9b 156 0 3dab9b 156 0
f09519 103 47b574 52 0 f09519 103 0
11ed5d 205 b70951 231 0 b70951 231 0
323dac 186 e6e12a 221 1 191ed6 221 0
6647b6 56 ccdc25 156 0 ccdc25 156 0
f33709 39 46647c 20 0 f336f2 39 0
11991f 197 48cc90 227 0 48cc90 227 0
323324 121 a6e66e 189 1 591992 189 0
89b99b 176 3b2333 88 0 89b99b 176 0
f13733 214 076467 107 0 f13733 214 0
de26e6 91 50ec8d 46 1 de26e6 91 0
abc4dc 76 2a1d92 38 1 abc4dc 76 0
4a8765 74 2543b3 165 0 2543b3 165 0
96af13 234 cb5789 117 0 96af13 234 0
6d2a1e 158 c96af1 207 0 c96af1 207 0
d25abc 52 16d2a2 26 1 d25abc 52 0
ba4b57 71 9d25ab 36 1 ba4b57 71 0
18b696 137 4c5b4b 197 0 4c5b4b 197 0
8ce92d 114 c67496 57 1 8ce92d 114 0
919d25 143 88ce92 72 1 919d25 143 0
1dcc5c 146 0ee62e 201 1 f119d2 201 0
63b98c 243 71dcc6 250 1 8ceaad 250 0
a388ce 255 91c467 128 1 a388ce 255 0
e47119 160 f2388c 80 0 e47119 160 0
0371dd 148 fe4711 202 0 fe4711 202 0
406e3c 51 9fc8e2 154 1 60371e 154 0
a7f238 39 6c06e4 20 0 a7f226 39 0
1b01b9 197 4d80dd 227 1 b27f23 227 0
cc9fc8 121 a64fe4 61 0 cc9fc8 121 0
8993f9 144 c4c9fc 72 0 8993f9 144 0
0ecd81 146 f8993f 201 1 0766c1 201 0
9e264f 51 8f1327 26 1 9e264f 51 0
5c3b37 7 6e1d9c 132 0 6e1d9c 132 0
e47899 225 b23c4c 113 0 e47899 225 0
7370ed 157 79b877 207 0 79b877 207 0
c191e2 244 e0c8f1 122 0 c191e2 244 0
b8323c 159 63e6e2 80 1 b8323c 159 0
e70647 84 f38323 42 1 e70647 84 0
bce0c8 11 9e7064 6 0 c1d44b 11 0
5863e7 2 d3ce0c 129 0 d3ce0c 129 0
6b0c7d 33 8a79c1 145 0 8a79c1 145 0
829e70 165 814f38 83 0 829e70 165 0
3fac32 21 a029e7 139 1 5fd619 139 0
c80a79 163 a4053c 82 0 c80a79 163 0
56feb1 21 6b7f59 139 1 9480a7 139 0
3adfd7 227 a29014 242 0 a28e8a 242 0
575bfb 61 945202 159 1 6badfe 159 0
c51480 40 1d75c0 20 0 c51472 40 0
f8a290 197 bc5148 99 0 f8a290 197 0
30ebae 25 a78a29 141 0 a78a29 141 0
761d76 36 3b0ebb 146 0 3b0ebb 146 0
b13c51 229 6761d8 115 0 b13c51 229 0
39d876 93 a313c5 175 0 a313c5 175 0
c8c4f1 44 e46278 22 0 c8c4f5 44 0
46e762 134 dc8c4f 195 1 2373b1 195 0
28dced 177 ab9189 217 0 ab9189 217 0
8ae462 183 7a8dcf 92 0 8ae462 183 0
1ea374 87 4f51ba 172 1 b0ae46 172 0
ec2b91 235 b615c8 118 0 ec2b91 235 0
527a8e 30 293d47 143 0 293d47 143 0
d5b0ae 100 ead857 50 1 d5b0ae 100 0
bab615 141 62a4f6 71 1 bab615 141 0
c756c2 210 1c549f 105 0 c756c2 210 0
98ead8 219 738a94 110 0 98ead8 219 0
a31d5b 220 d18ead 110 0 a31d5b 220 0
4b9c55 28 25ce2b 142 0 25ce2b 142 0
49738b 100 db463a 178 1 24b9c6 178 0
492e72 45 9b68c7 151 1 649739 151 0
3925cf 38 1c92e8 147 0 1c92e8 147 0
d8db46 101 53925d 51 1 d8db46 101 0
cb1b68 77 5a724c 39 0 cb1b68 77 0
c9636d 74 1b4e4a 37 1 c9636d 74 0
992c6d 202 cc9636 101 1 992c6d 202 0
6cda73 154 366d3a 205 1 c992c6 205 0
9264b1 244 36cda8 122 0 9264b1 244 0
b24c96 95 99264b 48 1 b24c96 95 0
19b66e 12 f324c9 134 0 f324c9 134 0
bcc932 34 219b67 17 0 bcc8c3 34 0
979926 197 8bcc93 99 1 979926 197 0
c2f324 25 a17992 13 1 c2e90c 25 0
77a19c 132 c42f32 194 1 3bd0ce 194 0
4ef434 49 677a1a 153 1 9885e6 153 0
862179 231 8310bc 116 0 862179 231 0
e0c42f 29 b06217 15 1 e0c16d 29 0
cc1885 4 19f3be 2 1 82cdcb 5 0
b98310 65 9cc188 33 0 b98310 65 0
873062 137 7c67cf 69 0 873062 137 0
80e60c 210 c07306 105 1 80e60c 210 0
901cc1 27 77f1a0 14 0 901881 27 0
5dfc68 196 2efe34 226 0 2efe34 226 0
b44073 121 9a2039 61 0 b44073 121 0
86880e 16 c34407 8 1 85c4ca 16 0
0f2eff 130 079780 193 0 079780 193 0
61e5e0 241 8f0d10 249 0 8e6ef6 249 0
7c3cbc 191 7e1e5e 224 1 81e1a2 224 0
1f8798 248 0fc3cc 252 0 01bc46 252 0
03f0f3 255 100000 0 1 100000 0 7
107e1f 128 f7c0f0 192 0 f7c0f0 192 0
020fc4 48 0107e2 152 1 fef81e 152 0
0041f9 102 ffdf03 179 1 0020fd 179 0
dff7c0 173 500420 87 0 dff7c0 173 0
340108 214 1a0084 235 0 1a007e 235 0
d97fdf 123 acbfef 62 1 d97fdf 123 0
54d005 16 d597fd 136 0 d597fd 136 0
f565ff 34 054d01 17 1 f5667c 34 0
9eacbf 197 70a9a1 99 1 9eacbf 197 0
3c2a69 89 5e1535 173 1 a1eacb 173 0
887ab2 236 3bc2a7 118 0 887ab2 236 0
4ef0aa 94 277855 175 1 d887ab 175 0
d621ea 108 14ef0b 54 0 d621ea 108 0
bac43d 206 dd621e 103 1 bac43d 206 0
d75887 154 ebac43 77 1 d75887 154 0
9aeb10 148 cd7588 74 0 9aeb10 148 0
b35d62 147 66514f 74 0 b35d62 147 0
a66bac 211 6cca2a 106 1 a66bac 211 0
a4cd75 219 9266ba 110 1 a4cd75 219 0
a499ae 28 d24cd7 14 1 a49665 28 0
4b6ccb 132 25b666 194 1 da499a 194 0
b69266 241 64b6cd 121 1 b69266 241 0
86d24c 223 7c96da 112 1 86d24c 223 0
e0da49 92 f06d24 46 0 e0da49 92 0
43e4b7 140 21f25c 198 0 21f25c 198 0
b78369 242 dbc1b4 121 0 b78369 242 0
690f93 159 7487ca 208 1 8b7836 208 0
1d21f3 116 f16f06 186 1 0e90fa 186 0
43a43f 47 9e2de0 152 0 9e2de0 152 0
e78b78 166 0c3a44 83 0 e78b78 166 0
dcf16f 213 518749 107 1 dcf16f 213 0
cb9e2d 219 5a30ea 110 1 cb9e2d 219 0
568c3b 92 2b461e 174 1 d4b9e2 174 0
4ad188 236 2568c4 246 0 253b78 246 0
b6a5cf 254 db52e7 127 1 b6a5cf 254 0
d6d4b9 32 eb6a5c 16 0 d6d5a4 32 0
fada97 4 0292b5 2 1 9d1af5 5 0
bf5b52 193 9fada9 97 0 bf5b52 193 0
87eb6a 25 7c0a4b 13 0 87e32b 25 0
7f0293 68 c07eb6 162 1 3f814a 162 0
b01fad 169 980fd6 85 1 b01fad 169 0
79fc0b 150 3cfe06 203 1 c301fa 203 0
d0c07e 115 a8603f 58 1 d0c07e 115 0
55e7f1 143 6af3f9 200 1 950c07 200 0
e54301 114 f2a180 57 0 e54301 114 0
6357a0 143 8e5430 200 0 8e5430 200 0
1c6af4 178 f1ca86 217 1 0e357a 217 0
638d5f 55 71c6b0 156 0 71c6b0 156 0
e38e54 231 b1c72a 116 1 e38e54 231 0
ec71ca 157 b638e5 79 0 ec71ca 157 0
cd8e39 148 e6c71c 74 0 cd8e39 148 0
b9b1c7 19 9cd8e3 10 1 b9635b 19 0
a73638 131 6c64e4 66 0 a73638 131 0
5b1939 209 927363 233 1 6d8c9c 233 0
7b6328 59 824e6c 158 0 824e6c 158 0
5f6c65 40 d049cd 148 0 d049cd 148 0
f41273 37 45f6c7 19 0 f41244 37 0
317db2 69 58bed9 163 1 a74127 163 0
362fb7 105 5b17dc 181 0 5b17dc 181 0
76c5f7 238 c49d04 247 0 c45867 247 0
d12741 62 176c60 31 0 d12741 62 0
25db18 72 ed1274 164 0 ed1274 164 0
fb449d 41 bda24e 21 1 fb4491 41 0
8f6893 6 c7b449 3 0 a85f1c 6 0
a3da24 1 200000 0 0 a3da24 1 0
200000 0 c00000 0 0 100000 0 7
8147b4 65 80a3da 33 1 8147b4 65 0
7fd70a 137 7feb85 197 1 80147b 197 0
80051e 114 c0028f 57 1 80051e 114 0
9000a3 143 880051 72 0 9000a3 143 0
e20014 18 f1000a 9 1 e18794 18 0
63bffe 131 8e2001 194 0 8e2001 194 0
5c7800 177 6e3c00 217 0 6e3c00 217 0
7b8f00 247 823880 252 0 fc29f0 251 0
1f71e0 63 b04710 160 0 b04710 160 0
ec11c4 40 f608e2 20 1 ec11b5 40 0
027dc8 5 bec11c 131 0 bec11c 131 0
304fb9 161 5827dd 209 1 a7d823 209 0
89f608 117 84fb04 59 0 89f608 117 0
3ec13f 143 5f60a0 200 0 5f60a0 200 0
e827d8 114 f413ec 57 0 e827d8 114 0
62fb05 143 8e827d 200 0 8e827d 200 0
1c5f61 178 0e2fb1 217 1 f1d04f 217 0
9c7413 119 8e3a09 60 0 9c7413 119 0
e38e82 15 b1c741 8 0 e4f211 15 0
ec71d0 2 138e30 1 0 ec71d0 1 0
9d8e3a 193 7138e3 97 0 9d8e3a 193 0
83b1c7 89 81d8e3 45 1 83b1c7 89 0
807638 12 c03b1c 6 0 837724 12 0
4ff139 2 d80763 129 1 27f89d 129 0
69fe28 161 8b00ec 209 0 8b00ec 209 0
82c03b 181 7e9fe3 91 0 82c03b 181 0
c05807 87 5fd3fd 44 1 c05807 87 0
e80b00 203 4bfa80 102 0 e80b00 203 0
52fea0 90 d680b0 173 0 d680b0 173 0
6a5fd4 44 352fea 150 1 cad016 150 0
4d4bfb 102 26a5fe 179 1 d95a02 179 0
29a980 237 54d4c0 247 0 549f2a 247 0
cacad0 126 e56568 63 0 cacad0 126 0
d9595a 16 ecacad 8 0 da4607 16 0
fb2b2b 2 fb2b2a 1 0 bc6060 3 0
200000 0 c00000 0 1 100000 0 7
83ecac 65 7e09aa 33 1 83ecac 65 0
807d95 73 803eca 37 1 807d95 73 0
800fb2 138 c007d9 69 0 800fb2 138 0
9001f6 18 37ff05 9 1 9065f6 18 0
6dffc2 67 89001f 162 1 76ffe1 162 0
5dbff9 169 6edffd 213 1 912003 213 0
844800 246 c22400 123 0 844800 246 0
2f7700 31 57bb80 144 0 57bb80 144 0
15eee0 228 f50890 242 0 f504e8 242 0
42bddc 61 9ea112 159 1 615eee 159 0
3857bc 40 e3d422 148 1 1c2bde 148 0
070af8 165 bc7a84 211 0 bc7a84 211 0
cf1ea1 181 a78f50 91 0 cf1ea1 181 0
c9e3d4 151 5b0e16 76 1 c9e3d4 151 0
e93c7a 211 b49e3d 106 0 e93c7a 211 0
52d871 155 9693c7 206 1 696c39 206 0
a5a4f1 180 d2d278 90 0 a5a4f1 180 0
b4b49e 151 9a5a4f 76 1 b4b49e 151 0
e69693 19 b34b49 10 0 e6f039 19 0
acd2d2 3 699697 2 0 c33c3b 2 0
a59a5a 193 92cd2d 97 0 a59a5a 193 0
84b34b 25 7da65b 13 0 84ab25 25 0
7f6997 68 c04b34 162 0 c04b34 162 0
4fed33 169 67f69a 213 1 980966 213 0
79fda7 246 c3012c 251 0 bed119 251 0
2f3fb5 63 579fdb 160 0 579fdb 160 0
15e7f7 232 f50c04 244 0 f4fd62 244 0
fd4301 61 bea180 31 0 fd4301 61 0
3057a0 8 182bd0 132 0 182bd0 132 0
060af4 97 bcfa86 177 1 43057a 177 0
8f3ea1 45 879f50 23 0 8f3ea3 45 0
3e182c 134 e0f3ea 195 1 1f0c16 195 0
27c306 49 53e183 153 0 53e183 153 0
8b079f 103 7a7c31 52 1 8b079f 103 0
e160f3 205 4f4f87 103 0 e160f3 205 0
33d3e2 218 19e9f1 237 1 e615f5 237 0
667a7d 124 333d3f 190 0 333d3f 190 0
b330b0 112 d99858 56 0 b330b0 112 0
0999ea 142 fb330b 199 1 04ccf5 199 0
deccc2 50 10999f 25 0 deccc2 50 0
642668 71 721334 164 0 721334 164 0
1c84cd 105 4e4267 181 0 4e4267 181 0
73909a 238 c637b3 247 1 398215 247 0
2e7214 62 17390a 159 1 e8c6f6 159 0
da31bd 232 12e722 116 1 da31bd 232 0
04b9c9 93 425ce5 175 1 bda31b 175 0
30973a 108 184b9d 182 1 e7b463 182 0
b9ed18 110 230974 55 0 b9ed18 110 0
28c25d 78 eb9ed1 167 0 eb9ed1 167 0
dae7b4 170 128c26 85 1 dae7b4 170 0
64a30a 214 325185 235 1 cdae76 235 0
d36b9e 251 564a31 126 1 d36b9e 251 0
55928d 224 2ac947 240 0 2ac89d 240 0
0ab252 252 055929 254 1 bd536c 254 0
100000 0 100000 0 1 100000 0 7
082aca 64 041565 160 1 fbea9b 160 0
01055a 232 ff7d53 244 1 0072bd 244 0
0020ac 61 bfefaa 159 1 401056 159 0
cffbea 40 18020b 20 0 cffbdc 40 0
f9ff7d 197 bcffbe 99 1 f9ff7d 197 0
30c011 153 586009 205 1 a79ff7 205 0
89e7fd 116 c4f3fe 58 1 89e7fd 116 0
4ec301 143 676181 200 1 989e7f 200 0
19d861 114 0cec31 185 1 f313cf 185 0
9cc4f3 111 719d87 56 0 9cc4f3 111 0
e3989e 206 0e33b1 103 1 e3989e 206 0
dc7313 90 ee3989 45 0 dc7313 90 0
64719e 12 3238cf 134 0 3238cf 134 0
4c8e34 98 d9b8e6 177 1 26471a 177 0
966e39 45 8b371c 23 0 966e3b 45 0
3d3239 134 1e991d 195 1 e166e3 195 0
27a648 113 53d324 185 0 53d324 185 0
74f4c9 111 7a7a65 184 1 85859b 184 0
e16166 110 f0b0b3 55 1 e16166 110 0
dc2c2c 14 11e9ea 7 1 de0858 14 0
247a7b 66 123d3e 161 1 edc2c2 161 0
648f50 105 7247a8 181 0 7247a8 181 0
7c91ea 110 c1b70b 183 1 3e48f5 183 0
2f923e 46 e836e1 151 0 e836e1 151 0
25f248 38 12f924 147 0 12f924 147 0
24be49 229 ada0db 243 1 525bb8 243 0
cb6836 61 a5b41b 31 1 cb6836 61 0
c96d06 8 e4b683 4 1 bb219e 8 0
0da4c0 1 bc96d0 129 0 bc96d0 129 0
70da4c 33 786d26 145 1 8792da 145 0
7e1b4a 229 80f25b 243 1 7f0b9d 243 0
3fc36a 189 5fe1b5 223 1 a01e4b 223 0
37f86e 248 e403c9 252 0 d78350 252 0
f900f2 191 437f87 96 0 f900f2 191 0
10dfe2 216 086ff1 236 1 f79000 236 0
fde403 251 bef201 126 0 fde403 251 0
504380 32 d7de40 144 0 d7de40 144 0
f5f790 36 fafbc8 18 0 f5f7cf 36 0
41410e 5 9f5f79 131 0 9f5f79 131 0
c7d7de 161 5c1411 81 1 c7d7de 161 0
770505 213 7b8283 235 0 7b8281 235 0
c11f5f 123 a08faf 62 1 c11f5f 123 0
a823eb 16 2bee0b 8 0 a74fd9 16 0
f5047d 194 fa823e 97 1 f5047d 194 0
9ea08f 25 70afb9 13 1 9ea984 25 0
7c2bef 68 3e15f8 162 0 3e15f8 162 0
b07a82 105 67c2bf 53 0 b07a82 105 0
860f50 78 c307a8 39 0 860f50 78 0
2f3e16 10 179f0b 133 0 179f0b 133 0
9a183d 98 32f3e2 49 1 9a183d 98 0
6cbcf9 77 765e7d 167 1 89a183 167 0
c26860 234 1ecbd0 117 0 c26860 234 0
984d0c 222 33d97a 111 1 984d0c 222 0
2cf65f 220 e984d0 238 0 e9849b 238 0
459ecc 188 22cf66 222 1 dd309a 222 0
48b3da 120 dba613 188 1 2459ed 188 0
f6e984 47 448b3e 24 1 f6e985 47 0
1122d0 70 089168 163 0 089168 163 0
22245a 105 51122d 181 1 aeedd3 181 0
8bbb74 238 c5ddba 119 1 8bbb74 238 0
2e8892 158 174449 207 1 e8bbb7 207 0
da2eed 244 ed1776 122 1 da2eed 244 0
bb45dd 159 625d12 80 1 bb45dd 159 0
189745 84 0c4ba3 170 0 0c4ba3 170 0
4312e9 107 618975 182 1 9e768b 182 0
58625e 238 2c312f 247 0 2bdd60 247 0
2b0c4c 126 158626 191 1 ea79da 191 0
da9e76 112 12b0c5 56 1 da9e76 112 0
04ac32 206 fda9e7 231 1 025619 231 0
209587 186 104ac4 221 0 104ac4 221 0
6412b1 120 320959 188 1 cdf6a7 188 0
f37da9 239 46412c 120 0 f37da9 239 0
ee6fb5 94 f737da 47 1 ee6fb5 94 0
22320a 12 eee6fb 134 1 111905 134 0
bbb9be 162 222321 81 1 bbb9be 162 0
6888c9 85 744465 171 1 8bbb9b 171 0
3d111a 235 a17773 246 1 5e702f 246 0
57a224 190 2bd112 223 1 d42eee 223 0
d50bbb 120 ea85dd 60 0 d50bbb 120 0
faa177 143 bd50bb 72 1 faa177 143 0
10abd2 146 f7aa17 201 1 0855e9 201 0
62157b 179 8ef542 218 1 710abe 218 0
a3bd50 183 6e2158 92 0 a3bd50 183 0
e477aa 87 4dc42b 44 0 e477aa 87 0
ec8ef5 75 b6477a 38 1 ec8ef5 75 0
526e22 138 d6c8ef 197 1 293711 197 0
6a4dc5 178 cad91d 217 0 cad91d 217 0
6d49b9 55 76a4dd 156 1 895b23 156 0
e256c8 231 b12b64 116 0 e256c8 231 0
ec4ad9 157 49da94 79 0 ec4ad9 157 0
3276a5 84 e6c4ad 170 0 e6c4ad 170 0
b9b12b 171 63276b 86 0 b9b12b 171 0
58c9db 214 2c64ee 235 1 d39b0d 235 0
2b193c 251 558c9e 254 1 8fd68a 254 0
100000 0 d54e6c 128 0 100000 0 7
f5539b 32 055633 16 0 f552a0 32 0
01558d 196 00aac7 226 0 00aac7 226 0
bfd54e 249 601559 125 1 bfd54e 249 0
87faa9 96 c3fd54 48 0 87faa9 96 0
0f00ab 12 f87faa 134 1 078056 134 0
41e016 34 20f00b 145 0 20f00b 145 0
97c3fd 101 8be1fe 51 1 97c3fd 101 0
3d0781 13 a17c3f 135 1 5e83c1 135 0
37a0f1 34 e42f87 145 1 1bd079 145 0
990be1 37 737a10 19 0 990bbe 37 0
c3217c 69 5e6f42 35 1 c3217c 69 0
c8642f 73 a43217 37 1 c8642f 73 0
76f37b 138 3b79be 197 1 c48642 197 0
912190 114 c890c8 57 0 912190 114 0
922432 143 76ede7 72 0 922432 143 0
e24486 82 f12243 41 1 e24486 82 0
9c4890 11 8e2448 6 0 a0b9b2 11 0
5c76ee 130 2e3b77 193 0 2e3b77 193 0
947122 113 8a3891 57 0 947122 113 0
7d71dc 15 814712 136 1 7eb8ee 136 0
1fae3c 34 0fd71e 145 1 f028e2 145 0
9c0a38 101 71fae4 51 0 9c0a38 101 0
3c7eb9 77 5e3f5d 167 1 a1c0a3 167 0
378fd8 234 1bc7ec 245 0 1baede 245 0
66f1fb 254 3378fe 255 1 ffffff 254 0
d321c0 128 166f20 64 0 d321c0 128 0
059bc8 208 fd321c 232 0 fd321b 232 0
00b379 186 0059bd 221 1 ffa643 221 0
9fe990 120 cff4c8 60 0 9fe990 120 0
0c02ce 15 b9fe99 136 0 b9fe99 136 0
ee7fa6 162 f73fd3 81 1 ee7fa6 162 0
9dcff4 21 711806 11 1 9df3ae 21 0
c3b9fe 67 a1dcff 34 1 c3b9fe 67 0
a8773f 9 943b9f 5 1 9f3385 9 0
7af119 2 3d788d 129 1 c28773 129 0
6f5e24 97 77af12 177 1 8850ee 177 0
82143b 237 810a1d 119 0 82143b 237 0
c04287 158 e02143 79 1 c04287 158 0
d80850 20 ec0428 10 0 d84351 20 0
44fef6 131 627f7b 194 0 627f7b 194 0
a76021 113 6c4ff0 57 0 a76021 113 0
7b13fc 207 7d89fe 232 1 827602 232 0
1f6280 122 0fb140 189 0 0fb140 189 0
63ec50 240 ce09d8 248 0 cd6dc4 248 0
f38276 62 f9c13b 31 1 f38276 62 0
de704e 136 10c7d9 68 1 de704e 136 0
fbce09 209 bde704 105 0 fbce09 209 0
8f79c1 155 784320 78 0 8f79c1 155 0
a1ef38 84 d0f79c 42 0 a1ef38 84 0
4bc219 139 65e10d 198 1 9a1ef3 198 0
a687bc 242 2cbc22 121 1 a687bc 242 0
6b2f09 223 759785 240 1 8a6831 240 0
e29a1e 252 0eb2f1 126 1 e29a1e 252 0
bc5343 224 de29a1 112 0 bc5343 224 0
087598 28 fbc534 142 0 fbc534 142 0
bef14d 164 df78a6 82 1 bef14d 164 0
b7de29 149 9bef14 75 0 b7de29 149 0
c6fbc5 147 a37de2 74 1 c6fbc5 147 0
572088 147 946fbc 202 0 946fbc 202 0
a51bef 179 928df7 90 1 a51bef 179 0
a4a37d 23 6dae42 12 1 a4b5c7 23 0
e4946f 195 4db5c9 98 1 e4946f 195 0
536d73 217 964946 237 1 69b6af 237 0
7a6daf 188 3d36d8 222 0 3d36d8 222 0
b0b24a 120 27a6db 60 0 b0b24a 120 0
09e9b7 207 44f4dc 232 0 44f4dc 232 0
eec2c9 250 089e9c 125 0 eec2c9 250 0
9dd859 224 3113d4 112 0 9dd859 224 0
0c44f5 92 06227b 174 0 06227b 174 0
be7761 108 df3bb0 54 0 be7761 108 0
483114 142 24188a 199 1 dbe776 199 0
290623 114 148312 185 1 eb7cee 185 0
6520c5 111 729063 184 0 729063 184 0
e35be7 110 0e520d 55 1 e35be7 110 0
dc6b7c 78 11ca42 39 1 dc6b7c 78 0
db8d6f 202 123949 101 1 db8d6f 202 0
9b71ad 90 cdb8d6 45 1 9b71ad 90 0
936e35 12 c9b71a 6 1 904759 12 0
4d923a 2 26c91d 129 1 d936e3 129 0
69b248 97 74d924 177 0 74d924 177 0
7d3649 237 7e9b25 247 1 814429 247 0
3fa6ca 126 e02c9b 191 1 1fd365 191 0
27f4da 48 ec0593 152 1 13fa6d 152 0
fb0164 166 027f4e 83 1 fb0164 166 0
df602c 85 504fea 43 1 df602c 85 0
cbec05 203 5a09fe 102 1 cbec05 203 0
568280 90 2b4140 173 0 2b4140 173 0
952fb0 108 ca97d8 54 0 952fb0 108 0
b2a5f6 142 26ad05 71 1 b2a5f6 142 0
29ab42 82 eb2a5f 169 1 14d5a1 169 0
9aca97 43 8d654b 22 1 9aca93 43 0
5ca6ae 6 d1aca9 131 0 d1aca9 131 0
d46b2a 33 aa3595 17 0 d46bd4 33 0
75729b 5 7ab94e 131 1 8546b2 131 0
c151ac 97 a0a8d6 49 1 c151ac 97 0
77d5cb 141 84151a 199 1 7beae6 199 0
3efaba 178 1f7d5d 217 1 e082a3 217 0
9820a8 247 8c1054 124 0 9820a8 247 0
1cfbeb 31 b1820a 144 1 4e7df6 144 0
ec6082 164 f63041 82 0 ec6082 164 0
4273f0 149 9ec608 203 0 9ec608 203 0
384e7e 179 5c273f 218 0 5c273f 218 0
a8f630 247 947b18 124 0 a8f630 247 0
e51ec6 159 b28f63 80 1 e51ec6 159 0
135c28 20 f651ec 138 0 f651ec 138 0
426b85 163 9eca3d 210 0 9eca3d 210 0
a7b28f 181 6c26b9 91 1 a7b28f 181 0
3b09af 87 a27b28 172 0 a27b28 172 0
176136 43 4bb09b 150 0 4bb09b 150 0
ad13d9 102 d689ec 51 0 ad13d9 102 0
2a5d85 141 552ec3 199 0 552ec3 199 0
354bb1 114 1aa5d9 185 1 e55a27 185 0
66a977 111 7354bc 184 0 7354bc 184 0
1cd52f 110 f19568 183 0 f19568 183 0
239aa6 174 ee32ad 215 0 ee32ad 215 0
db8cab 54 1239ab 27 0 db8cab 54 0
db7195 71 524736 36 1 db7195 71 0
1491ce 201 b5b719 229 0 b5b719 229 0
8d6dc6 58 39491d 29 1 8d6dc6 58 0
91adb8 200 372924 100 0 91adb8 200 0
0dca49 89 46e525 173 1 b91adb 173 0
8e46b6 108 38dca5 54 1 8e46b6 108 0
4e372a 206 d8e46b 231 1 271b95 231 0
d6391a 186 eb1c8d 93 0 d6391a 186 0
9ac723 152 329c6f 76 0 9ac723 152 0
0ca71c 211 b9ac72 234 1 46538c 234 0
5194e4 59 97358e 158 1 68ca72 158 0
a5cd63 40 d2e6b1 20 0 a5cd70 40 0
f4b9ac 133 45a32a 67 1 f4b9ac 133 0
3168cb 209 a74b9a 233 1 58b465 233 0
89d2e6 59 84e973 30 1 89d2e6 59 0
5ec5a4 8 d09d2e 132 1 2f62d2 132 0
f4274b 33 ba13a5 17 0 f42805 33 0
8e84e9 5 78bd8c 3 0 d96898 4 0
3e2f63 65 a0e84e 161 1 5f17b2 161 0
883a13 169 841d09 85 0 883a13 169 0
810742 150 c083a1 75 0 810742 150 0
d020e8 147 a81074 74 0 d020e8 147 0
aa041d 19 95020e 10 1 a9b99c 19 0
5abf7d 3 92a041 130 0 92a041 130 0
a4a810 161 6dabf8 81 0 a4a810 161 0
7b6afe 85 7db57f 171 0 7db57f 171 0
c092a0 235 a04950 118 0 c092a0 235 0
57edac 158 2bf6d6 207 1 d4092a 207 0
d5024a 116 157edb 58 0 d5024a 116 0
455fb7 207 9d5024 232 0 9d5024 232 0
18abf7 58 f3aa04 157 0 f3aa04 157 0
63157f 40 318ac0 148 0 318ac0 148 0
0c62b0 229 463158 243 0 462d8a 243 0
318c56 253 a739d5 255 0 e739d5 254 0
c9ce75 64 1b18c6 32 1 c9ce75 64 0
06c632 72 036319 164 1 fc9ce7 164 0
00d8c7 105 406c64 181 0 406c64 181 0
8fe4e7 110 380d8d 55 1 8fe4e7 110 0
2e0364 206 e8fe4e 231 1 1701b2 231 0
da3f93 58 12e037 29 0 da3f93 58 0
9b47f2 72 cda3f9 36 0 9b47f2 72 0
f368fe 9 b9b47f 5 1 e7cdb6 9 0
7192e1 130 c7368f 193 1 38c971 193 0
6e325d 49 77192f 153 0 77192f 153 0
8239b4 231 811cda 116 1 8239b4 231 0
e04736 29 4fdc65 15 1 e049f7 29 0
cc08e6 196 e60473 98 1 cc08e6 196 0
467ee4 153 9cc08e 205 1 633f72 205 0
873023 52 3c67ef 26 0 873023 52 0
b0e604 199 987302 100 1 b0e604 199 0
19e340 25 b30e60 141 0 b30e60 141 0
8cc398 36 399e34 18 0 8cc366 36 0
4e678d 69 98cc39 163 0 98cc39 163 0
c6330e 41 5ce679 21 1 c63318 41 0
88c661 70 c46330 35 0 88c661 70 0
2ee734 137 57739a 197 1 a88c66 197 0
8a2319 114 c5118c 57 0 8a2319 114 0
6ebb9d 15 775dcf 136 0 775dcf 136 0
e2288c 226 f11446 113 1 e2288c 226 0
9c4511 29 8e2288 15 0 9c474a 29 0
c388a2 132 1e3baf 66 0 c388a2 132 0
b87114 209 9c388a 105 1 b87114 209 0
870e22 155 7c78ef 78 0 870e22 155 0
5f1e3c 212 2f8f1e 234 1 d070df 234 0
b41c38 123 9a0e1c 62 0 b41c38 123 0
597c79 16 2cbe3d 136 1 d341c3 136 0
0b2f90 98 0597c8 177 0 0597c8 177 0
6165f2 237 70b2f9 247 1 8f2560 247 0
c3d341 254 e1e9a0 127 0 c3d341 254 0
278598 32 13c2cc 144 0 13c2cc 144 0
fb0f4d 100 02785a 50 1 fb0f4d 100 0
409e17 77 9fb0f4 167 0 9fb0f4 167 0
3813c3 170 e3f61e 213 1 1c09e2 213 0
670279 182 cc7ec3 219 1 33813d 219 0
d31fb0 183 567028 92 0 d31fb0 183 0
ea63f6 87 b531fb 44 1 ea63f6 87 0
ed4c7e 11 b6a63f 6 1 e7974c 11 0
525671 130 d6d4c7 193 1 292b39 193 0
95b531 49 8ada98 25 0 95b532 49 0
7d495a 7 815b53 132 1 7ea4ad 132 0
1fa92c 161 4fd496 209 1 b02b6a 209 0
8c0ada 245 79fa93 123 0 8c0ada 245 0
c1815b 223 5f3f53 112 0 c1815b 223 0
17cfd5 220 0be7eb 238 0 0be7b1 238 0
bd0605 252 de8302 126 1 bd0605 252 0
485f40 160 dbd060 208 0 dbd060 208 0
f6f418 180 fb7a0c 90 0 f6f418 180 0
41217d 151 9f6f41 204 0 9f6f41 204 0
182430 51 b3ede8 154 0 b3ede8 154 0
acfb7a 39 967dbd 20 0 acfb8d 39 0
1a6091 133 4d3049 195 1 b2cfb7 195 0
334c13 113 a659f6 185 1 59a60a 185 0
766983 47 84cb3e 152 1 7b34c2 152 0
e132cf 38 f09967 19 1 e132b1 38 0
23d9a7 5 ae132c 131 0 ae132c 131 0
347b35 33 5a3d9b 145 0 5a3d9b 145 0
897099 229 84b84c 115 0 897099 229 0
c12e13 157 5f68f7 79 0 c12e13 157 0
c825c2 212 1bed1f 106 0 c825c2 212 0
46fb48 91 637da4 174 0 637da4 174 0
58df69 236 2c6fb5 246 1 d36683 246 0
4b1bee 254 258df7 255 0 800000 0 5
d69c82 128 eb4e41 64 0 d69c82 128 0
052c70 16 029638 136 0 029638 136 0
00a58e 98 ffad39 177 0 ffad39 177 0
6014b2 173 700a59 215 1 8ff5a7 215 0
3c0297 118 1e014c 187 0 1e014c 187 0
278053 111 53c02a 184 1 ac3fd6 184 0
14f00b 238 f587fa 247 1 0a027e 247 0
229e02 62 114f01 159 1 eeb0ff 159 0
dbac3f 232 edd61f 116 1 dbac3f 232 0
048a79 29 42453d 143 1 bdbac3 143 0
cf6eb0 228 e7b758 114 0 cf6eb0 228 0
46122a 29 630915 143 1 9cf6eb 143 0
38c246 100 1c6123 178 0 1c6123 178 0
b8e7b7 109 638c25 55 1 b8e7b7 109 0
c71cf6 78 e38e7b 39 1 c71cf6 78 0
d8e39e 138 138e31 69 1 d8e39e 138 0
9b1c73 210 cd8e39 105 0 9b1c73 210 0
93638e 155 764e39 78 1 93638e 155 0
5d938f 212 d13638 234 0 d13635 234 0
b44d8e 59 9a26c7 30 1 b44d8e 59 0
a689b1 136 d344d8 68 0 a689b1 136 0
0b2eca 145 ba689b 201 1 459765 201 0
8e9a26 179 78b2ed 90 1 8e9a26 179 0
5e2cbc 87 6f165e 172 1 90e9a2 172 0
1bc598 107 b21d34 182 0 b21d34 182 0
ac874d 46 d643a6 23 1 ac874b 46 0
2a6f17 134 15378c 195 0 15378c 195 0
254de3 113 52a6f2 185 1 ad590e 185 0
8b5643 111 85ab21 56 0 8b5643 111 0
e16ac8 14 f0b564 7 0 e34c33 14 0
dc2d59 2 dc2d58 1 0 a52202 3 0
200000 0 200000 0 0 100000 0 7
8370b5 129 81b85a 65 1 8370b5 129 0
7f91ea 17 7fc8f5 137 1 80370b 137 0
800dc2 99 7ff91f 50 0 800dc2 99 0
5ffe48 77 6fff24 167 0 6fff24 167 0
c40037 234 1dffe5 117 1 c40037 234 0
988006 222 33bffd 111 1 988006 222 0
2cf000 220 e98800 238 0 e987cb 238 0
ba6200 60 22cf00 30 0 ba6200 60 0
48b3c0 200 dba620 228 0 dba620 228 0
091678 57 448b3c 157 0 448b3c 157 0
7122cf 104 c76e98 180 0 c76e98 180 0
f1dba6 45 47122d 23 1 f1dba9 45 0
ce3b74 70 18e246 35 1 ce3b74 70 0
263892 201 531c49 229 1 ace3b7 229 0
8b38ed 250 c59c76 125 1 8b38ed 250 0
6e98e3 32 c8b38e 144 1 374c72 144 0
0dd31d 36 f91671 146 0 f91671 146 0
be459c 165 9f22ce 83 1 be459c 165 0
c7c8b3 21 a3e459 11 0 c7f1ac 21 0
c8f916 3 a47c8b 2 1 ed75a1 2 0
56e0de 129 948f91 193 0 948f91 193 0
8523e4 177 8291f2 89 1 8523e4 177 0
7f5b84 151 7fadc2 204 1 80523e 204 0
1feb71 115 4ff5b9 186 1 b00a47 186 0
ac0291 239 69feb8 120 0 ac0291 239 0
e58052 94 f2c029 47 0 e58052 94 0
234ff6 12 ee5805 134 0 ee5805 134 0
bb9601 34 ddcb00 17 0 bb9670 34 0
9772c0 5 8bb960 3 0 ba6118 5 0
7a2350 1 5e88d4 129 0 5e88d4 129 0
885dcb 225 7bd11b 113 0 885dcb 225 0
7ef447 221 8085dc 239 0 8085bc 239 0
c02177 188 e010bb 94 1 c02177 188 0
b8042e 152 23fde9 76 1 b8042e 152 0
08ff7b 83 bb8042 170 1 447fbe 170 0
aee010 43 688ff8 22 0 aee00b 43 0
a5dc02 70 d2ee01 35 0 a5dc02 70 0
d4bb80 137 55a240 69 0 d4bb80 137 0
756890 210 c54bb8 233 0 c54bb7 233 0
9152ee 59 88a977 30 1 9152ee 59 0
a22a5d 136 2eead2 68 1 a22a5d 136 0
0bbab5 81 45dd5b 169 0 45dd5b 169 0
717757 107 874454 182 0 874454 182 0
5e2eeb 46 d0e88a 151 1 2f1776 151 0
d43a22 166 15e2ef 83 0 d43a22 166 0
2578bc 213 52bc5e 235 1 ad439f 235 0
34af18 251 5a578c 254 0 40ed6f 254 0
5695e3 128 2b4af2 192 1 d4b50e 192 0
f52d43 112 fa96a1 56 0 f52d43 112 0
015a58 14 ff52d4 135 0 ff52d4 135 0
dfd4b5 34 1015a6 17 1 dfd52d 34 0
64056a 69 8dfd4b 163 1 7202b5 163 0
3c80ae 169 5e4057 213 0 5e4057 213 0
886fea 118 3bc80b 59 0 886fea 118 0
d10dfd 79 a886fe 40 1 d10dfd 79 0
15de41 138 f510df 197 1 0aef21 197 0
9d4437 178 315de5 89 1 9d4437 178 0
6c577a 87 762bbd 172 1 89d443 172 0
1d8af0 235 b13a88 246 0 b11e39 246 0
ac4ea2 62 29d8af 31 0 ac4ea2 62 0
2a762c 200 153b16 228 1 eac4ea 228 0
fab13a 121 42a763 61 0 fab13a 121 0
8f5627 80 3854ed 40 1 8f5627 80 0
f1eac4 202 f8f562 101 1 f1eac4 202 0
9e3d58 154 cf1eac 77 0 9e3d58 154 0
6c3855 148 361c2b 202 0 361c2b 202 0
b278f5 115 993c7a 58 1 b278f5 115 0
59b0e2 143 93278f 200 1 6cd871 200 0
1b361d 50 f264f1 153 0 f264f1 153 0
6366c4 167 71b362 212 1 8e4c9e 212 0
1c6cd9 117 b1c993 187 1 4e366d 187 0
338d9c 175 a63932 216 1 59c6ce 216 0
1671b4 54 0b38da 155 1 f4c726 155 0
dd31c9 103 51671c 52 0 dd31c9 103 0
eba639 77 4a2ce4 39 0 eba639 77 0
cd74c7 74 19459d 37 1 cd74c7 74 0
665168 74 ccd74c 165 0 ccd74c 165 0
9335d3 42 366517 21 0 9335cd 42 0
6d9946 198 36cca3 227 0 36cca3 227 0
d24cd7 121 a9266b 61 1 d24cd7 121 0
8a499a 16 3adb33 8 0 898475 16 0
f14933 194 075b67 97 0 f14933 194 0
9e2926 89 8f1493 45 1 9e2926 89 0
7c3adc 140 3e1d6e 198 1 c1e292 198 0
b078a4 242 d83c52 121 1 b078a4 242 0
69f0ec 31 8b078a 144 1 74f876 144 0
e2c1e2 36 f160f1 18 0 e2c21e 36 0
bc583c 5 61d3e2 3 1 e3e344 5 0
3874f9 193 a3c583 225 1 5c3a7d 225 0
770ea0 185 7b8750 221 0 7b8750 221 0
7ee1d4 120 3f70ea 188 1 c08f16 188 0
0fdc3b 111 b811e2 184 1 47ee1e 184 0
11fb88 174 08fdc4 215 0 08fdc4 215 0
223f71 246 111fb9 251 1 e7f243 251 0
dbb811 127 addc08 64 0 dbb811 127 0
eb7702 16 f5bb81 8 0 ec6cbe 16 0
029120 2 feb770 129 0 feb770 129 0
605224 161 8fd6ee 209 1 702912 209 0
83f5bb 53 7e0523 27 0 83f5bb 53 0
c07eb7 199 a03f5b 100 1 c07eb7 199 0
e80fd6 153 4bf815 77 1 e80fd6 153 0
72fe06 84 c680fd 170 0 c680fd 170 0
4e5fc1 171 672fe1 214 1 98d01f 214 0
a63407 118 d31a03 59 1 a63407 118 0
2b3980 143 aa6340 200 0 aa6340 200 0
ea98d0 50 0ab398 25 0 ea98d0 50 0
62ace6 71 715673 164 0 715673 164 0
e3aa63 105 4e2acf 53 0 e3aa63 105 0
8c754c 78 c63aa6 39 1 8c754c 78 0
d18ea9 138 1738ac 69 0 d18ea9 138 0
65ce2b 82 cd18ea 169 1 32e716 169 0
93463a 43 765ce3 22 0 934636 43 0
5d9739 70 2ecb9d 163 1 d13463 163 0
d44d18 233 aa268c 117 0 d44d18 233 0
8a89a3 158 c544d1 79 0 8a89a3 158 0
d15134 148 e8a89a 74 1 d15134 148 0
45d5da 19 62eaed 138 1 9d1513 138 0
58babc 227 93a2a2 242 1 6c5c0f 242 0
a4e8a8 189 927454 95 0 a4e8a8 189 0
3b62eb 24 1db176 140 1 e24e8a 140 0
f893a2 227 43b62f 114 0 f893a2 227 0
af1274 93 97893a 47 1 af1274 93 0
3a1db2 12 1d0ed9 134 1 e2f127 134 0
b8bc49 98 dc5e24 49 0 b8bc49 98 0
971789 13 74743c 7 0 94e95a 13 0
c2e2f1 194 e17178 97 0 c2e2f1 194 0
67a3a2 153 73d1d1 205 1 8c2e2f 205 0
7cf475 116 3e7a3b 186 0 3e7a3b 186 0
b06171 111 67cf48 56 0 b06171 111 0
19f3d2 78 0cf9e9 167 1 f30617 167 0
dcc185 106 ee60c2 53 1 dcc185 106 0
6467d0 142 cdcc18 199 0 cdcc18 199 0
2c8cfa 178 16467d 217 1 e9b983 217 0
9a6e60 247 8d3730 124 0 9a6e60 247 0
e34dcc 159 b1a6e6 80 1 e34dcc 159 0
ec69b9 20 f634dc 10 0 eca746 20 0
bd8d37 131 9ec69b 66 1 bd8d37 131 0
584e5a 17 6c272d 137 1 93d8d3 137 0
7b09cc 227 7d84e6 242 1 827a10 242 0
a09ec6 253 904f63 127 1 a09ec6 253 0
c413d8 32 1df614 16 0 c412f6 32 0
077d85 196 03bec3 226 0 03bec3 226 0
40efb1 249 9f8827 253 1 5486d4 253 0
781df7 192 c3f104 224 0 c3f104 224 0
f0fc41 184 0781e0 92 0 f0fc41 184 0
01e078 87 40f03c 172 0 40f03c 172 0
103c0f 235 b7e1f8 246 0 b7c400 246 0
520782 62 d6fc3f 159 1 2903c1 159 0
2a40f1 40 152079 148 1 eadf87 148 0
05481f 101 42a410 179 0 42a410 179 0
30a904 109 a7ab7e 183 1 585482 183 0
c9eadf 46 1b0a91 23 1 c9eae1 46 0
d93d5b 70 136153 35 0 d93d5b 70 0
24d855 201 ad93d5 229 0 ad93d5 229 0
8b64f5 186 c5b27a 93 1 8b64f5 186 0
6e9362 152 c8b64f 204 1 3749b1 204 0
0dd26d 179 b916c9 218 0 b916c9 218 0
ae45b2 183 9722d9 92 0 ae45b2 183 0
1a374a 23 b2e45b 140 1 4d1ba5 140 0
1346ea 35 b65c8b 146 1 49a375 146 0
5268de 37 69346f 147 0 69346f 147 0
c5b2e4 101 5d268e 51 1 c5b2e4 101 0
c8b65c 77 5ba4d2 39 1 c8b65c 77 0
c916cb 202 e48b65 101 0 c916cb 202 0
66dd27 26 cc916c 141 0 cc916c 141 0
93245b 36 366dd3 18 0 932429 36 0
4d9b75 197 66cdbb 227 0 66cdbb 227 0
39b36f 121 a32648 189 0 a32648 189 0
88c992 48 3b9b37 24 0 88c991 48 0
f11932 198 f88c99 99 0 f11932 198 0
de2326 25 50ee6d 13 1 de2e17 25 0
743b9c 196 c5e232 226 1 3a1dce 226 0
b1788c 185 98bc46 93 1 b1788c 185 0
862f11 152 c31788 76 0 862f11 152 0
0f3a1e 147 479d0f 202 0 479d0f 202 0
51e744 115 68f3a2 186 1 970c5e 186 0
a5c317 111 92e18b 56 1 a5c317 111 0
1b479e 14 0da3cf 135 0 0da3cf 135 0
dc970c 226 11b47a 113 1 dc970c 226 0
9b92e1 93 8dc970 47 0 9b92e1 93 0
c3725c 12 1e46d2 6 1 c6f941 12 0
4791b5 194 23c8db 225 0 23c8db 225 0
970dc9 121 8b86e4 61 0 970dc9 121 0
7d1e47 144 3e8f24 200 0 3e8f24 200 0
f05c37 114 07d1e5 57 1 f05c37 114 0
61f47a 79 8f05c3 168 1 70fa3d 168 0
e3c170 42 0e1f48 21 0 e3c168 42 0
6387d2 198 31c3e9 227 1 ce3c17 227 0
2c70fb 249 a9c782 253 1 48ff8e 253 0
758e20 64 3ac710 160 0 3ac710 160 0
0eb1c4 104 0758e2 180 1 f8a71e 180 0
fe29c7 109 bf14e3 55 1 fe29c7 109 0
303ac8 142 181d64 199 0 181d64 199 0
d9f8a7 114 ecfc53 57 1 d9f8a7 114 0
64c0ec 15 8d9f8a 136 1 726076 136 0
1c981e 34 f1b3f1 145 0 f1b3f1 145 0
639304 37 8e367e 147 1 71c982 147 0
3c7261 165 a1c6cf 211 1 5e3931 211 0
c871b3 53 5bc727 27 0 c871b3 53 0
36f1ca 199 5b78e5 228 1 a4871b 228 0
e921c6 249 4b6f1d 125 1 e921c6 249 0
8d2438 96 396de4 48 0 8d2438 96 0
f1a487 204 f8d243 102 1 f1a487 204 0
be3490 26 df1a48 13 0 be3b89 26 0
97c692 4 341cb7 2 0 c99b80 3 0
4d072e 65 997c69 161 0 997c69 161 0
79a0e6 169 832f8d 213 0 832f8d 213 0
80cbe3 54 3f9a0f 27 0 80cbe3 54 0
d0197c 71 57f342 36 1 d0197c 71 0
15fcd1 73 4afe69 165 1 b50197 165 0
8d4065 234 c6a032 117 1 8d4065 234 0
6e57f4 30 c8d406 143 1 372bfa 143 0
d23501 36 e91a80 18 0 d2353b 36 0
ba46a0 5 9d2350 3 0 e18f74 5 0
38b72c 129 5c5b96 193 1 a3a46a 193 0
88e91a 113 84748d 57 0 88e91a 113 0
811d23 15 808e91 8 0 821e40 15 0
1fdc5c 130 f011d2 193 1 0fee2e 193 0
9c0474 177 8e023a 89 1 9c0474 177 0
83808e 23 7e3fb9 12 1 8390c6 23 0
1f8fef 67 4fc7f8 162 0 4fc7f8 162 0
53f1fe 233 960701 245 0 95fc40 245 0
7a7e40 190 3d3f20 223 0 3d3f20 223 0
2f4fc8 120 e8581c 188 0 e8581c 188 0
fa1607 47 42f4fd 24 1 fa1608 47 0
10bd40 198 f7a160 227 0 f7a160 227 0
2217a8 57 aef42c 157 0 aef42c 157 0
8bbd0b 168 c5de85 84 0 8bbd0b 168 0
f177a1 149 b8bbd0 75 0 f177a1 149 0
31d10c 19 58e886 138 1 a7177a 138 0
a9c5de 227 94e2ef 114 1 a9c5de 227 0
a538bb 29 6d63a3 15 0 a53671 29 0
3b58e9 68 1dac75 162 1 e2538b 162 0
b894e2 105 9c4a71 53 0 b894e2 105 0
87129c 142 c3894e 71 1 87129c 142 0
d0e253 18 e87129 9 0 d1568c 18 0
9a1c4a 131 8d0e25 66 0 9a1c4a 131 0
a34389 145 6e5e3c 73 0 a34389 145 0
7b978f 83 7dcbc8 170 0 7dcbc8 170 0
5f72f2 235 6fb979 246 1 903275 246 0
5bee5f 254 2df730 255 0 800000 0 5
100000 0 100000 0 1 100000 0 7
100000 0 02b7dd 128 1 100000 0 7
00adf8 96 0056fc 176 0 0056fc 176 0
0015bf 236 fff520 246 0 ffb525 246 0
bffd48 62 dffea4 31 0 bffd48 62 0
280057 8 ebffd4 132 0 ebffd4 132 0
fafff5 161 428006 81 1 fafff5 161 0
8f5ffe 85 87afff 43 1 8f5ffe 85 0
c1ebff 139 a0f5ff 70 1 c1ebff 139 0
a83d7f 18 d41ebf 9 1 a7d370 18 0
6af851 3 757c29 130 1 8a83d7 130 0
5d5f0b 225 6eaf86 241 1 914fd7 241 0
7babe2 125 822a0f 191 1 7dd5f1 191 0
3f757d 48 e04541 152 0 e04541 152 0
07eeb0 166 fc08a8 211 0 fc08a8 211 0
20fdd6 181 af8115 219 0 af8115 219 0
cbe045 55 5a0fde 28 1 cbe045 55 0
e97c08 71 4b41fc 36 0 e97c08 71 0
12d07f 201 b697c0 229 0 b697c0 229 0
8da5f0 58 c6d2f8 29 0 8da5f0 58 0
91b4be 8 c8da5f 4 1 852718 8 0
1b92d2 1 46e4b5 129 1 b91b4b 129 0
8e46d2 225 78dc97 113 0 8e46d2 225 0
7e3726 221 7f1b93 239 0 7f1b73 239 0
c0391b 124 1fe373 62 0 c0391b 124 0
47f8dd 80 23fc6f 168 0 23fc6f 168 0
f700e4 234 fb8072 117 1 f700e4 234 0
611fe4 30 308ff2 143 1 cf700e 143 0
2c23fd 100 e9ee01 178 0 e9ee01 178 0
458480 173 9d3dc0 215 0 9d3dc0 215 0
38b090 54 e3a7b8 155 0 e3a7b8 155 0
271612 39 ac74f7 148 1 538b09 148 0
14e2c3 165 4a7162 211 1 b58e9e 211 0
cd63a7 245 a6b1d3 123 1 cd63a7 245 0
36538c 159 a4d63a 208 1 5b29c6 208 0
e9358e 52 f49ac7 26 1 e9358e 52 0
bd26b1 135 9e9358 68 0 bd26b1 135 0
e7a4d6 145 b3d26b 73 1 e7a4d6 145 0
8cf49a 147 867a4d 74 0 8cf49a 147 0
a19e93 19 6f30b7 10 0 a1562b 19 0
a433d2 67 9219e9 34 0 a433d2 67 0
5b7986 9 92433d 133 0 92433d 133 0
8490cf 34 3db799 17 1 849130 34 0
6f6de7 69 77b6f4 163 0 77b6f4 163 0
c21243 233 5ef6df 117 0 c21243 233 0
77bdb8 94 3bdedc 175 0 3bdedc 175 0
d10849 236 e88424 118 0 d10849 236 0
ba2109 30 dd1084 15 0 ba22c3 30 0
d74421 132 145df0 66 0 d74421 132 0
45177c 81 9d7442 169 1 628bbe 169 0
78a2f0 171 83ae88 214 0 83ae88 214 0
a0eba2 54 d075d1 27 0 a0eba2 54 0
2be28c 135 55f146 196 1 aa0eba 196 0
157c52 241 b541d7 249 1 49d3a5 249 0
72af8b 191 7957c6 224 1 86a83a 224 0
e1aa0e 248 0f2af9 124 1 e1aa0e 248 0
03cabf 223 be1aa0 240 0 be1a22 240 0
ef86a8 60 f7c354 30 0 ef86a8 60 0
bdf0d5 8 def86a 4 1 b0014e 8 0
0841e6 129 4420f3 193 0 4420f3 193 0
8ef7c3 241 78841f 121 0 8ef7c3 241 0
7e2108 223 7f1084 240 0 7f1043 240 0
1fc421 124 f01def 190 1 0fe211 190 0
43f885 176 21fc43 216 0 21fc43 216 0
f780ef 246 043f89 123 1 f780ef 246 0
def01d 223 5087f2 112 1 def01d 223 0
ebde03 220 f5ef01 110 0 ebde03 220 0
428440 28 debde0 142 0 debde0 142 0
485088 164 242844 210 0 242844 210 0
b6f5ef 117 9b7af7 59 1 b6f5ef 117 0
392143 15 a36f5e 136 1 5c90a2 136 0
e8dbd7 162 0b9215 81 1 e8dbd7 162 0
9d1b7a 213 8e8dbd 107 0 9d1b7a 213 0
c3a36f 155 5e2e49 78 1 c3a36f 155 0
a8746d 212 2bc5ca 106 1 a8746d 212 0
4af173 219 6578ba 238 1 9a872f 238 0
595e2f 124 d350e8 190 0 d350e8 190 0
b4d43a 48 2595e3 24 0 b4d439 48 0
f69a87 70 fb4d43 35 1 f69a87 70 0
ded350 137 af69a8 69 0 ded350 137 0
742596 146 3a12cb 201 0 3a12cb 201 0
6e84b3 115 77425a 186 1 88bda6 186 0
5dd097 239 6ee84c 248 0 6e9734 248 0
1bba13 126 0ddd0a 191 1 f222f6 191 0
237743 240 11bba2 248 1 ed67d5 248 0
fb9117 126 fdc88b 63 1 fb9117 126 0
df7222 16 1046ef 8 0 de8269 16 0
fbee44 66 0208de 33 1 fbee44 66 0
608238 201 70411c 229 0 70411c 229 0
83efb9 122 c1f7dc 61 0 83efb9 122 0
6f8209 144 37c105 200 1 c83efb 200 0
f20fbe 242 f907df 121 1 f20fbe 242 0
9e41f7 159 70df05 80 1 9e41f7 159 0
e3c83e 212 0e1be1 106 1 e3c83e 212 0
bc7907 219 9e3c83 110 1 bc7907 219 0
5870e0 28 2c3870 142 0 2c3870 142 0
4b0e1c 228 25870e 242 1 da761e 242 0
4961c4 253 9b4f1e 255 1 370953 255 0
c6d3c7 192 1c961d 96 1 c6d3c7 192 0
072588 88 fc6d3c 172 0 fc6d3c 172 0
00e4b1 43 bf8da7 150 1 407259 150 0
501c97 38 d7f1b4 147 0 d7f1b4 147 0
2a0393 165 aafe36 211 1 5501ca 211 0
354073 181 a55fc6 219 1 5aa03a 219 0
36a80f 183 a4abf8 220 0 a4abf8 220 0
e92afe 183 b4957f 92 1 e92afe 183 0
ed255f 151 496d51 76 1 ed255f 151 0
eda4ab 211 b6d255 106 0 eda4ab 211 0
adb495 155 6925b6 78 1 adb495 155 0
a5b692 212 d2db49 106 0 a5b692 212 0
b4b6d2 27 9a5b69 14 0 b4bba5 27 0
596926 132 d34b6d 194 0 d34b6d 194 0
b4d2db 177 659693 89 0 b4d2db 177 0
869a5b 215 834d2d 108 0 869a5b 215 0
e0d34b 27 4f965b 14 0 e0cdc8 27 0
ac1a69 68 d60d34 34 0 ac1a69 68 0
4a7cb3 9 9ac1a6 133 1 653e5a 133 0
86b069 34 3ca7cc 17 0 86b007 34 0
6f29f3 197 886b06 227 1 7794fa 227 0
c21ac1 57 a10d60 29 0 c21ac1 57 0
884358 136 c421ac 68 0 884358 136 0
f1086b 17 b88435 9 0 f1c0ef 17 0
71def3 131 871086 194 1 78ef7a 194 0
a1c421 49 90e210 25 0 a1c422 49 0
843884 7 821c42 4 1 e7e9f8 6 0
3ef1e0 1 4fbc78 129 0 4fbc78 129 0
8c10e2 97 79f78f 49 0 8c10e2 97 0
81821c 205 7f3ef2 103 1 81821c 205 0
c03043 218 1fe7df 109 0 c03043 218 0
980608 220 33fcfc 110 0 980608 220 0
4cff3f 92 d98060 174 0 d98060 174 0
b66018 172 24cff4 86 0 b66018 172 0
4933fd 86 db6601 171 0 db6601 171 0
d6d980 171 549340 86 0 d6d980 171 0
5524d0 86 2a9268 171 0 2a9268 171 0
d55b66 235 55524d 118 1 d55b66 235 0
555494 222 2aaa4a 239 1 d55561 239 0
2aaa93 124 eaaab6 190 1 15554a 190 0
baaaad 48 dd5556 24 1 baaaac 48 0
f75555 6 045556 3 1 8b6555 7 0
211556 193 af7555 225 0 af7555 225 0
7422ab 185 85eeaa 221 1 7a1156 221 0
817baa 184 3f422b 92 0 817baa 184 0
f02f75 215 47e846 108 1 f02f75 215 0
ee05ee 91 b702f7 46 1 ee05ee 91 0
523f43 12 d6e05e 134 1 291fa2 134 0
4a47e9 162 2523f5 209 1 dadc0b 209 0
6948fe 245 8b5b81 251 0 8900a5 251 0
c2d6e0 63 a16b70 32 0 c2d6e0 63 0
e85adc 8 f42d6e 4 1 d91805 8 0
fd0b5b 129 be85ad 65 0 fd0b5b 129 0
8fa16b 17 87d0b5 9 0 90293c 17 0
81f42d 3 80fa16 2 1 82ee44 2 0
200000 0 200000 0 1 100000 0 7
200000 0 c00000 0 0 100000 0 7
8080fa 193 7fbf83 97 0 8080fa 193 0
7fefe1 89 7ff7f1 173 1 80080f 173 0
7ffdfd 236 3ffeff 246 0 3fdefe 246 0
4fffc0 254 27ffe0 255 0 800000 0 5
d60008 128 14fffc 64 0 d60008 128 0
fac001 80 fd6000 40 0 fac001 80 0
ff5800 138 ffac00 69 0 ff5800 138 0
601500 18 cff580 137 0 cff580 137 0
93fd60 163 89feb0 82 0 93fd60 163 0
5d8054 149 6ec02a 203 1 913fd6 203 0
3bb00b 243 5dd806 250 1 a09f5a 250 0
577602 255 100000 0 1 100000 0 7
100000 0 0d7761 128 1 100000 0 7
fca227 96 01aeed 48 1 fca227 96 0
ff9444 76 ffca22 38 1 ff9444 76 0
400d78 138 dff944 197 0 dff944 197 0
6801af 178 cbff28 217 0 cbff28 217 0
92ffca 55 897fe5 28 0 92ffca 55 0
e25ff9 7 b12ffc 4 0 f885f8 7 0
d897fe 1 c00000 0 1 d897fe 1 0
727681 65 86c4bf 161 1 793b41 161 0
81b12f 169 7f2769 85 1 81b12f 169 0
7fc9db 214 c01b12 235 1 3fe4ea 235 0
d006c4 59 a80362 30 1 d006c4 59 0
aa00d8 136 2aff94 68 0 aa00d8 136 0
f5401b 81 455ff3 41 0 f5401b 81 0
7157fd 75 875401 166 0 875401 166 0
a1d500 170 2f1580 85 0 a1d500 170 0
943aa0 214 35e2b0 107 0 943aa0 214 0
2d78ac 91 a943aa 174 1 56bc56 174 0
aa50ea 172 d52875 86 0 aa50ea 172 0
b54a1d 22 daa50e 11 1 b52ec8 22 0
2956bd 3 54ab5f 130 0 54ab5f 130 0
552ad8 225 956a94 241 0 9569e9 241 0
855aa5 61 7d52ae 31 1 855aa5 61 0
c0ab54 72 1faa56 36 1 c0ab54 72 0
f8156a 73 bc0ab5 37 0 f8156a 73 0
8f02ad 138 387eaa 69 1 8f02ad 138 0
91e055 82 c8f02a 41 1 91e055 82 0
923c0a 11 76e1fb 6 0 8df31a 11 0
5db87f 194 d123c0 225 0 d123c0 225 0
9448f0 57 8a2478 29 0 9448f0 57 0
7d76e2 136 c1448f 196 1 3ebb71 196 0
f05123 49 47d76f 25 0 f05122 49 0
71f5dc 199 78faee 228 1 870512 228 0
1e3ebc 121 b0e0a2 189 1 4f1f5e 189 0
73c7d8 48 c61c14 152 0 c61c14 152 0
f18705 38 f8c382 19 1 f186e6 38 0
de30e0 133 af1870 67 0 de30e0 133 0
cbc61c 145 a5e30e 73 1 cbc61c 145 0
8978c3 19 7b439f 10 0 893665 19 0
5ed0e8 195 90978c 226 0 90978c 226 0
5bda1d 57 9212f1 157 0 9212f1 157 0
7b7b44 40 3dbda2 148 1 c2425e 148 0
f09097 101 b8484b 51 1 f09097 101 0
ce1212 141 a70909 71 0 ce1212 141 0
c9c242 18 1b1edf 9 0 c94fd1 18 0
66c7b8 67 7363dc 162 0 7363dc 162 0
5cd8f7 105 6e6c7c 181 0 6e6c7c 181 0
8464e1 238 3dcd90 119 0 8464e1 238 0
d08c9c 94 e8464e 47 1 d08c9c 94 0
da1193 12 12f737 6 0 d65d70 12 0
bb4232 194 225ee7 97 0 bb4232 194 0
976846 217 8bb423 109 1 976846 217 0
82ed08 28 3e897c 14 0 82ea02 28 0
4fa25f 196 27d130 226 0 27d130 226 0
b60bb4 249 9b05da 125 1 b60bb4 249 0
793e8a 32 3c9f45 144 1 c360bb 144 0
0f27d2 228 f86c17 242 1 079026 242 0
be1b05 61 9f0d82 31 1 be1b05 61 0
383ca0 136 1c1e50 196 0 1c1e50 196 0
f8f86c 113 bc7c36 57 1 f8f86c 113 0
70e0f3 15 878f86 136 1 78707a 136 0
e1e3e1 34 0f0e10 17 0 e1e369 34 0
63c384 197 8e1e3e 227 1 71e1c2 227 0
3c7871 57 a1c3c7 157 1 5e3c39 157 0
778f0f 168 3bc788 212 0 3bc788 212 0
0ef1e2 245 4778f1 251 1 b4c2d7 251 0
ce21c3 127 a710e1 64 0 ce21c3 127 0
e9c438 144 0b1de4 72 0 e9c438 144 0
02c779 210 0163bd 233 1 fe9c41 233 0
9fa710 251 702c78 126 0 9fa710 251 0
5c0b1e 96 d1fa71 176 0 d1fa71 176 0
f47e9c 44 05c0b2 22 1 f47ea0 44 0
41702d 70 20b817 163 0 20b817 163 0
d7d1fa 105 541703 53 0 d7d1fa 105 0
7505c1 78 c57d1f 167 1 3a82e1 167 0
d15f47 42 e8afa3 21 1 d15f40 42 0
65d418 6 32ea0c 131 0 32ea0c 131 0
d3457d 97 565d42 49 1 d3457d 97 0
8a68af 205 853457 103 1 8a68af 205 0
c14d15 26 e0a68a 13 1 c14610 26 0
67d65e 132 33eb2f 194 0 33eb2f 194 0
4cfacc 113 99829a 185 1 667d66 185 0
8660a6 47 833053 24 1 8660a5 47 0
1f33ec 6 f0660a 131 1 0f99f6 131 0
23e67e 161 51f33f 209 0 51f33f 209 0
8b8330 245 85c198 123 0 8b8330 245 0
c17066 159 a0b833 80 1 c17066 159 0
17d1f4 20 0be8fa 138 1 f41706 138 0
42fa3f 227 617d20 242 0 617ba6 242 0
585f48 125 6c2fa4 191 0 6c2fa4 191 0
c4f417 240 e27a0b 120 1 c4f417 240 0
07617e 158 fc4f41 207 0 fc4f41 207 0
20ec30 180 107618 218 0 107618 218 0
441d86 119 620ec3 188 0 620ec3 188 0
1883b1 111 b3be27 184 1 4c41d9 184 0
131077 174 09883c 215 0 09883c 215 0
22620f 118 eecef8 187 0 eecef8 187 0
244c42 175 522621 216 1 add9df 216 0
148989 246 0a44c5 251 1 ee5f87 251 0
229132 127 aeb767 192 1 514899 192 0
ebadd9 176 f5d6ec 88 0 ebadd9 176 0
028a45 22 014523 139 0 014523 139 0
205149 227 5028a5 242 1 afd59c 242 0
540a2a 125 6a0515 191 1 95faeb 191 0
3a8146 240 1d40a3 248 0 1c7b24 248 0
075029 254 fc57eb 255 1 800000 0 5
df15fa 192 ef8afd 96 0 df15fa 192 0
fbe2bf 152 fdf15f 76 1 fbe2bf 152 0
0083a9 19 bfbe2b 138 1 4041d5 138 0
501076 163 97f7c5 210 0 97f7c5 210 0
a5fdf1 181 92fef8 91 0 a5fdf1 181 0
3b4042 151 5da021 204 1 a25fdf 204 0
e897f7 115 4bb405 58 1 e897f7 115 0
52ed02 79 96897f 168 1 697681 168 0
e5a25f 42 0d2ed1 21 1 e5a267 42 0
634bb5 70 31a5db 163 0 31a5db 163 0
2c6977 105 5634bc 181 0 5634bc 181 0
758d2f 110 3ac698 183 0 3ac698 183 0
d14e5a 238 e8a72d 119 0 d14e5a 238 0
25d635 158 12eb1b 207 0 12eb1b 207 0
db4539 116 125d64 58 0 db4539 116 0
bb68a7 207 9db453 104 1 bb68a7 207 0
1892ec 26 f3b68a 141 1 0c4976 141 0
63125e 164 ce76d1 210 0 ce76d1 210 0
4c624c 181 99ceda 219 1 663126 219 0
c673b6 55 5cc625 28 1 c673b6 55 0
17318a 199 4b98c5 228 1 b4673b 228 0
ed19ce 121 b68ce7 61 1 ed19ce 121 0
8da339 144 392e64 72 0 8da339 144 0
0e4b99 210 f8da33 233 1 0725cb 233 0
61c974 59 70e4ba 158 1 8f1b46 158 0
5c392f 104 d1e368 180 0 d1e368 180 0
f478da 45 45c393 23 0 f478d7 45 0
3170e5 70 e7478d 163 0 e7478d 163 0
262e1d 169 ace8f1 213 0 ace8f1 213 0
74c5c4 182 3a62e2 219 1 c59d1e 219 0
d16747 119 a8b3a3 60 1 d16747 119 0
ea2ce8 15 b51674 8 0 eb9715 15 0
ed459d 130 f6a2ce 65 1 ed459d 130 0
62574d 145 8ed459 201 0 8ed459 201 0
83b516 51 7e2575 26 1 83b516 51 0
5f895e 199 6fc4af 228 0 6fc4af 228 0
e40ed4 121 4df896 61 1 e40ed4 121 0
737e26 208 c640ed 232 0 c640ec 232 0
f1903b 58 f8c81d 29 0 f1903b 58 0
9e3207 136 cf1903 68 1 9e3207 136 0
f3c640 17 461ce0 9 0 f30c5d 17 0
8e78c8 195 873c64 98 0 8e78c8 195 0
5e30e7 25 6f1874 141 0 6f1874 141 0
7bc61d 228 c21cf1 242 0 c21ae0 242 0
4f78c4 61 67bc62 159 1 98439e 159 0
c610e7 232 1cf78d 116 1 c610e7 232 0
073de4 221 bc610e 239 1 439eb4 239 0
30e7bd 188 e78c21 222 0 e78c21 222 0
461cf8 56 dcf184 156 0 dcf184 156 0
f73c61 39 4461d0 20 0 f73c4a 39 0
eee78c 69 b773c6 35 1 eee78c 69 0
cddcf1 137 a6ee78 69 0 cddcf1 137 0
764462 146 c4ddcf 201 1 3b2231 201 0
6ec88d 51 776447 154 0 776447 154 0
a226ee 231 911377 116 1 a226ee 231 0
e444dd 29 4ddd92 15 1 e447a6 29 0
cc889b 196 19bbb3 98 0 cc889b 196 0
b99113 217 9cc889 109 0 b99113 217 0
873222 28 3c66ef 14 0 872f14 28 0
4f19bc 196 d87322 226 1 278cde 226 0
49e338 185 64f19c 221 0 64f19c 221 0
793c67 120 3c9e34 188 0 3c9e34 188 0
f0d873 111 b86c39 56 0 f0d873 111 0
11e4f2 14 08f279 135 1 f70d87 135 0
223c9f 98 111e50 177 0 111e50 177 0
9bb86c 109 7223ca 55 1 9bb86c 109 0
3c88f3 78 e1bb86 167 1 1e447a 167 0
d86ee1 170 ec3770 85 0 d86ee1 170 0
64f224 150 cd86ee 203 1 327912 203 0
2c9e45 51 a9b0dd 154 0 a9b0dd 154 0
aa6c37 167 6ac9e5 84 1 aa6c37 167 0
1ab27a 85 b2a6c3 171 1 4d593d 171 0
335650 43 59ab28 150 0 59ab28 150 0
566aca 230 2b3565 243 1 d4c54e 243 0
d532a6 125 aa9953 63 1 d532a6 125 0
3559ac 16 1aacd6 136 1 e5532a 136 0
06ab36 98 fcaa65 177 0 fcaa65 177 0
9f2a99 45 706ab4 23 0 9f2a97 45 0
3c1aad 70 1e0d57 163 0 1e0d57 163 0
d87caa 105 ac3e55 53 0 d87caa 105 0
8b0f95 142 3a7836 71 1 8b0f95 142 0
2e9e0e 82 e8b0f9 169 0 e8b0f9 169 0
65d3c2 43 8d161f 150 1 72e9e1 150 0
5cba79 166 d1a2c3 211 1 2e5d3d 211 0
d468b0 181 aa3458 91 0 d468b0 181 0
3572ea 23 5ab975 140 1 a5468b 140 0
16ae5e 99 b4a8d1 178 0 b4a8d1 178 0
ad2a34 45 696ae6 23 1 ad2a36 45 0
3a5aba 70 1d2d5d 163 1 e2d2a3 163 0
274b58 233 ac5a54 245 0 ac4cc9 245 0
8b1695 190 c58b4a 95 1 8b1695 190 0
d162d2 24 e8b169 12 0 d1715d 24 0
fa2c5a 131 42e9d3 66 0 fa2c5a 131 0
50ba75 81 97a2c5 169 0 97a2c5 169 0
85e8b1 171 82f458 86 0 85e8b1 171 0
5f42ea 150 d05e8b 203 1 2fa175 203 0
d417a2 179 55f42f 90 0 d417a2 179 0
557d0c 215 95417a 236 1 6abe81 236 0
1aafa2 187 4d57d1 222 1 b2a82f 222 0
5355f5 120 d65505 188 0 d65505 188 0
0a6abf 47 453560 152 0 453560 152 0
eeb2a8 102 f75954 51 0 eeb2a8 102 0
ddd655 141 aeeb2a 71 1 ddd655 141 0
344536 146 e5dd65 201 0 e5dd65 201 0
6688a7 51 734454 154 0 734454 154 0
a32eeb 231 919775 116 0 a32eeb 231 0
e465dd 157 4dcd12 79 1 e465dd 157 0
337345 212 e6465d 234 0 e6465a 234 0
466e69 187 633735 222 1 9cc8cb 222 0
58cdce 248 2c66e7 252 0 21f3c4 252 0
0b19ba 255 100000 0 1 100000 0 7
100000 0 100000 0 0 100000 0 7
022c67 192 011634 224 0 011634 224 0
ffba73 120 ffdd39 60 0 ffba73 120 0
fff74e 15 400459 8 1 80bba3 16 0
100117 66 08008c 161 0 08008c 161 0
620023 105 8effee 181 1 710012 181 0
7c4005 174 c1dffd 215 0 c1dffd 215 0
d077ff 182 17c401 91 1 d077ff 182 0
25f101 87 52f881 172 1 ad077f 172 0
eb41df 235 4a5f11 118 1 eb41df 235 0
5297c5 222 d6b41d 239 0 d6b3c6 239 0
2a52f9 60 ead683 158 1 15297d 158 0
454a60 40 22a530 148 0 22a530 148 0
08a94c 229 4454a6 243 1 bba77d 243 0
ceead6 125 a7756b 63 1 ceead6 125 0
c9dd5a 144 1b1153 72 0 c9dd5a 144 0
06c455 210 fc9dd5 233 0 fc9dd3 233 0
9f2775 187 706c46 94 1 9f2775 187 0
a3e4ee 216 d1f277 108 1 a3e4ee 216 0
f47c9d 27 ba3e4e 14 1 f476cb 27 0
ae8f93 4 28b837 2 0 f17b42 3 0
b5d1f2 193 651707 97 0 b5d1f2 193 0
86ba3e 89 835d1f 45 1 86ba3e 89 0
80d747 140 3f945d 70 1 80d747 140 0
4fe518 210 27f28c 233 0 27f28b 233 0
96035d 123 74fe52 62 1 96035d 123 0
5d3f95 80 d16035 168 0 d16035 168 0
0ba7f3 42 fa2c06 149 1 05d3fa 149 0
9e8b01 38 30ba80 19 0 9e8ae7 38 0
d3d160 197 561750 99 0 d3d160 197 0
3585d4 89 a53d16 173 1 5ac2ea 173 0
76b0bb 44 c4a7a2 150 1 3b585e 150 0
b129e8 38 276b0c 19 0 b129cd 38 0
29dac3 69 ab129e 163 1 54ed62 163 0
cac4a7 169 a56253 85 1 cac4a7 169 0
76a76c 22 3b53b6 139 1 c4ac4a 139 0
2ed4ee 227 a89589 242 0 a893e7 242 0
55da9e 189 9512b1 223 0 9512b1 223 0
c544ac 184 1d5daa 92 1 c544ac 184 0
07576b 87 bc544a 172 1 43abb6 172 0
ef1512 43 487577 22 0 ef150c 43 0
521d5e 70 d6f151 163 0 d6f151 163 0
2a43ac 169 5521d6 213 1 aade2a 213 0
754876 118 3aa43b 187 0 3aa43b 187 0
2ea90f 239 575488 248 0 56ebdd 248 0
ea2ade 254 0aea91 127 1 ea2ade 254 0
22baa5 96 eea2ad 176 0 eea2ad 176 0
fba8ab 172 fdd455 86 0 fba8ab 172 0
408aeb 22 dfba8a 139 1 204576 139 0
28115e 35 abf751 146 0 abf751 146 0
aafdd4 165 957eea 83 1 aafdd4 165 0
c55fba 149 a2afdd 75 0 c55fba 149 0
375409 19 a455fb 138 1 5baa05 138 0
56ea82 163 948abf 210 1 6b7541 210 0
a522af 53 6d6ea9 27 1 a522af 53 0
c4a455 199 a2522a 100 1 c4a455 199 0
176b76 25 4bb5bb 141 0 4bb5bb 141 0
8d1291 228 c68948 114 0 8d1291 228 0
4e5dae 29 98d129 143 0 98d129 143 0
c6344a 36 e31a25 18 0 c63483 36 0
473977 133 9c6344 195 0 9c6344 195 0
38e72f 177 a38c68 217 0 a38c68 217 0
771ce6 55 7b8e73 156 0 7b8e73 156 0
1ee39d 103 b08e31 180 0 b08e31 180 0
13dc74 173 b611c6 215 1 49ee3a 215 0
327b8f 54 193dc8 155 0 193dc8 155 0
d9b08e 231 acd847 116 1 d9b08e 231 0
eb3611 29 4a64f8 15 0 eb333b 29 0
cd66c2 196 194c9f 98 0 cd66c2 196 0
b9acd8 89 9cd66c 45 0 b9acd8 89 0
87359b 140 3c6533 70 0 87359b 140 0
b0e6b3 82 d87359 41 0 b0e6b3 82 0
961cd6 139 74f195 70 1 961cd6 139 0
5d3c66 210 d161cd 233 0 d161cc 233 0
945873 187 8a2c39 94 0 945873 187 0
5d74f2 24 2eba79 140 1 d14587 140 0
f45161 99 ba28b0 50 0 f45161 99 0
ae8a2c 13 974516 7 1 ac2d18 13 0
c5d145 2 3a2ebc 1 1 945cf4 3 0
6745d8 65 73a2ec 161 0 73a2ec 161 0
831745 233 7e745e 117 1 831745 233 0
8062e8 94 c03174 47 0 8062e8 94 0
2ff3a3 140 17f9d2 198 1 e8062e 198 0
ba018b 242 22ff3b 121 0 ba018b 242 0
68bfcf 95 8ba018 176 0 8ba018 176 0
1d17fa 172 0e8bfd 214 1 f17403 214 0
bc5d00 118 de2e80 59 0 bc5d00 118 0
287460 15 543a30 136 0 543a30 136 0
150e8c 98 f578ba 177 1 0a8746 177 0
62a1d2 173 7150e9 215 1 8eaf17 215 0
3c543b 118 1e2a1e 187 1 e1d5e2 187 0
278a88 111 53c544 184 0 53c544 184 0
14f151 110 0a78a9 183 1 f58757 183 0
229e2b 238 eeb0ea 247 1 10e065 247 0
2453c6 190 1229e3 223 0 1229e3 223 0
db7587 248 edbac3 124 1 db7587 248 0
049150 159 bdb758 208 0 bdb758 208 0
ef6dd6 180 f7b6eb 90 1 ef6dd6 180 0
bdedba 23 610923 12 0 bdd9db 23 0
184249 195 4c2125 226 1 b3dedb 226 0
acf7b6 249 698425 125 1 acf7b6 249 0
7a610a 224 3d3085 240 1 c2cef5 240 0
f0b3de 124 f859ef 62 1 f0b3de 124 0
41e985 144 20f4c3 200 0 20f4c3 200 0
f7c2cf 242 fbe167 121 1 f7c2cf 242 0
6107a7 31 7083d4 144 0 7083d4 144 0
e3df0b 100 f1ef85 50 0 e3df0b 100 0
43841f 141 9e3df0 199 0 9e3df0 199 0
c78f7c 178 1c3842 89 1 c78f7c 178 0
670e11 87 738709 172 1 8c78f7 172 0
1ce1c3 107 b18f1e 182 1 4e70e2 182 0
ac63c7 46 d631e3 23 1 ac63c5 46 0
d58c78 6 eac63c 3 0 f2e540 6 0
254e71 129 52a739 193 1 ad58c7 193 0
8b5631 241 7a54e8 121 0 8b5631 241 0
7e953a 223 80b563 240 1 7f4a5c 240 0
1fd2a8 188 0fe954 222 0 0fe954 222 0
43fa55 120 21fd2b 188 0 21fd2b 188 0
087f4b 239 443fa6 248 1 bb449a 248 0
eef016 126 0887f5 63 1 eef016 126 0
2221fe 80 1110ff 168 0 1110ff 168 0
044440 106 022220 181 0 022220 181 0
9f7778 238 cfbbbc 119 0 9f7778 238 0
d3eeef 30 e9f777 15 1 d3ed1b 30 0
258223 132 ed3eee 194 1 12c112 194 0
bb4fbb 49 9da7dd 25 0 bb4fbc 49 0
789609 135 83b4fb 196 1 7c4b05 196 0
e0ed3e 49 4f8961 25 1 e0ed3f 49 0
73e259 71 860ed3 164 1 79f12d 164 0
e183b4 41 4f3e26 21 1 e183bf 41 0
8c3076 70 39e7c5 35 1 8c3076 70 0
2e79f2 201 573cf9 229 1 a8c307 229 0
8a30c1 122 c51860 61 0 8a30c1 122 0
914618 144 c8a30c 72 0 914618 144 0
0dd73d 146 06eb9f 201 0 06eb9f 201 0
61bae8 115 8f228c 186 0 8f228c 186 0
a3c8a3 175 6e1baf 88 0 a3c8a3 175 0
1b86ec 86 f23c8a 171 1 0dc376 171 0
2370de 171 ae4791 214 0 ae4791 214 0
ab91e4 182 2a370e 91 1 ab91e4 182 0
2a8dc4 87 5546e2 172 1 aab91e 172 0
eaae47 107 b55723 54 1 eaae47 107 0
ad55c8 142 d6aae4 71 0 ad55c8 142 0
2a5547 18 ead55c 137 0 ead55c 137 0
9ab557 163 72a555 82 1 9ab557 163 0
a356aa 213 6e54ab 107 0 a356aa 213 0
c46ad5 219 5dca96 110 1 c46ad5 219 0
a88d5a 220 d446ad 110 0 a88d5a 220 0
4aee55 156 da88d5 206 0 da88d5 206 0
495dcb 180 db511a 218 1 24aee6 218 0
b6d446 183 9b6a23 92 1 b6d446 183 0
e6da88 151 4c92bc 76 0 e6da88 151 0
ecdb51 211 b66da8 106 0 ecdb51 211 0
526496 27 96cdb5 142 0 96cdb5 142 0
5a4c93 36 d2d9b6 146 1 2d264a 146 0
4b4993 37 65a4ca 147 1 9a5b36 147 0
c696cd 101 a34b66 51 1 c696cd 101 0
c8d2d9 13 a4696c 7 0 cb647f 13 0
36e5a5 2 e48d2d 129 0 e48d2d 129 0
66dcb5 33 8c91a5 145 0 8c91a5 145 0
832469 37 7e6dcc 19 0 832449 37 0
3f9b73 69 a03246 163 1 5fcdba 163 0
37f36f 41 a40648 149 0 a40648 149 0
890192 166 3b7f37 83 0 890192 166 0
d12032 213 a89019 107 0 d12032 213 0
ca2406 155 a51203 78 1 ca2406 155 0
a94480 20 d4a240 10 0 a979a9 20 0
b52890 3 656bb8 2 0 cfbcd8 2 0
595aee 193 6cad77 225 0 6cad77 225 0
84d4a2 121 826a51 61 0 84d4a2 121 0
7f656c 16 3fb2b6 136 1 c04d4a 136 0
f01352 98 07f657 49 0 f01352 98 0
9e026a 205 70fecb 103 0 9e026a 205 0
c3c04d 90 1e1fda 45 1 c3c04d 90 0
987809 76 cc3c04 38 0 987809 76 0
b30f01 10 267880 5 0 ac42c5 10 0
699e20 194 cb30f0 225 0 cb30f0 225 0
92cc3c 185 89661e 93 1 92cc3c 185 0
7da679 24 3ed33d 140 1 c12cc3 140 0
f04b30 99 b82598 50 0 f04b30 99 0
51f69a 13 9704b3 135 1 68fb4d 135 0
3a3ed4 162 e2e096 209 1 1d1f6a 209 0
98b825 181 8c5c12 91 1 98b825 181 0
c31704 151 a18b82 76 1 c31704 151 0
e862e0 147 4bce90 74 0 e862e0 147 0
ad0c5c 211 96862e 106 1 ad0c5c 211 0
5a5e75 155 92d0c5 206 0 92d0c5 206 0
a4b431 52 2da5e8 26 0 a4b431 52 0
b49686 71 65b4bd 36 1 b49686 71 0
e692d0 201 b34968 101 0 e692d0 201 0
732da6 154 c6692d 205 0 c6692d 205 0
6e65b5 180 3732db 218 0 3732db 218 0
4dccb7 247 9919a4 252 0 93880a 252 0
19b997 191 b32334 224 0 b32334 224 0
ecc8cd 56 099b9a 28 1 ecc8cd 56 0
fd9919 199 413374 100 0 fd9919 199 0
efb323 89 b7d991 45 0 efb323 89 0
72099c 140 3904ce 198 1 c6fb32 198 0
b1becc 242 d8df66 121 1 b1becc 242 0
69c827 159 8b1bec 208 0 8b1bec 208 0
1d3905 180 0e9c83 218 0 0e9c83 218 0
43a721 247 9e2c6f 252 1 5bf0ca 252 0
1874e5 63 4c3a73 160 0 4c3a73 160 0
ecf163 104 f678b1 52 0 ecf163 104 0
fd9e2c 13 4130ea 7 1 804cb4 14 0
cfb3c5 194 18261e 97 1 cfb3c5 194 0
660988 217 7304c4 237 0 7304ba 237 0
833ecf 252 c19f67 126 1 833ecf 252 0
b067d9 160 d833ec 80 0 b067d9 160 0
09f305 148 04f983 202 0 04f983 202 0
413e61 243 609f31 250 1 9de34c 250 0
a7d833 127 6c13e7 64 0 a7d833 127 0
e4fb06 208 0d827d 104 1 e4fb06 208 0
fc9f60 218 fe4fb0 109 0 fc9f60 218 0
9f93ec 156 cfc9f6 78 1 9f93ec 156 0
4c0d83 20 d9f93e 138 1 2606c2 138 0
4981b1 163 64c0d9 210 1 9b3f27 210 0
a6cfc9 117 9367e4 59 0 a6cfc9 117 0
3b2607 143 a26cfc 200 0 a26cfc 200 0
1764c1 178 0bb261 217 1 f44d9f 217 0
9d1367 119 71764d 60 1 9d1367 119 0
e3a26c 207 4e2eca 104 1 e3a26c 207 0
138bb3 90 09c5da 173 1 f63a26 173 0
627177 236 cec744 246 0 ce9fe0 246 0
b3b1d1 190 262718 95 0 b3b1d1 190 0
2989c6 88 eb3b1d 172 0 eb3b1d 172 0
053139 43 42989d 150 1 bd6763 150 0
50a628 102 d7acec 179 0 d7acec 179 0
d5eb3b 173 aaf59d 87 0 d5eb3b 173 0
354299 22 e55eb3 139 1 1aa14d 139 0
d957ac 163 acabd6 82 1 d957ac 163 0
ab2af5 149 6a6a86 75 1 ab2af5 149 0
3a9aa2 211 a2b2af 234 1 5d4d4f 234 0
a8acab 59 6ba9ab 30 0 a8acab 59 0
a51595 200 d28aca 100 1 a51595 200 0
f4a2b2 153 45aea7 77 0 f4a2b2 153 0
716baa 212 38b5d5 234 1 c74a29 234 0
b1d28a 123 98e945 62 0 b1d28a 123 0
a63a51 16 2ce2d8 8 0 a56734 16 0
f4c74a 66 059c5b 33 0 f4c74a 66 0
9e98e9 73 70b38c 37 0 9e98e9 73 0
7c2ce3 202 c1e98e 229 1 3e1672 229 0
907a63 186 37c2cf 93 0 907a63 186 0
6df0b4 216 36f85a 236 1 c9079d 236 0
0dbe17 251 b920f4 254 0 9ad8b7 254 0
ae483d 64 d7241e 32 1 ae483d 64 0
f5c907 136 051b7d 68 1 f5c907 136 0
feb920 209 40a370 105 0 feb920 209 0
8fd724 91 78146e 46 1 8fd724 91 0
a1fae4 204 2f028e 102 1 a1fae4 204 0
b43f5c 218 25e052 109 1 b43f5c 218 0
9687eb 92 34bc0b 46 0 9687eb 92 0
4d2f03 204 d9687e 230 1 269782 230 0
b65a1f 58 db2d0f 29 1 b65a1f 58 0
6934bd 8 349a5f 132 0 349a5f 132 0
f2d968 225 46934c 113 0 f2d968 225 0
71a4d3 221 78d26a 239 1 872d72 239 0
c1cb65 252 e0e5b2 126 1 c1cb65 252 0
b8396c 160 23e34a 80 1 b8396c 160 0
f7072d 212 fb8396 106 1 f7072d 212 0
bee0e5 27 9f7072 14 1 bedbe9 27 0
a7dc1c 132 d3ee0e 66 1 a7dc1c 132 0
4b047d 145 9a7dc1 201 0 9a7dc1 201 0
796090 179 7cb048 218 0 7cb048 218 0
a0d3ee 119 6f9609 60 1 a0d3ee 119 0
e41a7d 79 4df2c2 40 1 e41a7d 79 0
137cb1 202 09be59 229 1 f641a7 229 0
9d9069 250 cec834 125 0 9d9069 250 0
6c4df3 160 c9d906 208 1 3626fa 208 0
0d89bf 180 f93b20 218 0 f93b20 218 0
be4ec8 55 9f2764 28 0 be4ec8 55 0
183627 135 b3e4ec 196 0 b3e4ec 196 0
ecf93b 177 b67c9d 89 0 ecf93b 177 0
8d9f27 23 79306d 12 1 8db001 23 0
1e4c1c 67 b0d9f2 162 1 4f260e 162 0
ac367c 41 69e4c2 21 1 ac3685 41 0
7a7931 70 3d3c99 163 1 c2c367 163 0
2f4f27 105 a8586c 181 0 a8586c 181 0
8a161b 174 3af4f3 87 0 8a161b 174 0
d142c3 214 175e9f 107 0 d142c3 214 0
25d7a8 91 ad142c 174 0 ad142c 174 0
54baf5 172 d5a285 214 0 d5a285 214 0
4a975f 54 254bb0 155 0 254bb0 155 0
d6ad14 103 54a976 52 1 d6ad14 103 0
ead5a2 77 4a952f 39 0 ead5a2 77 0
cd5ab4 74 e6ad5a 37 1 cd5ab4 74 0
99ab56 138 332a55 69 1 99ab56 138 0
6cca96 82 c99ab5 169 0 c99ab5 169 0
6d9953 171 76ccaa 214 1 893356 214 0
a24cd5 118 d1266a 59 1 a24cd5 118 0
d4499a 143 55db33 72 0 d4499a 143 0
ea8933 210 0abb67 105 0 ea8933 210 0
62aeda 91 71576d 174 1 8ea893 174 0
5c55dc 236 2e2aee 246 1 d1ac27 246 0
4b8abc 254 da3aa2 255 1 800000 0 5
297158 192 eb4754 224 0 eb4754 224 0
052e2b 184 029716 220 1 fd68ea 220 0
ff5a3a 119 4052e3 60 0 ff5a3a 119 0
efeb47 79 b7f5a3 40 1 efeb47 79 0
edfd68 138 f6feb4 69 0 edfd68 138 0
9dbfad 146 cedfd6 73 1 9dbfad 146 0
6c480b 19 89dbfa 138 1 762406 138 0
5d8902 163 6ec481 210 1 913b7f 210 0
5bb121 245 6dd891 251 1 8f9634 251 0
c489db 127 a244ed 64 0 c489db 127 0
e8913b 16 0bb763 8 0 e79cf2 16 0
02edd9 66 0176ed 161 1 fe8913 161 0
9fa244 105 8fd122 53 1 9fa244 105 0
7c0bb8 14 3e05dc 135 0 3e05dc 135 0
d07e89 98 e83f44 49 0 d07e89 98 0
65f02f 13 72f818 135 0 72f818 135 0
c341fa 226 e1a0fd 113 0 c341fa 226 0
98683f 157 73cbe1 79 1 98683f 157 0
3cf2f9 212 e18683 234 1 1e797a 234 0
b861a0 59 63cf30 30 0 b861a0 59 0
a70c34 200 d3861a 100 1 a70c34 200 0
f4e186 25 458f3d 13 1 f4ed2d 25 0
8e9c30 68 38b1e8 34 0 8e9c30 68 0
b1d386 73 67163d 37 1 b1d386 73 0
79c590 74 c31d38 165 0 c31d38 165 0
90c74e 42 c863a7 21 1 90c748 42 0
9218e9 134 36f38c 67 0 9218e9 134 0
2dbce3 209 56de72 233 1 a9218d 233 0
8a4863 251 852431 126 0 8a4863 251 0
a1490c 160 d0a486 80 1 a1490c 160 0
f42921 148 05eb70 74 0 f42921 148 0
417adc 211 60bd6e 234 1 9f4291 234 0
582f5c 123 93e852 190 1 6c17ae 190 0
5b05ec 176 d27d0a 216 1 2d82f6 216 0
0b60be 182 fa4fa1 219 0 fa4fa1 219 0
216c18 183 af49f4 220 0 af49f4 220 0
ebd27d 55 b5e93e 28 1 ebd27d 55 0
ed7a4f 135 4942d9 68 1 ed7a4f 135 0
1250b7 209 b6d7a4 233 0 b6d7a3 233 0
8db5e9 59 86daf4 30 0 8db5e9 59 0
5e4943 8 2f24a2 132 1 d0db5e 132 0
0bc929 97 45e495 177 1 ba1b6b 177 0
8e86da 237 87436d 119 0 8e86da 237 0
c1d0db 30 e0e86d 15 0 c1d29d 30 0
27c5e5 4 ec1d0d 130 0 ec1d0d 130 0
44f8bd 161 627c5f 209 0 627c5f 209 0
789f18 245 7c4f8c 251 0 7a3208 251 0
3f13e3 255 100000 0 1 100000 0 7
17e27d 128 f40ec1 192 0 f40ec1 192 0
fd03b0 176 fe81d8 88 0 fd03b0 176 0
ffa076 22 002fc5 11 1 ffc070 22 0
200bf2 195 5005f9 226 1 affa07 226 0
54017f 249 6a00c0 253 0 5f40d8 253 0
7a8030 128 c2bfe8 192 0 c2bfe8 192 0
f0affa 48 f857fd 24 0 f0affb 48 0
fe15ff 6 ff0aff 3 1 de349f 6 0
dfc2bf 129 501ea1 65 1 dfc2bf 129 0
7407a9 209 7a03d5 233 1 85fc2a 233 0
7e80f6 251 80bf85 254 0 e11f48 253 0
a02fe1 64 2fe810 32 0 a02fe1 64 0
0bfa04 72 fa02fe 164 1 05fd02 164 0
fe80bf 169 bf405f 85 1 fe80bf 169 0
8fd017 150 c7e80b 75 1 8fd017 150 0
2e05fe 19 a8fd01 138 0 a8fd01 138 0
55c0c0 35 6ae060 146 0 6ae060 146 0
5ab818 229 6d5c0c 243 0 6d5977 243 0
c4a8fd 253 a2547e 127 1 c4a8fd 253 0
c8951f 32 e44a8f 16 1 c8943b 32 0
06ed5d 132 0376af 194 0 0376af 194 0
bf2254 113 606ed6 57 1 bf2254 113 0
781bb6 207 7c0ddb 232 0 7c0ddb 232 0
e0fc89 122 0f81bc 61 0 e0fc89 122 0
9c1f91 80 ce0fc8 40 0 9c1f91 80 0
0c7c0e 138 063e07 197 0 063e07 197 0
618f82 242 30c7c1 249 1 cdfb5e 249 0
93ce0f 127 89e707 64 1 93ce0f 127 0
1d863f 144 0ec320 200 0 0ec320 200 0
03b0c8 242 01d864 249 0 7fefe3 250 0
9f89e7 127 703b0d 64 1 9f89e7 127 0
e3f13c 80 f1f89e 40 1 e3f13c 80 0
0381d9 138 fe3f13 197 1 01c0ed 197 0
9f8fc4 50 30381e 25 1 9f8fc4 50 0
93f1f8 71 89f8fc 36 0 93f1f8 71 0
e27e3f 137 4ec0e1 69 1 e27e3f 137 0
8c4fc7 82 39d81d 41 1 8c4fc7 82 0
6e7608 75 88c4fc 166 0 88c4fc 166 0
5dcec1 42 d1189f 149 1 2ee761 149 0
6bb9d9 38 ca2313 147 1 35dced 147 0
d288c4 165 a94462 83 1 d288c4 165 0
ca5118 21 5ad774 11 0 ca27ce 21 0
c94a23 195 5b5aef 98 0 c94a23 195 0
a92944 217 6b6b5e 109 1 a92944 217 0
852528 92 3d6d6c 46 0 852528 92 0
b0a4a5 76 d85252 38 1 b0a4a5 76 0
b61494 138 db0a4a 69 1 b61494 138 0
96c292 146 cb6149 73 0 96c292 146 0
92d852 19 896c29 10 0 931d08 19 0
a25b0a 131 912d85 66 0 a25b0a 131 0
a44b61 145 6dda50 73 0 a44b61 145 0
84896c 83 7dbb4a 42 1 84896c 83 0
a0912d 75 6fb76a 38 1 a0912d 75 0
a41225 202 d20912 101 1 a41225 202 0
948244 154 35bede 77 1 948244 154 0
6d6fb8 84 36b7dc 170 0 36b7dc 170 0
4dadf7 107 992904 182 0 992904 182 0
59b5bf 46 d32520 151 0 d32520 151 0
d4c948 166 ea64a4 83 0 d4c948 166 0
da9929 21 ad4c94 11 0 dac47c 21 0
cb5325 131 5a566e 66 1 cb5325 131 0
56959c 209 6b4ace 233 1 94b531 233 0
7ad2b4 123 8296a6 190 1 7d695a 190 0
a0a5a9 48 d052d4 24 0 a0a5aa 48 0
0beb4b 134 fa0a5a 195 1 05f5a6 195 0
de8296 49 50beb5 25 1 de8297 49 0
742fae 71 85e829 164 0 85e829 164 0
e17a0a 41 b0bd05 21 0 e17a15 41 0
73d0bf 134 c617a0 195 0 c617a0 195 0
2e7a18 177 a8c2f4 217 0 a8c2f4 217 0
8a30bd 55 7ae7a2 28 1 8a30bd 55 0
1eb9e9 71 b0a30b 164 1 4f5cf5 164 0
ec28c2 41 b61461 21 0 ec28cd 41 0
727ae8 134 393d74 195 0 393d74 195 0
d1b0a3 241 5727af 121 0 d1b0a3 241 0
8a3614 95 7ae4f6 48 1 8a3614 95 0
e146c2 76 0f5c9f 38 0 e146c2 76 0
bc28d8 202 de146c 101 0 bc28d8 202 0
97851b 154 343d73 77 0 97851b 154 0
6d0f5d 212 c97851 234 0 c9784f 234 0
4da1ec 187 66d0f6 222 1 992f0a 222 0
59b43e 248 2cda1f 252 0 227563 252 0
0b3688 255 100000 0 0 100000 0 7
100000 0 100000 0 1 100000 0 7
100000 0 01166e 128 1 100000 0 7
ffba64 224 ffdd32 112 1 ffba64 224 0
0008b4 156 fffba6 206 1 00045a 206 0
400117 180 20008c 218 0 20008c 218 0
b7ffdd 247 640012 124 1 b7ffdd 247 0
e6fffb 95 b37ffd 48 0 e6fffb 95 0
ecdfff 140 f66fff 70 1 ecdfff 140 0
426401 146 decdff 201 1 213201 201 0
684c81 179 742641 218 1 8bd9bf 218 0
a2f66f 247 917b37 124 1 a2f66f 247 0
1ba133 159 4dd09a 208 1 b22f66 208 0
137427 244 f645ec 250 0 f293bd 250 0
bd917b 63 9ec8bd 32 0 bd917b 63 0
184dd1 136 0c26e9 196 1 f3d917 196 0
fcf645 241 4184de 121 1 fcf645 241 0
706138 223 87cf64 240 0 87cf1c 240 0
e1f3d9 188 0f0614 94 0 e1f3d9 188 0
bc3e7b 216 de1f3d 108 0 bc3e7b 216 0
f787cf 27 bbc3e7 14 1 f781f1 27 0
aef0f9 4 d7787c 2 0 e4cf18 4 0
c00000 0 6510f1 129 1 9aef0f 129 0
86bbc3 97 7ca21f 49 0 86bbc3 97 0
7f2888 205 7f9444 231 0 7f9444 231 0
c01aef 122 1ff289 61 1 c01aef 122 0
67fca3 208 33fe52 232 1 cc01ad 232 0
0cff95 250 067fcb 253 0 740fdf 254 0
619ff3 128 cf3006 192 1 30cffa 192 0
0c33ff 48 061a00 152 0 061a00 152 0
fe7980 102 00c340 51 0 fe7980 102 0
2030d0 205 afe798 231 0 afe798 231 0
34061a 186 e5fcf3 221 1 1a030d 221 0
997f3c 184 334062 92 1 997f3c 184 0
f32fe7 87 46680d 44 1 f32fe7 87 0
ee65fc 203 b732fe 102 1 ee65fc 203 0
523341 154 2919a1 205 1 d6e65f 205 0
6a4669 116 cadccb 186 1 352335 186 0
4d48ce 175 995b99 216 0 995b99 216 0
e656e6 182 0cd48d 91 1 e656e6 182 0
233524 87 ae656e 172 1 519a92 172 0
eb995b 43 b5ccad 22 0 eb9961 43 0
528cd5 6 d6b995 131 0 d6b995 131 0
2a519b 161 5528ce 209 1 aad732 209 0
8ab5cc 245 7aa51a 123 1 8ab5cc 245 0
c156b9 223 5f54a4 112 0 c156b9 223 0
e82ad7 220 0bea95 110 1 e82ad7 220 0
bd055a 92 de82ad 46 0 bd055a 92 0
485f55 140 242fab 198 0 242fab 198 0
b6f415 242 2485f6 121 1 b6f415 242 0
69217e 223 7490bf 240 0 749074 240 0
e2dbd0 252 f16de8 126 0 e2dbd0 252 0
bc5b7a 160 de2dbd 80 0 bc5b7a 160 0
087491 20 fbc5b7 138 1 043a49 138 0
410e93 35 9f78b6 146 1 60874a 146 0
5821d3 165 6c10ea 211 1 93ef16 211 0
3b043b 245 a27de2 251 1 5a6e2f 251 0
376088 63 5bb044 160 0 5bb044 160 0
16ec11 104 f489f7 180 1 0b7609 180 0
02dd83 45 be913e 151 1 416ec2 151 0
cfa44f 38 e7d227 19 1 cfa432 38 0
260b77 133 5305bc 195 0 5305bc 195 0
34c16f 113 5a60b8 185 0 5a60b8 185 0
76982e 239 7b4c17 248 0 7b0763 248 0
1ed306 254 0f6983 255 0 800000 0 5
dc259f 128 ee12cf 64 1 dc259f 128 0
fb84b3 16 fdc259 8 0 fc8275 16 0
008f6a 130 0047b5 193 1 ffb84b 193 0
9fee12 113 8ff709 57 0 9fee12 113 0
7c023e 143 7e011f 200 0 7e011f 200 0
1f8048 114 0fc024 185 0 0fc024 185 0
63f009 111 8e07fb 184 1 71f805 184 0
e381fe 174 f1c0ff 87 1 e381fe 174 0
dc703f 150 11c7e1 75 1 dc703f 150 0
db8e07 83 adc703 42 1 db8e07 83 0
548e40 139 6a4720 198 0 6a4720 198 0
a56e38 242 2d48e4 121 0 a56e38 242 0
6b5239 95 75a91d 176 1 8a56e3 176 0
e295b8 236 0eb524 118 0 e295b8 236 0
bc52b7 222 de295b 111 1 bc52b7 222 0
2875aa 28 143ad5 142 1 ebc52b 142 0
baf14a 228 dd78a5 114 0 baf14a 228 0
48a1d7 29 9baf14 143 0 9baf14 143 0
39143b 164 e375e2 210 1 1c8a1e 210 0
b8dd78 53 9c6ebc 27 0 b8dd78 53 0
c71baf 135 a38dd7 68 1 c71baf 135 0
e8e375 145 b471ba 73 1 e8e375 145 0
8d1c6e 147 868e37 74 1 8d1c6e 147 0
a1a38d 19 90d1c6 10 1 a15b24 19 0
a43471 3 921a38 2 0 ed418d 3 0
c00000 0 924347 129 1 6dbcb9 129 0
8490d1 33 7db798 17 0 84904f 33 0
80921a 69 7fb6f3 35 0 80921a 69 0
c01243 73 5ff6df 37 0 c01243 73 0
77fdb8 74 3bfedc 165 0 3bfedc 165 0
910049 106 c88024 53 0 910049 106 0
6ddff7 142 36effc 199 0 36effc 199 0
d24401 242 16de00 121 0 d24401 242 0
9a4880 223 72dbc0 112 0 9a4880 223 0
e34910 92 0e5b78 46 0 e34910 92 0
bc6922 76 de3491 38 0 bc6922 76 0
b78d24 10 dbc692 5 1 b0aeef 10 0
96f1a4 2 690e5c 1 1 e26a76 2 0
6d21cc 193 896f1a 225 1 7690e6 225 0
825bc6 185 7ed21d 93 1 825bc6 185 0
7fb488 216 c025bc 236 0 c025b4 236 0
f0096f 59 b804b7 30 1 f0096f 59 0
ae012d 8 d70096 4 1 a09124 8 0
0a3fdb 129 bae012 193 1 451fee 193 0
8eb804 49 875c02 25 1 8eb803 49 0
7e2900 7 7f1480 132 0 7f1480 132 0
1fc520 97 b01d70 177 0 b01d70 177 0
8c075c 173 8603ae 87 1 8c075c 173 0
c180eb 22 e0c075 11 0 c19d03 22 0
27cfe3 3 53e7f2 130 1 ac180e 130 0
54f9fd 97 958301 177 0 958301 177 0
8560c0 45 82b060 23 0 8560c2 45 0
3f53e8 134 1fa9f4 195 0 1fa9f4 195 0
d81583 113 ac0ac1 57 0 d81583 113 0
74fd50 143 858158 200 0 858158 200 0
e16056 50 0f4fd5 25 1 e16056 50 0
9c2c0a 199 8e1605 100 0 9c2c0a 199 0
e38581 25 4e3d40 13 0 e37a65 25 0
8c70b0 68 c63858 34 0 8c70b0 68 0
4e71ea 137 98c70b 197 1 6738f5 197 0
79ce3e 178 c318e1 217 0 c318e1 217 0
90c638 55 779ce4 28 0 90c638 55 0
e218c7 71 b10c63 36 1 e218c7 71 0
ec4318 137 49de74 69 0 ec4318 137 0
8d8863 210 393bcf 105 0 8d8863 210 0
6e4ef4 91 88d886 174 1 77277a 174 0
a23621 172 2ee4f0 86 0 a23621 172 0
b446c4 86 25dc9e 43 1 b446c4 86 0
297728 203 ab446c 230 0 ab446c 230 0
552ee5 58 d5688d 157 0 d5688d 157 0
955a23 168 3552ef 84 0 955a23 168 0
0d54bc 213 46aa5e 235 1 b9559e 235 0
ce5568 251 a72ab4 126 0 ce5568 251 0
a9caad 32 d4e556 16 1 a9c9d8 32 0
f53955 4 056356 2 1 99f040 5 0
bea72a 193 9f5395 97 0 bea72a 193 0
782b1b 25 7c158e 141 1 83ea72 141 0
7f0564 100 3f82b2 178 1 c07d4e 178 0
b01f53 237 67f057 119 0 b01f53 237 0
c603ea 94 1cfe0b 47 0 c603ea 94 0
d8c07d 76 ec603e 38 1 d8c07d 76 0
bb180f 138 dd8c07 69 1 bb180f 138 0
976301 146 344e80 73 0 976301 146 0
6d13a0 83 7689d0 170 0 7689d0 170 0
a25d8c 235 912ec6 118 1 a25d8c 235 0
a44bb1 158 d225d8 79 0 a44bb1 158 0
d48976 20 ea44bb 10 1 d44ee5 20 0
456ed2 3 9d4897 130 1 62b769 130 0
a75225 161 93a912 81 1 a75225 161 0
7b15bc 21 827522 139 1 7d8ade 139 0
c09d48 163 a04ea4 82 0 c09d48 163 0
57ec57 149 6bf62c 203 0 6bf62c 203 0
3afd8b 115 a2813a 186 1 5d7ec6 186 0
575fb2 47 945027 152 1 6bafd9 152 0
e51409 38 0d75fc 19 0 e513eb 38 0
235d7f 69 51aec0 163 0 51aec0 163 0
cb9450 105 a5ca28 53 0 cb9450 105 0
89728a 142 c4b945 71 0 89728a 142 0
d12e51 146 1768d8 73 0 d12e51 146 0
65da36 211 8d12e5 234 0 8d12e4 234 0
a344b9 59 6e5da4 30 0 a344b9 59 0
5b9769 72 d2344b 164 1 2dcbb5 164 0
f48d12 41 45b977 21 0 f48d06 41 0
8e91a2 70 38b72f 35 0 8e91a2 70 0
d1d234 201 a8e91a 101 1 d1d234 201 0
8a3a46 154 c51d23 77 1 8a3a46 154 0
6eb8b8 148 c8a3a4 202 0 c8a3a4 202 0
4dd717 51 66eb8c 154 0 66eb8c 154 0
a6451d 231 6cdd72 116 1 a6451d 231 0
e4c8a3 221 4d9baf 111 0 e4c8a3 221 0
cc9914 220 19b376 110 1 cc9914 220 0
466cde 92 dcc991 174 0 dcc991 174 0
48cd9c 44 2466ce 150 1 db9932 150 0
b6e64c 230 db7326 115 1 b6e64c 230 0
292337 29 ab6e64 143 0 ab6e64 143 0
352467 164 1a9234 210 0 1a9234 210 0
46a48d 117 9cadb9 187 0 9cadb9 187 0
38d492 47 a395b7 152 1 5c6a49 152 0
e8e56d 38 0b8d4a 19 1 e8e58c 38 0
22e353 197 ae8e56 227 1 5171aa 227 0
cba395 57 a5d1ca 29 1 cba395 57 0
768b8e 136 c4ba39 196 0 c4ba39 196 0
0ed172 177 b89747 217 1 4768b9 217 0
8e25d1 183 8712e8 92 0 8e25d1 183 0
1e3b46 151 4f1da3 204 0 4f1da3 204 0
ec3897 243 b61c4b 122 1 ec3897 243 0
5278ee 31 693c77 144 0 693c77 144 0
1a4f1e 228 0d278f 242 0 0d23f8 242 0
bcb61c 125 61a4f2 63 1 bcb61c 125 0
c796c3 80 e3cb61 40 0 c796c3 80 0
f8f2d8 10 fc796c 5 0 806b52 11 0
9f1e5b 130 cf8f2d 65 0 9f1e5b 130 0
93e3cb 145 760e1b 73 0 93e3cb 145 0
827c79 83 813e3c 42 0 827c79 83 0
a04f8f 11 6fd839 6 1 a4d0cd 11 0
5bf60f 194 2dfb08 225 0 2dfb08 225 0
6b7ec2 121 75bf61 189 1 8a409f 189 0
829027 240 c14813 120 1 829027 240 0
0fadfc 30 f82902 143 1 07d6fe 143 0
de0a40 36 ef0520 18 0 de0a7c 36 0
bbc148 5 621f5c 3 0 94491f 5 0
c77829 193 5c43ec 97 0 c77829 193 0
88ef05 89 847782 45 1 88ef05 89 0
7ee220 12 3f7110 134 0 3f7110 134 0
4fdc44 98 d811de 177 1 27ee22 177 0
69fb89 173 8b023b 215 1 74fdc5 215 0
c2c08e 54 e16047 27 1 c2c08e 54 0
27a7ef 7 ac2c08 132 0 ac2c08 132 0
eb0b02 161 4a7a7f 81 0 eb0b02 161 0
8d6160 85 794f50 43 0 8d6160 85 0
c1ac2c 203 a0d616 102 1 c1ac2c 203 0
57ca7b 154 d41ac2 205 1 2be53e 205 0
9506b0 52 357ca8 26 0 9506b0 52 0
4d5f2a 71 66af95 164 1 99506b 164 0
e6541a 233 4cd5f3 117 0 e6541a 233 0
8cca83 94 399abf 47 0 8cca83 94 0
2e66b0 204 e8cca8 230 0 e8cca8 230 0
ba332a 186 dd1995 93 0 ba332a 186 0
974665 24 345cce 12 1 97531f 24 0
0d1734 67 468b9a 162 1 b97466 162 0
ae5d19 105 68d174 53 0 ae5d19 105 0
7a345d 78 c2e5d1 167 0 c2e5d1 167 0
2f468c 170 17a346 213 1 e85cba 213 0
65e8d2 246 cd0b97 251 1 2e23b0 251 0
d342e5 191 565e8e 96 1 d342e5 191 0
1597a4 88 f5342e 172 1 0acbd2 172 0
fd4d0b 171 41597b 86 0 fd4d0b 171 0
50565f 86 282b30 171 0 282b30 171 0
d5f534 235 aafa9a 118 1 d5f534 235 0
55415a 30 d55f53 143 1 2aa0ad 143 0
2aa82c 164 155416 210 1 eaabea 210 0
455506 245 62aa83 251 0 5fbfd7 251 0
c7555f 255 a3aaaf 128 1 c7555f 255 0
171555 160 0b8aab 208 0 0b8aab 208 0
fd1d55 244 017156 122 1 fd1d55 244 0
405c56 223 9fd1d5 240 0 9fd175 240 0
e7f475 188 f3fa3a 94 1 e7f475 188 0
430172 152 2180b9 204 1 de7f47 204 0
08602f 243 443018 250 0 4240d8 250 0
510c06 255 100000 0 0 100000 0 7
1a2181 128 0d10c1 192 1 f2ef3f 192 0
034431 112 fe5de7 184 1 01a219 184 0
006887 46 003444 151 0 003444 151 0
dff2ef 230 100689 115 1 dff2ef 230 0
2401a3 221 adff2e 239 1 52009b 239 0
cb7fcb 60 e5bfe5 30 0 cb7fcb 60 0
b96ff9 8 dcb7fc 4 0 c73b79 8 0
ee5bfe 1 c00000 0 1 ee5bfe 1 0
8ee5bf 193 8772df 97 1 8ee5bf 193 0
81dcb7 25 7f11a5 13 1 81e4c6 25 0
7fc46a 196 3fe235 226 1 c01dcb 226 0
b00772 249 9803b9 125 0 b00772 249 0
79ff12 32 c30077 144 1 3cff89 144 0
0f3fe3 164 f8600e 210 1 079ff2 210 0
41e7fd 181 60f3ff 219 0 60f3ff 219 0
383d00 119 a3e180 188 0 a3e180 188 0
1707a0 175 4b83d0 216 0 4b83d0 216 0
12e0f4 118 f68f86 187 1 09707a 187 0
dda3e1 175 aed1f0 88 0 dda3e1 175 0
ebb47c 22 f5da3e 11 1 eb95c1 22 0
228971 131 aebb47 194 1 5144b9 194 0
abaed1 49 6a2898 25 0 abaed0 49 0
8575da 199 7d4513 100 0 8575da 199 0
e0aebb 89 4fa8a3 45 0 e0aebb 89 0
73ea29 76 c60aeb 166 1 39f515 166 0
b182ba 42 273ea3 21 0 b182b3 42 0
963057 70 cb182b 35 1 963057 70 0
d2c60a 9 569cfb 5 0 c82fda 9 0
75a73f 66 3ad3a0 161 0 3ad3a0 161 0
6eb4e8 105 775a74 181 0 775a74 181 0
822963 110 3eeb4f 55 0 822963 110 0
2fbad4 78 e82296 167 1 17dd6a 167 0
da08a5 42 12fbae 21 1 da08ac 42 0
64beec 198 cda08a 227 1 325f76 227 0
d36822 57 564bef 29 0 d36822 57 0
7592fc 72 3ac97e 164 1 c53682 164 0
0eb260 105 475930 181 0 475930 181 0
71d64c 110 38eb26 183 1 c714da 183 0
d1c536 110 171d65 55 1 d1c536 110 0
25c75a 206 ed1c53 231 1 12e3ad 231 0
db4714 186 125c76 93 1 db4714 186 0
9b68e2 216 cdb471 108 0 9b68e2 216 0
0c92e4 27 b9b68e 142 1 464972 142 0
51925d 164 d736d1 210 0 d736d1 210 0
4a324c 53 9ae6da 155 1 651926 155 0
39464a 167 a35cdb 212 1 5ca325 212 0
e8d736 181 4b9465 91 1 e8d736 181 0
cd1ae6 215 59728d 108 1 cd1ae6 215 0
165ca4 219 4b2e52 238 1 b4d191 238 0
ad346b 124 d69a35 62 0 ad346b 124 0
4a5973 16 252cba 136 1 dad346 136 0
094b2f 98 fb5a68 177 0 fb5a68 177 0
612966 173 8f6b4d 215 0 8f6b4d 215 0
c3dad3 54 e1ed69 27 0 c3dad3 54 0
d87b5a 7 ac3dad 4 0 ee0310 7 0
14f095 129 4a784b 193 0 4a784b 193 0
8d61ed 113 86b0f6 57 1 8d61ed 113 0
81ac3d 15 80d61e 8 1 80aa91 15 0
1fca79 2 0fe53d 129 1 f01ac3 129 0
9c06b0 225 8e0358 113 0 9c06b0 225 0
7c7f2a 157 81c06b 207 1 7e3f95 207 0
c0701a 180 1fc7f3 90 0 c0701a 180 0
b80e03 87 63f8ff 44 0 b80e03 87 0
18fe40 203 b380e0 230 0 b380e0 230 0
531fc8 186 d6701c 221 0 d6701c 221 0
6a63f9 184 cace03 220 1 3531fd 220 0
0d4c80 55 b959c0 156 0 b959c0 156 0
ee5670 167 b72b38 84 0 ee5670 167 0
123532 21 491a99 139 1 b6e567 139 0
cdb959 227 a6dcac 114 0 cdb959 227 0
5648d5 157 94db95 207 0 94db95 207 0
c536e5 180 1d648e 90 1 c536e5 180 0
475924 87 9c536e 172 1 63ac92 172 0
e714db 171 4c7593 86 0 e714db 171 0
ace29b 86 d6714d 43 0 ace29b 86 0
d59c53 139 aace29 70 0 d59c53 139 0
aab38a 18 d559c5 9 0 ab1e37 18 0
955671 131 8aab38 66 0 955671 131 0
5d5532 17 915567 137 1 6eaa99 137 0
845559 35 822aac 18 0 84559a 35 0
5f7555 133 6fbaab 195 0 6fbaab 195 0
3beeab 113 a208aa 185 1 5df756 185 0
777dd6 47 844115 152 0 844115 152 0
e11045 166 f08822 83 1 e11045 166 0
dc2208 149 ae1104 75 0 dc2208 149 0
cb8441 19 a5c220 10 0 cbd722 19 0
568f78 131 94b844 194 0 94b844 194 0
a52e11 177 6d68f8 89 0 a52e11 177 0
84a5c2 215 8252e1 108 0 84a5c2 215 0
e094b8 27 b04a5c 14 0 e09a3a 27 0
53ed69 132 29f6b5 194 1 d6094b 194 0
4a7dae 113 9ac129 185 0 9ac129 185 0
86b04a 47 835825 24 0 86b04b 47 0
e0d609 6 f06b04 3 0 fee36a 6 0
47ca7e 1 51f2a0 129 0 51f2a0 129 0
747ca8 97 85c1ac 177 0 85c1ac 177 0
7e8f95 173 80b835 215 0 80b835 215 0
3fd1f3 182 e01706 219 1 1fe8fa 219 0
d805c1 183 53fd20 92 0 d805c1 183 0
14ff48 87 4a7fa4 172 0 4a7fa4 172 0
ed6017 235 b6b00b 118 1 ed6017 235 0
5253fe 30 2929ff 143 0 2929ff 143 0
d5b580 228 eadac0 114 0 d5b580 228 0
bab6b0 157 62a4a8 79 0 bab6b0 157 0
c756d6 84 e3ab6b 42 1 c756d6 84 0
471526 139 9c756d 198 0 9c756d 198 0
a71d5b 178 2c7153 89 0 a71d5b 178 0
6b1c55 87 8a71d5 172 0 8a71d5 172 0
e29c75 171 4eb1c6 86 1 e29c75 171 0
53ac72 86 d629c7 171 1 29d639 171 0
d58a71 171 aac538 86 0 d58a71 171 0
554eb2 22 2aa759 139 1 d558a7 139 0
2aa9d7 227 5554ec 242 0 555341 242 0
aaaac5 125 955562 63 1 aaaac5 125 0
3aaaa8 16 e2aaac 136 0 e2aaac 136 0
f8aaab 162 03aaab 81 0 f8aaab 162 0
60eaab 85 8f8aaa 171 1 707556 171 0
c3e2aa 43 a1f155 22 0 c3e2af 43 0
5783ab 6 d43e2a 131 1 2bc1d6 131 0
d50f8a 33 55783b 17 0 d50edf 33 0
8aa1f1 197 8550f8 99 0 8aa1f1 197 0
c1543e 25 a0aa1f 13 1 c14a33 25 0
882a87 4 c41543 2 1 ae4a6c 3 0
b10550 129 677d58 65 0 b10550 129 0
79df56 81 7cefab 169 0 7cefab 169 0
80c415 107 7f9df6 54 1 80c415 107 0
5fe77e 78 d00c41 167 0 d00c41 167 0
d40310 42 ea0188 21 0 d40317 42 0
9a8062 6 cd4031 3 0 b42868 6 0
a6a018 1 200000 0 1 a6a018 1 0
200000 0 c00000 0 0 100000 0 7
814d40 193 80a6a0 97 0 814d40 193 0
7fd658 25 8014d4 141 0 8014d4 141 0
800535 164 c0029a 82 1 800535 164 0
4fff5a 149 67ffad 203 1 980053 203 0
c60014 243 a3000a 122 1 c60014 243 0
a8c002 31 946001 16 0 a8c12b 31 0
1ae800 132 0d7400 194 0 0d7400 194 0
435d00 113 61ae80 185 0 61ae80 185 0
786ba0 111 83ca30 184 0 83ca30 184 0
1f0d74 46 0f86ba 151 1 f07946 151 0
23e1af 102 ee0f28 179 0 ee0f28 179 0
db83ca 45 adc1e5 23 0 db83cd 45 0
348f87 134 1a47c4 195 0 1a47c4 195 0
d96e0f 113 5348f9 57 1 d96e0f 113 0
74d23f 79 7a6920 168 0 7a6920 168 0
1e9a48 106 f0b2dc 181 0 f0b2dc 181 0
63d349 174 31e9a5 215 1 ce165b 215 0
d38596 118 e9c2cb 59 1 d38596 118 0
da70b2 15 ad3859 8 0 dbcb23 15 0
eb4e16 2 14b1ea 1 1 b07a90 3 0
62963e 65 714b1f 161 0 714b1f 161 0
83ad38 105 7e2964 53 0 83ad38 105 0
8075a7 206 3fc52d 103 1 8075a7 206 0
2ff14c 90 e8075a 173 1 17f8a6 173 0
65fe2a 172 cd00eb 214 1 32ff15 214 0
4cbfc6 54 d9a01d 155 0 d9a01d 155 0
d66807 167 ab3403 84 1 d66807 167 0
153300 21 b56680 139 0 b56680 139 0
cd59a0 35 595330 18 0 cd594d 35 0
a9ab34 197 6b2a66 99 1 a9ab34 197 0
c53566 217 5d654d 109 1 c53566 217 0
775954 220 3bacaa 238 1 c45334 238 0
b114d5 252 d88a6a 126 1 b114d5 252 0
b6229a 32 24eeb3 16 0 b621bf 32 0
093bad 68 049dd7 162 0 049dd7 162 0
bed88a 105 6093bb 53 0 bed88a 105 0
7824ef 78 3c1278 167 0 3c1278 167 0
d0fb62 106 e87db1 53 0 d0fb62 106 0
9a1f6c 142 cd0fb6 71 1 9a1f6c 142 0
d343ed 18 165e0a 9 1 d3b8be 18 0
659783 195 72cbc2 226 1 8d343e 226 0
5cb2f1 121 6e5979 189 1 91a687 189 0
7b965f 240 c234d0 248 0 c1b066 248 0
f08d34 190 f8469a 95 1 f08d34 190 0
21ee5a 24 ef08d3 140 1 10f72d 140 0
043dcc 163 bde11a 210 1 421ee6 210 0
af7846 181 6843dd 91 1 af7846 181 0
c5ef08 215 5d087c 108 0 c5ef08 215 0
17421f 91 b45ef0 174 0 b45ef0 174 0
52e844 44 d68bde 150 1 297422 150 0
b5a2f7 38 dad17b 19 1 b5a2dc 38 0
294ba2 5 54a5d1 131 1 ab5a2f 131 0
352975 97 a56b45 177 0 a56b45 177 0
76a52f 45 7b5298 151 0 7b5298 151 0
3ed4a6 230 1f6a53 243 0 1f644a 243 0
27da95 125 53ed4b 191 0 53ed4b 191 0
34fb53 112 1a7daa 184 1 e58256 184 0
069f6b 110 fcb04a 183 1 034fb6 183 0
20d3ee 46 ef9609 151 0 ef9609 151 0
241a7e 166 120d3f 211 0 120d3f 211 0
db7cb0 117 5241a8 59 0 db7cb0 117 0
34906a 207 a5b7cb 232 1 5a4835 232 0
16920e 186 0b4907 221 0 0b4907 221 0
62d242 248 316921 252 1 c4c403 252 0
f3a5b7 255 462d25 128 1 f3a5b7 255 0
118b4a 224 f73a5b 240 1 08c4b7 240 0
02316a 60 fee74b 158 1 0118b5 158 0
bfb9d2 168 dfdce9 84 0 bfb9d2 168 0
f7f73a 149 bbfb9d 75 0 f7f73a 149 0
cefee7 147 a77f73 74 1 cefee7 147 0
562024 19 6b1012 138 1 94efee 138 0
5ac405 99 929dfd 178 0 929dfd 178 0
a4a77f 173 6dac41 87 1 a4a77f 173 0
c494ef 214 1db589 107 1 c494ef 214 0
276d63 91 ac494e 174 1 53b6b2 174 0
54edad 172 d58929 214 0 d58929 214 0
b5624a 54 dab125 27 0 b5624a 54 0
d6ac49 7 54a9dc 4 0 c14184 7 0
ead589 193 b56ac4 97 0 ead589 193 0
72a54f 153 7952a8 205 0 7952a8 205 0
81ab56 116 3f2a55 58 1 81ab56 116 0
b0356a 207 981ab5 104 0 b0356a 207 0
e606ad 154 0cfcaa 77 1 e606ad 154 0
9cc0d5 212 ce606a 106 1 9cc0d5 212 0
4c67e6 27 6633f3 142 0 6633f3 142 0
598cfd 100 d33981 178 0 d33981 178 0
4b31a0 45 9a6730 151 0 9a6730 151 0
c699cc 166 1cb31a 83 1 c699cc 166 0
d8d339 85 ac699c 43 0 d8d339 85 0
cb1a67 11 a58d33 6 1 c5edfd 11 0
a9634c 130 d4b1a6 65 1 a9634c 130 0
952c69 145 7569cc 73 0 952c69 145 0
82a58d 83 8152c6 42 1 82a58d 83 0
a054b1 139 902a58 70 0 a054b1 139 0
a40a96 146 d2054b 73 1 a40a96 146 0
6b7eae 19 8a40a9 138 0 8a40a9 138 0
a2902a 163 6eb7eb 82 0 a2902a 163 0
a45205 85 6dd6fe 43 1 a45205 85 0
3b75c0 75 5dbae0 166 0 5dbae0 166 0
576eb8 234 d448a4 245 0 d43392 245 0
951229 62 3576ec 31 0 951229 62 0
2d5dbb 200 16aede 228 1 e95122 228 0
fa5448 249 42d5dc 125 0 fa5448 249 0
8f4a89 224 385abc 112 0 8f4a89 224 0
f1e951 92 f8f4a8 46 0 f1e951 92 0
be3d2a 140 20e16b 70 0 be3d2a 140 0
b7c7a5 210 dbe3d2 105 1 b7c7a5 210 0
96f8f4 155 8b7c7a 78 1 96f8f4 155 0
5d20e2 20 2e9071 138 1 d16f8f 138 0
b45be3 227 9a2df1 114 0 b45be3 227 0
597484 157 9345be 207 1 6cba42 207 0
c4d16f 52 1d9749 26 1 c4d16f 52 0
4765d3 71 63b2ea 164 1 9c4d16 164 0
18ecbb 105 b389a2 181 1 4c765e 181 0
8ce268 46 c67134 23 0 8ce26a 46 0
d19c4d 134 1731da 67 1 d19c4d 134 0
da3389 209 ad19c4 105 0 da3389 209 0
74b98f 27 85a338 142 0 85a338 142 0
5e9732 36 2f4b99 146 1 d0b467 146 0
4bd2e7 229 65e974 243 0 65e6a3 243 0
c685a3 125 a342d1 63 0 c685a3 125 0
c8d0b4 16 1b97a6 8 1 c9b51c 16 0
06e5ea 66 0372f5 161 1 fc8d0b 161 0
9f2342 105 8f91a1 53 0 9f2342 105 0
7c1b98 142 3e0dcc 199 0 3e0dcc 199 0
2f8373 114 17c1ba 185 1 e83e46 185 0
9a0f91 239 72f838 120 0 9a0f91 239 0
e341f2 222 f1a0f9 111 0 e341f2 222 0
dc683e 156 ee341f 78 1 dc683e 156 0
bb8d07 20 ddc683 10 1 bb5595 20 0
488e60 131 644730 194 0 644730 194 0
a6ee34 241 93771a 121 1 a6ee34 241 0
7b223a 159 7d911d 208 1 826ee3 208 0
e09bb8 116 0fb224 58 0 e09bb8 116 0
43ec89 207 61f645 232 1 9e09bb 232 0
187d92 250 0c3ec9 253 1 d6d0e9 253 0
100000 0 3187da 128 1 100000 0 7
f39e09 96 0630fc 48 0 f39e09 96 0
fe73c1 76 00c620 38 0 fe73c1 76 0
403188 74 dfe73c 165 0 dfe73c 165 0
97f9cf 170 cbfce7 85 1 97f9cf 170 0
92ff39 150 368064 75 0 92ff39 150 0
2da019 211 56d00d 234 1 a92ff1 234 0
55b404 123 9525fe 190 1 6ada02 190 0
a5497f 48 d2a4bf 24 1 a5497e 48 0
0b56d1 6 fa5497 131 1 05ab69 131 0
de9525 161 50b56e 81 1 de9525 161 0
8bd2a4 85 7a16ae 43 1 8bd2a4 85 0
c17a54 203 a0bd2a 102 1 c17a54 203 0
57d0b6 154 d417a5 205 0 d417a5 205 0
9505e9 180 ca82f4 90 0 9505e9 180 0
4d5f43 151 99505e 204 1 66afa2 204 0
19abe9 179 b32a0b 218 1 4cd5f5 218 0
acca82 55 699abf 28 0 acca82 55 0
e59950 199 4d3358 100 0 e59950 199 0
ecb32a 89 b65995 45 0 ecb32a 89 0
72699b 12 3934ce 134 1 c6cb32 134 0
4e4d34 226 d8d966 241 1 272537 241 0
963659 61 8b1b2c 31 0 963659 61 0
3d3935 8 e16365 132 0 e16365 132 0
f858d9 33 43d394 17 0 f8581d 33 0
8f0b1b 69 787a73 35 0 8f0b1b 69 0
3e1e9d 201 5f0f4f 229 0 5f0f4f 229 0
77c3d4 250 3be1ea 253 1 b31690 253 0
100000 0 100000 0 1 100000 0 7
0ddf10 128 06ef88 192 0 06ef88 192 0
fe441e 240 ff220f 120 1 fe441e 240 0
00377d 30 ffe441 143 0 ffe441 143 0
2006f0 164 100378 210 0 100378 210 0
4400de 245 62006f 251 0 5f1072 251 0
38801c 127 5c400e 192 1 a3bff2 192 0
171004 112 0b8802 184 1 f477fe 184 0
fd1dff 110 fe8eff 55 1 fd1dff 110 0
dfa3bf 142 efd1df 71 1 dfa3bf 142 0
240b89 18 edfa3b 137 1 1205c5 137 0
648172 163 7240b9 210 1 8dbf47 210 0
5c902f 245 91b7e8 251 0 8f2a29 251 0
3b9206 63 5dc903 160 0 5dc903 160 0
e88dbf 104 0bb921 52 1 e88dbf 104 0
02ee49 77 417725 167 1 be88db 167 0
305dca 106 e7d11b 181 1 182ee5 181 0
99f446 174 ccfa23 87 1 99f446 174 0
d33e88 150 1660bc 75 0 d33e88 150 0
da67d1 83 ad33e8 42 0 da67d1 83 0
ab4cfa 11 95a67d 6 0 affa2e 11 0
5a9661 130 d2b4cf 193 1 2d4b31 193 0
94ad33 177 8a5699 89 0 94ad33 177 0
8295a6 23 7eb52d 12 1 82a5cf 23 0
1fad4c 195 4fd6a6 226 1 b0295a 226 0
ac0a56 249 96052b 125 1 ac0a56 249 0
7a7eb6 160 c2c0a5 208 0 c2c0a5 208 0
f0b029 52 f85814 26 0 f0b029 52 0
41e9fb 7 9f0b02 132 1 60f4fe 132 0
183d40 33 b3e160 145 0 b3e160 145 0
8cf858 165 7983d4 83 0 8cf858 165 0
3e60f5 213 5f307b 235 0 5f3078 235 0
c833e1 251 5be610 126 0 c833e1 251 0
56f984 96 2b7cc2 176 1 d4833e 176 0
0adf31 236 056f99 246 1 fa531f 246 0
415be7 126 20adf4 191 0 20adf4 191 0
d7d483 112 1415bf 56 0 d7d483 112 0
fafa90 78 0282b8 39 0 fafa90 78 0
df5f52 74 105057 37 0 df5f52 74 0
641416 74 320a0b 165 0 320a0b 165 0
937d7d 234 c9bebe 117 1 937d7d 234 0
926faf 158 36c829 79 1 926faf 158 0
2db20b 84 16d906 170 1 e926fa 170 0
45b642 235 62db21 246 1 9d0d96 246 0
a74937 126 2c5b65 63 1 a74937 126 0
2b16da 80 ea7493 168 1 158b6d 168 0
0562dc 170 02b16e 213 1 fd4e92 213 0
9f53a4 246 30562e 123 1 9f53a4 246 0
2c158c 95 560ac6 176 1 a9f53a 176 0
ea7d4e 108 f53ea7 54 1 ea7d4e 108 0
bd4fa9 142 dea7d4 71 0 bd4fa9 142 0
28560b 146 142b06 201 1 ebd4fa 201 0
650ac2 115 728561 186 1 8d7a9f 186 0
a35ea7 239 6e50ad 120 1 a35ea7 239 0
1b942c 222 f235ea 239 1 0dc9a4 239 0
237286 188 ee46bd 222 0 ee46bd 222 0
446e51 56 223729 156 1 ddc8d7 156 0
f77235 103 bbb91a 52 1 f77235 103 0
eeee46 13 b77723 7 1 ec1069 13 0
322238 2 19111c 129 0 19111c 129 0
99bbb9 225 8cdddc 113 0 99bbb9 225 0
833777 157 7e6445 79 1 833777 157 0
c066ee 84 1fcc89 42 1 c066ee 84 0
47f323 203 9c066e 230 1 63f992 230 0
a7019b 186 2c7f33 93 0 a7019b 186 0
6b1fcd 88 ca7019 172 0 ca7019 172 0
0d63fa 43 46b1fd 150 1 b94e03 150 0
51ac80 230 28d640 243 0 28d0cd 243 0
d5ca70 253 551ac8 127 0 d5ca70 253 0
3546b2 96 e55ca7 176 1 1aa359 176 0
06a8d7 44 fcab94 150 0 fcab94 150 0
40d51b 38 df9572 147 1 206a8e 147 0
281aa4 37 abf2ae 147 1 540d52 147 0
cafcab 165 5a81ab 83 0 cafcab 165 0
36a06b 85 a4afca 171 1 5b5036 171 0
c92bf2 171 a495f9 86 0 c92bf2 171 0
56da82 150 2b6d41 203 1 d492bf 203 0
2adb51 243 aa9257 250 1 53c360 250 0
aaa495 191 95524a 96 1 aaa495 191 0
1aab6e 24 f2aa49 140 0 f2aa49 140 0
fcaa92 35 be5549 18 0 fcaaf1 35 0
af9552 133 683557 67 0 af9552 133 0
3a0d56 81 a2f955 169 0 a2f955 169 0
88be55 171 845f2a 86 1 88be55 171 0
5ee836 150 d08be5 203 0 d08be5 203 0
d422f9 51 aa117c 26 0 d422f9 51 0
aa845f 135 6abdd1 68 1 aa845f 135 0
1aaf75 81 b2a845 169 0 b2a845 169 0
7355ef 43 79aaf8 150 0 79aaf8 150 0
a19542 230 d0caa1 115 0 a19542 230 0
d432a8 157 aa1954 79 0 d432a8 157 0
ca8655 20 e5432a 10 1 ca4d04 20 0
b950ca 3 9ca865 2 0 83d27e 4 0
a72a19 129 93950c 65 0 a72a19 129 0
84e543 17 8272a1 9 0 8567b6 17 0
809ca8 3 7fb1ac 2 0 80eafc 2 0
5fec6b 65 9009ca 161 1 6ff636 161 0
840272 169 7dfec7 85 0 840272 169 0
7f7fb2 214 3fbfd9 235 1 c04023 235 0
d01009 251 57f7fc 126 0 d01009 251 0
55fdff 96 2aff00 176 0 2aff00 176 0
0abfc0 236 055fe0 246 0 052290 246 0
bea808 126 df5404 63 0 bea808 126 0
d7d501 16 141580 8 0 d6e916 16 0
050560 66 0282b0 161 0 0282b0 161 0
9f5f54 233 705056 117 1 9f5f54 233 0
7c1416 222 3e0a0b 239 0 3e09c9 239 0
d07d7d 124 e83ebe 62 1 d07d7d 124 0
ba0faf 144 22f829 72 1 ba0faf 144 0
f741f5 82 fba0fa 41 1 f741f5 82 0
9ee83e 139 8f741f 70 1 9ee83e 139 0
5c22f9 146 d1ee83 201 1 2e117d 201 0
947ba0 51 8a3dd0 26 0 947ba0 51 0
5d708c 135 9147ba 196 1 6eb846 196 0
1bae12 177 b228f7 217 1 4dd709 217 0
8c8a3d 55 79bae2 28 1 8c8a3d 55 0
1e6eb9 199 b0c8a3 228 1 4f375d 228 0
ec3228 57 b61914 29 0 ec3228 57 0
7279bb 136 393cde 196 1 c6c322 196 0
0e4f38 113 47279c 185 0 47279c 185 0
8e3619 239 78e4f4 120 0 8e3619 239 0
1e393d 222 f0e361 239 0 f0e2f0 239 0
dc38d8 188 ee1c6c 94 0 dc38d8 188 0
bb871b 152 223c73 76 0 bb871b 152 0
088f1d 211 44478f 234 0 44478d 234 0
aeee1c 251 6888f2 126 1 aeee1c 251 0
5a223d 96 2d111f 176 0 2d111f 176 0
f4bbb8 236 fa5ddc 118 0 f4bbb8 236 0
416889 30 20b445 143 1 df4bbb 143 0
282d12 100 141689 178 1 ebe977 178 0
4505a3 109 9d7d2e 183 1 6282d2 183 0
38a0b5 46 1c505b 151 0 1c505b 151 0
d8ebe9 230 138a0c 115 0 d8ebe9 230 0
db1d7d 221 527142 111 1 db1d7d 221 0
cb63af 92 e5b1d7 46 1 cb63af 92 0
b96c75 140 dcb63a 70 1 b96c75 140 0
b72d8e 18 db96c7 9 1 b6bfc3 18 0
96e5b1 3 748d28 2 0 a2588a 2 0
a2dcb6 193 916e5b 97 1 a2dcb6 193 0
7ba46a 25 822dcb 141 1 7dd235 141 0
808b72 164 3fba47 82 0 808b72 164 0
4fee92 85 9808b7 171 1 67f749 171 0
39fdd3 171 5cfeea 214 1 a30116 214 0
a8c045 118 2b9fde 59 1 a8c045 118 0
2ae7f8 207 5573fc 232 0 5573fc 232 0
155cff 122 0aae80 189 0 0aae80 189 0
9d5460 240 3155d0 120 0 9d5460 240 0
f3aa8c 222 f9d546 111 1 f3aa8c 222 0
de7551 28 ef3aa8 14 0 de790e 28 0
bbceaa 132 dde755 66 0 bbceaa 132 0
b779d5 17 644316 9 1 b81592 17 0
86ef3a 195 7c8863 98 0 86ef3a 195 0
a0dde7 89 6f910d 45 1 a0dde7 89 0
841bbc 76 c20dde 38 1 841bbc 76 0
4f7c89 138 27be45 197 1 d841bb 197 0
69ef92 114 cb0837 185 1 34f7c9 185 0
6d3df3 175 896106 216 1 769efa 216 0
e25841 54 0ed3e0 27 0 e25841 54 0
23b4f8 71 51da7c 164 0 51da7c 164 0
eb8961 105 4a3b50 53 0 eb8961 105 0
8d712c 206 c6b896 103 1 8d712c 206 0
d1ae25 26 e8d712 13 1 d1a6de 26 0
65ca3c 4 32e51e 130 1 cd1ae2 130 0
b346b8 97 665ca4 49 0 b346b8 97 0
8668d7 205 7ccb95 103 1 8668d7 205 0
3f32e6 218 e0668d 237 0 e06675 237 0
9819a3 188 33f32f 94 0 9819a3 188 0
b30334 88 267e66 44 1 b30334 88 0
099f9a 75 bb3033 166 1 44cfcd 166 0
5133f4 170 d76606 213 1 2899fa 213 0
6a267f 182 351340 219 0 351340 219 0
2d44d0 119 a95d98 188 0 a95d98 188 0
15a89a 175 b52bb3 216 1 4ad44d 216 0
ed4aec 54 095a8a 27 1 ed4aec 54 0
dda95d 71 aed4ae 36 1 dda95d 71 0
144ad5 9 4a256b 133 0 4a256b 133 0
72895b 98 c6bb52 177 1 3944ae 177 0
91aed4 173 88d76a 87 1 91aed4 173 0
3dca26 150 1ee513 203 0 1ee513 203 0
27b945 115 53dca3 186 0 53dca3 186 0
54f729 239 6a7b95 248 1 952ee7 248 0
1a9ee6 126 f2b08d 191 0 f2b08d 191 0
2353dd 48 ee5611 152 0 ee5611 152 0
046a7c 166 02353e 211 1 fdcac2 211 0
208d50 245 afb958 251 0 ac3b8d 251 0
3411aa 63 a5f72b 160 1 5a08d5 160 0
168236 168 f4bee5 212 0 f4bee5 212 0
02d047 53 be97dc 155 0 be97dc 155 0
305a09 39 a7d2fb 148 1 582d05 148 0
160b42 37 b4fa5f 147 1 4b05a1 147 0
cd3e97 37 5960b5 19 1 cd3ec1 37 0
36582e 69 5b2c17 163 0 5b2c17 163 0
36cb06 105 a49a7d 181 0 a49a7d 181 0
89269f 174 c4934f 87 1 89269f 174 0
d124d3 150 176d97 75 0 d124d3 150 0
25db66 211 ad124d 234 0 ad124b 234 0
ab4493 187 6a5db7 94 0 ab4493 187 0
a56892 88 2d4bb7 44 0 a56892 88 0
0b52ee 75 ba5689 166 0 ba5689 166 0
516a5e 42 d74ad1 149 0 d74ad1 149 0
6a2d4c 166 cae95a 211 1 3516a6 211 0
2d45aa 181 56a2d5 219 1 a95d2b 219 0
ca574a 247 a52ba5 124 0 ca574a 247 0
16b517 159 4b5a8c 208 0 4b5a8c 208 0
ed295d 244 096b52 122 1 ed295d 244 0
425ad5 95 9ed295 176 0 9ed295 176 0
184b5b 172 f3da52 214 1 0c25ae 214 0
43096c 182 de7b4a 219 1 2184b6 219 0
d79ed2 55 abcf69 28 0 d79ed2 55 0
eaf3da 7 b579ed 4 0 80d18c 8 0
25430a 1 b6af3d 129 0 b6af3d 129 0
725431 161 792a19 209 1 86d5e7 209 0
81b579 117 7f2544 59 0 81b579 117 0
c036af 79 5fe4a9 40 1 c036af 79 0
e806d5 74 0bfc96 37 1 e806d5 74 0
62ff26 202 ce806d 229 0 ce806d 229 0
6c5fe5 186 c9d00d 221 0 c9d00d 221 0
6d8bfd 56 c93a01 156 0 c93a01 156 0
0db180 39 b92740 148 0 b92740 148 0
ee49d0 165 b724e8 83 0 ee49d0 165 0
3236c6 149 a6e49d 203 0 a6e49d 203 0
c9b927 51 5b236d 26 1 c9b927 51 0
56c8dc 199 949b92 228 1 6b646e 228 0
1ad91c 185 b29372 221 1 4d6c8e 221 0
735b24 184 39ad92 220 1 c6526e 220 0
f1949b 247 b8ca4d 124 0 f1949b 247 0
11cd6d 31 b71949 144 0 b71949 144 0
edc652 36 f6e329 18 0 edc690 36 0
bdb8ca 133 61239b 67 0 bdb8ca 133 0
c7b719 81 a3db8c 41 0 c7b719 81 0
77091d 11 7b848f 134 0 7b848f 134 0
5ee124 226 2f7092 241 1 d08e2c 241 0
9423db 125 75ee13 63 0 9423db 125 0
c2847b 80 e1423d 40 0 c2847b 80 0
f8508f 10 fc2847 5 1 f06f4d 10 0
9f0a11 130 cf8508 65 0 9f0a11 130 0
93e142 145 89f0a1 73 0 93e142 145 0
7d83d8 147 813e14 202 0 813e14 202 0
a04f85 51 9027c2 26 1 a04f85 51 0
a409f0 135 6dfb08 68 0 a409f0 135 0
1b7ec2 81 4dbf61 169 1 b2409f 169 0
8c9027 235 864813 118 1 8c9027 235 0
a19204 30 d0c902 15 1 a19062 30 0
d43240 132 ea1920 66 0 d43240 132 0
ba8648 17 62bcdc 9 0 b9e905 17 0
78af37 195 83a864 226 0 83a864 226 0
a0ea19 57 6f8af4 29 0 a0ea19 57 0
7be2bd 72 3df15f 164 0 3df15f 164 0
0f7c58 233 47be2c 245 0 47af24 245 0
71ef8b 126 38f7c6 191 1 c7083a 191 0
2e3df2 240 e8e107 248 1 164d37 248 0
05c7bf 62 fd1c20 159 0 fd1c20 159 0
df4708 168 105c7c 84 0 df4708 168 0
fbe8e1 85 420b90 43 0 fbe8e1 85 0
cf7d1c 203 a7be8e 102 1 cf7d1c 203 0
56105d 154 d4f7d1 205 0 d4f7d1 205 0
953df4 52 ca9efa 26 1 953df4 52 0
4d5842 7 66ac21 132 1 9953df 132 0
e654f7 225 4cd585 113 1 e654f7 225 0
733562 221 799ab1 239 1 86652c 239 0
c19953 124 1f3357 62 0 c19953 124 0
b8332a 208 dc1995 104 0 b8332a 208 0
08f99b 26 fb8332 141 1 047cce 141 0
611f34 164 cf7066 210 1 308f9a 210 0
4c23e7 181 6611f4 219 0 6611f4 219 0
c67b83 119 a33dc1 60 0 c67b83 119 0
e8cf70 15 b467b8 8 0 ea383f 15 0
12e612 130 097309 193 1 f68cf7 193 0
625cc3 241 8ed19e 249 1 7090bf 249 0
7c4b99 191 81da33 224 1 7e25cd 224 0
1f8974 184 0fc4ba 220 1 f03b46 220 0
03f12f 119 be0768 188 0 be0768 188 0
ef81da 175 b7c0ed 88 0 ef81da 175 0
120fc5 22 f6f81d 139 0 f6f81d 139 0
2241f9 163 5120fd 210 1 aedf03 210 0
544840 245 6a2420 251 0 677541 251 0
c576f8 255 5d4484 128 0 c576f8 255 0
175121 96 f4576f 176 1 0ba891 176 0
fd15db 44 017513 22 0 fd15d7 44 0
405d45 70 202ea3 163 0 202ea3 163 0
d7f457 233 5405d5 117 1 d7f457 233 0
750176 222 3a80bb 239 0 3a8076 239 0
d15fd1 124 175018 62 0 d15fd1 124 0
45d406 208 dd15fd 232 0 dd15fc 232 0
f7457f 58 045d41 29 1 f7457f 58 0
9ee8af 72 cf7457 36 1 9ee8af 72 0
f3dd15 137 b9ee8a 69 1 f3dd15 137 0
8e7ba2 146 c73dd1 73 0 8e7ba2 146 0
91cf74 147 771846 74 1 91cf74 147 0
a239ee 211 911cf7 106 1 a239ee 211 0
a4473d 27 6ddc62 14 1 a44bce 27 0
5b7719 68 2dbb8d 162 1 d24473 162 0
b4911c 105 65b772 53 1 b4911c 105 0
869223 206 3cb6ef 103 0 869223 206 0
2f2dbc 218 1796de 237 1 e86908 237 0
9a1a48 252 cd0d24 126 0 9a1a48 252 0
4cbcb7 32 265e5c 144 0 265e5c 144 0
f66869 228 fb3434 114 0 f66869 228 0
4132f3 157 9f6686 207 1 60997a 207 0
38265f 180 1c1330 218 0 1c1330 218 0
b8fb34 247 638266 124 1 b8fb34 247 0
18e09a 95 4c704d 176 1 b38fb3 176 0
ece3ec 236 098e0a 118 1 ece3ec 236 0
bd9c7d 222 dece3e 111 1 bd9c7d 222 0
d7b38f 28 ebd9c7 14 1 d7afe0 28 0
baf671 132 2284c8 66 0 baf671 132 0
48a132 81 9baf67 169 1 645099 169 0
86ebd9 43 8375ec 22 0 86ebdd 43 0
a0dd7b 6 2f9143 3 0 86cfa3 6 0
d41baf 193 55f229 97 1 d41baf 193 0
757c8b 89 7abe46 173 1 8541ba 173 0
7eaf92 236 3f57c9 246 1 c087e3 246 0
4fd5f3 126 27eafa 191 1 d81506 191 0
29fabf 240 eb02a0 248 0 ea2c9b 248 0
053f58 62 029fac 159 0 029fac 159 0
20a7eb 104 efac0a 180 1 1053f6 180 0
fbeb02 45 bdf581 23 0 fbeb05 45 0
cf7d60 6 e7beb0 3 0 ec7536 6 0
261054 129 53082a 193 1 acf7d6 193 0
8b3df5 113 7a6106 57 1 8b3df5 113 0
7e9842 207 7f4c21 232 1 80b3df 232 0
e02cf7 250 0fe985 125 1 e02cf7 250 0
9c059e 224 31fd31 112 1 9c059e 224 0
f380b3 92 063fa7 46 0 f380b3 92 0
418fea 76 df380b 166 1 20c7f5 166 0
4831fe 170 2418ff 213 0 2418ff 213 0
96f9c0 118 cb7ce0 59 0 96f9c0 118 0
2d20c8 143 569064 200 0 569064 200 0
ea5be7 114 0ad20d 57 1 ea5be7 114 0
62b484 79 8ea5be 168 1 715a42 168 0
e3a96f 170 0e2b49 85 1 e3a96f 170 0
638ad3 214 ce3a96 235 1 31c565 235 0
2c715b 187 a9c752 222 1 5638ae 222 0
558e2c 184 2ac716 220 1 d538ea 220 0
0ab1c6 119 4558e3 188 0 4558e3 188 0
eea9c7 239 48ab1d 120 1 eea9c7 239 0
122ac8 222 091564 239 0 0914ed 239 0
ddbaa7 124 eedd53 62 1 ddbaa7 124 0
bbb754 144 dddbaa 72 1 bbb754 144 0
f776ea 18 04448b 9 0 f6f90c 18 0
9eeedd 195 708892 98 1 9eeedd 195 0
5c2225 89 6e1113 173 0 6e1113 173 0
847bbb 108 c23ddd 54 0 847bbb 108 0
4f7089 142 d847bb 199 1 27b845 199 0
29ee12 50 eb08f7 153 1 14f709 153 0
653dc3 39 729ee2 148 1 8d611e 148 0
e35847 101 b1ac23 51 1 e35847 101 0
cc6b08 13 a63584 7 0 cf03de 13 0
c98d61 2 3672a0 1 0 c98d62 1 0
66ce54 65 8c98d6 161 1 73672a 161 0
832635 41 81931a 21 1 83262d 41 0
7f9b3a 134 c03263 195 1 3fcd9d 195 0
d00c98 177 a8064c 89 0 d00c98 177 0
8a0193 23 7aff37 12 0 89f0f3 23 0
1ebfce 67 b0a019 162 0 b0a019 162 0
ac2806 169 69ebfd 85 1 ac2806 169 0
7a7b00 86 3d3d80 171 0 3d3d80 171 0
d0b0a0 235 a85850 118 0 d0b0a0 235 0
55e9ec 30 d50b0a 143 1 2af4f6 143 0
2abd3e 164 155e9f 210 0 155e9f 210 0
4557a8 117 9d542c 187 0 9d542c 187 0
c7550b 175 5c557b 88 0 c7550b 175 0
17155f 86 f47550 171 0 f47550 171 0
dd1d54 43 517156 22 1 dd1d59 43 0
545c56 198 d5d1d5 227 0 d5d1d5 227 0
d57475 57 5545c6 29 1 d57475 57 0
755172 200 c55747 228 1 3aa8b9 228 0
f155d1 185 b8aae8 93 0 f155d1 185 0
8e2aba 24 38eaa3 12 0 8e1e49 24 0
0e3aa9 195 b8e2ab 226 1 471d55 226 0
51c756 185 68e3ab 221 0 68e3ab 221 0
85c715 248 3d1c76 124 1 85c715 248 0
0f471e 95 47a38f 176 0 47a38f 176 0
11e8e4 236 08f472 246 1 f6d008 246 0
423d1d 254 dee171 255 0 ffffff 254 0
d7b85c 64 ebdc2e 32 1 d7b85c 64 0
faf70b 8 02847b 4 0 eb1f53 8 0
ff5ee1 193 bfaf70 97 0 ff5ee1 193 0
8febdc 25 780a12 13 1 8ff45b 25 0
7e0285 196 3f0143 226 0 3f0143 226 0
4fc051 121 67e029 189 1 981fd7 189 0
8607f5 112 c303fa 56 1 8607f5 112 0
f0c0fe 14 f8607f 7 1 eed03d 14 0
21e7e1 130 ef0c0f 193 1 10f3f1 193 0
9bc303 49 8de181 25 0 9bc304 49 0
837860 7 81bc30 4 0 93afe6 7 0
c0de18 1 200000 0 1 c0de18 1 0
73f21f 129 79f910 193 0 79f910 193 0
7e7e44 241 7f3f22 249 1 803f5c 249 0
803037 127 80181b 64 1 803037 127 0
e00606 144 0ffcfd 72 1 e00606 144 0
03ff40 210 01ffa0 233 0 01ff9e 233 0
9f8018 251 703ff4 126 0 9f8018 251 0
5c0ffd 224 d1f801 240 0 d1f75d 240 0
f47e00 60 05c100 30 0 f47e00 60 0
be8fc0 72 20b820 36 0 be8fc0 72 0
f7d1f8 73 441704 37 0 f7d1f8 73 0
7105c1 74 3882e1 165 1 c77d1f 165 0
6e20b9 106 37105d 181 1 c8efa3 181 0
923be8 110 36e20c 55 0 923be8 110 0
2db883 206 e923be 231 1 16dc42 231 0
25b711 58 ed2477 157 1 12db89 157 0
9b491d 168 cda48e 84 1 9b491d 168 0
f36923 149 464b6f 75 0 f36923 149 0
ce6d24 211 58c96e 106 1 ce6d24 211 0
a9cda4 91 94e6d2 46 1 a9cda4 91 0
a539b4 12 d29cda 6 1 a1ef41 12 0
b4a736 130 da539b 65 1 b4a736 130 0
9694e6 145 8b4a73 73 1 9694e6 145 0
82d29c 147 81694e 74 1 82d29c 147 0
5fa5ad 19 6fd2d7 138 0 6fd2d7 138 0
5bf4b6 227 6dfa5b 242 0 6df913 242 0
5b7e97 125 6dbf4c 191 0 6dbf4c 191 0
3b6fd3 112 e24816 184 1 1db7ea 184 0
f89205 46 fc4902 23 1 f89203 46 0
df1240 134 ef8920 67 0 df1240 134 0
dbe248 17 adf124 9 0 dc9039 17 0
7483b7 3 7a41dc 130 0 7a41dc 130 0
a16f89 97 90b7c4 49 0 a16f89 97 0
7bd20f 13 7de908 135 0 7de908 135 0
c085be 226 e042df 113 1 c085be 226 0
67ef49 29 8c085b 143 1 73f7a5 143 0
c30216 164 1e7ef5 82 1 c30216 164 0
b86042 85 63cfdf 43 0 b86042 85 0
c70c08 203 a38604 102 0 c70c08 203 0
571e7f 154 2b8f40 205 0 2b8f40 205 0
951c30 244 ca8e18 122 0 951c30 244 0
4d5c7a 159 9951c3 208 1 66ae3d 208 0
e65470 52 f32a38 26 0 e65470 52 0
bcca8e 7 9e6547 4 1 a8fde5 7 0
e79951 129 b3cca8 65 0 e79951 129 0
730cd6 17 867995 137 0 867995 137 0
7e619b 163 80cf32 210 1 7f30ce 210 0
a033cc 53 6fe61a 27 1 a033cc 53 0
3bf987 199 5dfcc4 228 0 5dfcc4 228 0
177f31 249 b44067 253 1 3d378c 253 0
72efe7 192 c6880c 224 0 c6880c 224 0
0e5dfd 56 f8d101 156 0 f8d101 156 0
01cbc0 167 bf1a20 212 0 bf1a20 212 0
103978 181 b7e344 219 0 b7e344 219 0
cdf8d1 55 a6fc68 28 0 cdf8d1 55 0
e9bf1a 7 4b2073 4 0 d32328 7 0
ed37e3 193 b69bf1 97 0 ed37e3 193 0
725904 25 86d37e 141 1 792c82 141 0
7e4b21 164 3f2591 210 1 c0da6f 210 0
4fc965 245 981b4d 251 0 955a73 251 0
39f92d 191 a30369 224 0 a30369 224 0
173f26 184 0b9f93 220 0 0b9f93 220 0
fd181b 247 4173f3 124 0 fd181b 247 0
efa303 95 b7d181 48 0 efa303 95 0
120ba0 140 f6fa30 198 0 f6fa30 198 0
bdbe8c 178 2120ba 89 1 bdbe8c 178 0
68482f 215 8bdbe8 236 0 8bdbe3 236 0
e2f6fa 187 b17b7d 94 0 e2f6fa 187 0
ac5edf 24 29d091 12 1 ac6c42 24 0
f58bdb 67 453a13 34 0 f58bdb 67 0
aeb17b 201 9758bd 101 0 aeb17b 201 0
7a29d1 154 c2eb17 205 1 3d14e9 205 0
6f453b 180 c85d62 218 1 37a29e 218 0
b21758 55 990bac 28 0 b21758 55 0
e642eb 135 4cde8b 68 0 e642eb 135 0
ecc85d 81 499bd2 41 1 ecc85d 81 0
7266f5 75 79337b 166 0 79337b 166 0
a1b321 106 2f2670 53 0 a1b321 106 0
6bc99c 206 35e4ce 231 1 ca1b32 231 0
d286cc 250 16bc9a 125 1 d286cc 250 0
9a50d9 224 cd286c 112 0 9a50d9 224 0
f34a1b 28 065af3 14 0 f34634 28 0
4196bd 196 20cb5f 226 0 20cb5f 226 0
4832d8 249 64196c 253 0 589c9a 253 0
86f9a5 128 3c832e 64 1 86f9a5 128 0
0f20cc 80 f86f9a 168 1 079066 168 0
01e41a 170 ff0df3 213 1 00f20d 213 0
603c84 182 301e42 219 1 cfe1be 219 0
2c0791 247 5603c9 252 1 a35c74 252 0
ea7f0d 255 b53f86 128 1 ea7f0d 255 0
12b01f 160 095810 208 0 095810 208 0
025604 244 012b02 250 1 fade56 250 0
bfb53f 127 9fda9f 64 1 bfb53f 127 0
e7f6a7 144 0c04ad 72 1 e7f6a7 144 0
03012c 210 018096 233 1 fe7f68 233 0
606026 123 8fcfed 190 0 8fcfed 190 0
5c0c05 48 2e0603 152 0 2e0603 152 0
0b8181 102 05c0c1 179 1 fa3f3f 179 0
de8fcf 237 50b819 119 1 de8fcf 237 0
342e07 94 1a1704 175 0 1a1704 175 0
d97a3f 108 1342e1 54 1 d97a3f 108 0
44d0b9 78 22685d 167 1 dd97a3 167 0
d765e8 106 144d0c 53 0 d765e8 106 0
9aecbd 78 cd765e 39 1 9aecbd 78 0
d35d97 138 165135 69 1 d35d97 138 0
65944e 82 cd35d9 169 0 cd35d9 169 0
6cb28a 43 89a6bb 150 1 765945 150 0
a269ae 38 2ecb29 19 1 a269c8 38 0
d44d35 197 aa269a 99 1 d44d35 197 0
35765a 25 a544d3 141 1 5abb2d 141 0
76aecc 164 c4a89a 210 1 3b5766 210 0
b12a26 181 989513 91 1 b12a26 181 0
c62544 151 a312a2 76 1 c62544 151 0
173b58 19 4b9dac 138 0 4b9dac 138 0
52e76b 227 6973b6 242 1 968af0 242 0
5a5cee 253 6d2e77 255 0 43c5b2 255 0
100000 0 1da5cf 128 0 100000 0 7
f8968c 224 fc4b46 112 1 f8968c 224 0
ff12d1 156 007698 78 0 ff12d1 156 0
bfe25a 212 200ed3 106 0 bfe25a 212 0
4803b5 91 6401db 174 0 6401db 174 0
590077 108 2c803c 182 0 2c803c 182 0
4b200f 110 259008 183 0 259008 183 0
d69bfe 110 14b201 55 1 d69bfe 110 0
252c81 78 129641 167 1 ed69bf 167 0
db5a6f 106 edad37 53 1 db5a6f 106 0
9b6b4d 142 cdb5a6 71 1 9b6b4d 142 0
2c9297 18 e9b6b4 137 0 e9b6b4 137 0
659253 35 72c92a 146 1 8d36d6 146 0
a34db5 101 6e5926 51 1 a34db5 101 0
3b964a 205 a234db 231 1 5dcb25 231 0
3772ca 58 1bb965 157 1 e4469b 157 0
9911a6 104 cc88d3 52 1 9911a6 104 0
f32234 141 b9911a 71 1 f32234 141 0
319bba 18 e73223 137 1 18cddd 137 0
99cc88 35 8ce644 18 0 99ccce 35 0
5cc66f 5 6e6338 131 0 6e6338 131 0
c46732 97 5dcc67 49 0 c46732 97 0
888ce6 205 7bb98d 103 1 888ce6 205 0
c1119c 218 e088ce 109 1 c1119c 218 0
982233 156 33eee7 78 0 982233 156 0
b30446 84 d98223 42 1 b30446 84 0
b66088 11 9b3044 6 0 bb3a0a 11 0
5933ef 2 2c99f8 129 0 2c99f8 129 0
6b267e 97 75933f 177 0 75933f 177 0
7d64d0 109 814d98 183 0 814d98 183 0
3fac9a 46 e029b3 151 1 1fd64d 151 0
d80a6c 166 13faca 83 1 d80a6c 166 0
db014d 85 527f5a 43 1 db014d 85 0
349fd7 203 5a4fec 230 0 5a4fec 230 0
a96c05 250 d4b602 125 1 a96c05 250 0
6ad280 32 356940 144 0 356940 144 0
0d5a50 228 f952d8 242 0 f94f0d 242 0
41ab4a 61 9f2a5b 159 1 60d5a5 159 0
c7ca96 168 1c1ab5 84 1 c7ca96 168 0
0706ae 85 438357 171 0 438357 171 0
30e0d6 107 a78f95 182 0 a78f95 182 0
561c1b 174 2b0e0e 215 1 d4f1f2 215 0
2ac384 246 ea9e3e 251 1 0eb7de 251 0
daa78f 63 52ac39 32 1 daa78f 63 0
eb54f1 200 0a5588 100 0 eb54f1 200 0
029562 89 414ab1 173 1 beb54f 173 0
8fad53 236 c7d6a9 118 0 8fad53 236 0
4e0a56 30 d8fad5 143 0 d8fad5 143 0
d63eb5 164 eb1f5a 82 1 d63eb5 164 0
bac7d6 21 629c15 11 1 baef2f 21 0
c758fa 195 a3ac7d 98 0 c758fa 195 0
a8eb1f 153 94758f 77 1 a8eb1f 153 0
7ae29d 20 c28eb1 138 0 c28eb1 138 0
b0a3ac 163 67ae2a 82 1 b0a3ac 163 0
59eb8b 85 930a3a 171 1 6cf5c6 171 0
c4c28e 43 a26147 22 1 c4c289 43 0
5767af 6 2bb3d8 131 0 2bb3d8 131 0
2aecf6 97 aa8985 177 0 aa8985 177 0
8aa261 173 855130 87 0 8aa261 173 0
c1544c 22 1f55da 11 1 c17061 22 0
d82a89 67 53eabc 34 0 d82a89 67 0
54faaf 73 6a7d58 165 0 6a7d58 165 0
8560aa 234 3d4fab 117 0 8560aa 234 0
90ac15 94 c8560a 47 1 90ac15 94 0
2dea7e 12 e90ac1 134 0 e90ac1 134 0
ba42b0 162 22dea8 81 0 ba42b0 162 0
974856 213 8ba42b 107 1 974856 213 0
c2e90a 27 5e8b7b 14 0 c2e3fe 27 0
a85d21 196 2bd170 98 0 a85d21 196 0
4af45c 217 657a2e 237 1 9a85c7 237 0
795e8c 124 3caf46 190 1 c350ba 190 0
b0d42e 240 d86a17 120 1 b0d42e 240 0
f61a85 158 04f2be 79 1 f61a85 158 0
dec350 212 ef61a8 106 0 dec350 212 0
bbd86a 27 9dec35 14 0 bbdd59 27 0
5884f3 132 2c427a 194 1 d3bd86 194 0
4b109f 113 9a77b0 185 0 9a77b0 185 0
869dec 175 7cb10a 88 1 869dec 175 0
e0d3bd 86 0f9622 43 1 e0d3bd 86 0
23e589 203 51f2c5 230 1 ae0d3b 230 0
ab834e 250 d5c1a7 125 1 ab834e 250 0
6a8f97 32 3547cc 144 0 3547cc 144 0
f2ae0d 228 06a8fa 114 1 f2ae0d 228 0
41aa3f 221 60d520 239 0 60d4f0 239 0
383548 252 1c1aa4 254 0 7513fb 255 0
100000 0 dc7cab 128 1 100000 0 7
f71f2a 160 04706b 80 0 f71f2a 160 0
011c1b 84 008e0e 170 1 ff71f2 170 0
402384 107 9fee3e 182 1 6011c2 182 0
580471 46 2c0239 151 1 d3fdc7 151 0
2b008f 230 ea7fb8 243 0 ea7910 243 0
da9fee 189 ad4ff7 95 1 da9fee 189 0
cb53fd 152 1a5602 76 1 cb53fd 152 0
f96a7f 211 434ac1 106 1 f96a7f 211 0
50d2b1 91 9796a7 174 1 686959 174 0
a5e5a9 172 d2f2d4 86 0 a5e5a9 172 0
4b434b 22 25a1a6 139 1 da5e5a 139 0
d69796 99 ab4bcb 50 1 d69796 99 0
552d0e 13 956979 135 0 956979 135 0
c55a5e 162 1d52d1 81 1 c55a5e 162 0
6754b5 85 8c55a5 171 0 8c55a5 171 0
c31569 43 a18ab4 22 0 c3156e 43 0
a862ad 6 2bceaa 3 1 c2e8d8 6 0
2af3ab 65 5579d6 161 1 aa862a 161 0
8aa18a 105 8550c5 53 0 8aa18a 105 0
7eabcf 14 c0aa18 135 0 c0aa18 135 0
d02a86 162 17eabd 81 1 d02a86 162 0
9a0550 85 72fd58 43 0 9a0550 85 0
c340aa 75 5e5fab 38 0 c340aa 75 0
a86815 202 2bcbf6 101 1 a86815 202 0
6af2fe 90 35797f 173 0 35797f 173 0
6d5e60 236 36af30 246 0 368a88 246 0
b25434 126 26d5e6 63 1 b25434 126 0
d64a86 208 eb2543 104 1 d64a86 208 0
fac950 154 fd64a8 77 0 fac950 154 0
9f592a 20 30536b 10 0 9f253f 20 0
b3eb25 195 99f592 98 1 b3eb25 195 0
59829c 153 933eb2 205 1 6cc14e 205 0
7b3054 180 3d982a 218 1 c267d6 218 0
b099f5 247 984cfa 124 1 b099f5 247 0
e6133e 31 b3099f 16 1 e611d8 31 0
133d99 132 099ecd 194 1 f66133 194 0
bd984c 113 6133da 57 1 bd984c 113 0
784cf7 207 7c267c 232 0 7c267c 232 0
1f099f 122 f07b30 189 0 f07b30 189 0
63e134 176 31f09a 216 1 ce0f66 216 0
f383d9 246 f9c1ec 123 0 f383d9 246 0
218f85 31 af383d 144 0 af383d 144 0
ebce0f 36 f5e707 18 1 ebcdd2 36 0
42863f 133 9ebce0 195 0 9ebce0 195 0
c7af38 177 5c2864 89 0 c7af38 177 0
770a19 215 847af3 236 1 7b8509 236 0
e11ebc 187 4f70a2 94 1 e11ebc 187 0
53dc29 216 29ee15 236 1 d611e0 236 0
f5847a 251 bac23d 126 0 f5847a 251 0
514f71 160 28a7b9 208 1 d75847 208 0
0a29ef 116 0514f8 186 0 0514f8 186 0
41453e 239 60a29f 248 0 604342 248 0
e7d758 126 0c1454 63 0 e7d758 126 0
230515 208 ee7d75 232 0 ee7d74 232 0
0460a3 58 fdcfae 157 1 023052 157 0
9f73eb 168 cfb9f5 84 0 9f73eb 168 0
f3ee7d 21 4608c2 11 1 f41cfb 21 0
ce7dcf 195 58c119 98 1 ce7dcf 195 0
563047 217 6b1824 237 0 6b1819 237 0
7ac609 124 3d6305 190 1 c29cfb 190 0
4f58c2 240 d8539f 248 1 26fbba 248 0
f614e7 62 04f58d 31 1 f614e7 62 0
213d64 72 109eb2 164 1 ef614e 164 0
fbd853 233 4213d7 117 0 fbd853 233 0
7084f6 94 c7bd85 175 0 c7bd85 175 0
2e109f 172 e8f7b0 214 0 e8f7b0 214 0
45c214 182 dd1ef6 219 1 22e10a 219 0
28b843 183 545c22 220 1 aba3de 220 0
151709 119 b5747b 188 1 4a8b85 188 0
12a2e2 175 b6ae8f 216 1 495171 216 0
12545d 54 f6d5d1 155 0 f6d5d1 155 0
224a8c 167 aedaba 212 1 512546 212 0
ebb6ae 181 4a24a9 91 1 ebb6ae 181 0
cd76d5 215 a6bb6a 108 1 cd76d5 215 0
165126 27 b4d76d 142 0 b4d76d 142 0
ad35db 164 296513 82 0 ad35db 164 0
4a5945 213 652ca3 235 0 652ca0 235 0
394b29 123 a35a6b 190 1 5ca595 190 0
572966 48 2b94b3 152 0 2b94b3 152 0
0ae52d 230 fa8d69 243 0 fa85c0 243 0
215ca6 189 50ae53 223 0 50ae53 223 0
cbd46b 120 e5ea35 60 0 cbd46b 120 0
068573 143 4342ba 200 1 bcbd46 200 0
ef2f51 242 086858 121 0 ef2f51 242 0
9de5ea 223 8ef2f5 112 0 9de5ea 223 0
1c4343 28 f1de5e 142 1 0e21a2 142 0
bc7797 36 de3bcb 18 1 bc775f 36 0
b78ef2 5 643887 3 0 909d14 5 0
390e22 65 5c8711 161 1 a378ef 161 0
7721c5 105 846f1d 181 0 846f1d 181 0
7ee439 174 c08de3 215 1 3f721d 215 0
2fdc88 182 e811bc 219 0 e811bc 219 0
25fb91 55 ad0237 156 1 52fdc9 156 0
eb408d 167 4a5fba 84 1 eb408d 167 0
ed6811 85 494bf8 43 0 ed6811 85 0
cdad02 203 a6d681 102 0 cdad02 203 0
564a60 154 2b2530 205 0 2b2530 205 0
6ac94c 244 3564a6 250 1 c8467f 250 0
b2a6d6 255 66ac95 128 1 b2a6d6 255 0
19ab26 96 0cd593 176 0 0cd593 176 0
fcca9b 236 019ab3 118 0 fcca9b 236 0
bf9953 94 dfcca9 47 0 bf9953 94 0
d7f32a 12 ebf995 6 0 dba310 12 0
45019b 130 2280ce 193 1 dd7f32 193 0
975fcc 113 74501a 57 1 975fcc 113 0
82ebf9 79 7e8a04 40 0 82ebf9 79 0
1fa281 74 0fd141 165 1 f02ebf 165 0
9c0baf 106 31fa29 53 1 9c0baf 106 0
6c7e8b 206 363f46 231 1 c9c0ba 231 0
d2702e 122 16c7e9 61 1 d2702e 122 0
65b1fb 80 cd2702 168 1 32d8fe 168 0
f349c0 42 f9a4e0 21 0 f349c8 42 0
6196c8 134 cf349c 195 0 cf349c 195 0
d3cd27 177 a9e693 89 1 d3cd27 177 0
75865c 23 853cd2 140 1 7ac32e 140 0
1eb0cc 163 4f5866 210 1 b0a79a 210 0
53d61a 245 9614f3 251 1 673a65 251 0
c5853c 191 a2c29e 96 1 c5853c 191 0
174f59 24 0ba7ad 140 1 f45853 140 0
fd1614 227 4174f6 114 1 fd1614 227 0
afa2c2 221 682e9f 111 0 afa2c2 221 0
3a0ba8 220 1d05d4 238 0 1d05a3 238 0
b8be8b 252 dc5f45 126 0 b8be8b 252 0
b717d1 160 db8be8 80 0 b717d1 160 0
f6e2fa 20 048e83 10 0 f6a41e 20 0
bedc5f 67 9f6e2f 34 1 bedc5f 67 0
582475 9 6c123b 133 0 6c123b 133 0
7b048f 98 3d8248 177 0 3d8248 177 0
909f6e 237 77b049 119 1 909f6e 237 0
c213ed 222 1ef60a 111 1 c213ed 222 0
27bd83 92 ec213e 174 1 13dec2 174 0
44f7b1 172 227bd9 214 1 dd8427 214 0
b76109 246 244f7c 123 0 b76109 246 0
2913df 95 5489f0 176 0 5489f0 176 0
eadd84 236 0a913e 118 1 eadd84 236 0
42a450 222 215228 239 0 2151c9 239 0
d7ab76 252 142a45 126 1 d7ab76 252 0
450a92 224 228549 240 1 dd79fc 240 0
f75ead 252 fbaf56 126 1 f75ead 252 0
beebd5 32 208a16 16 1 beecb4 32 0
f7dd7a 68 fbeebd 34 0 f7dd7a 68 0
410451 9 608229 133 1 9f7dd7 133 0
78208b 98 c3efba 177 1 3c1046 177 0
90fbee 173 887df7 87 1 90fbee 173 0
3de083 150 1ef042 203 1 e10fbe 203 0
d843ef 243 53de09 122 1 d843ef 243 0
54f783 223 95843e 240 1 6a7b6c 240 0
e5610f 188 f2b087 94 1 e5610f 188 0
bcac21 152 21a9f0 76 0 bcac21 152 0
f79584 83 bbcac2 42 1 f79584 83 0
aef2b0 139 977958 70 0 aef2b0 139 0
5a21aa 18 2d10d5 137 1 d2ef2b 137 0
6b4436 227 75a21b 242 0 75a0f2 242 0
a29779 253 6eb444 127 0 a29779 253 0
c452ef 224 1dd689 112 1 c452ef 224 0
0775a3 92 03bad2 174 1 fc452e 174 0
40eeb5 108 20775b 182 0 20775b 182 0
481dd7 110 240eec 183 0 240eec 183 0
2903bb 110 eb7e22 183 1 1481de 183 0
252078 46 12903c 151 0 12903c 151 0
db5bf1 230 125208 115 0 db5bf1 230 0
249482 221 adb5bf 239 1 524a0a 239 0
cb6d6f 188 1a4949 94 1 cb6d6f 188 0
b96dad 88 23492a 44 1 b96dad 88 0
08d24b 75 bb96da 166 1 446926 166 0
511a4a 170 288d25 213 1 d772db 213 0
6a234a 118 caee5b 187 1 3511a5 187 0
2d446a 175 56a235 216 1 a95dcb 216 0
ea5772 118 0ad447 59 0 ea5772 118 0
22b512 79 515a89 168 1 aea577 168 0
1456a3 106 f5d4ae 181 1 0a2b52 181 0
9d752b 174 ceba95 87 0 9d752b 174 0
2c515b 22 e9d752 139 1 1628ae 139 0
258a2c 35 52c516 146 1 ad3aea 146 0
ab4eba 101 95a75d 51 0 ab4eba 101 0
c569d7 141 5d4b15 71 1 c569d7 141 0
c8ad3a 82 e4569d 41 0 c8ad3a 82 0
9915a7 11 8c8ad3 6 1 94b150 11 0
a322b4 2 5cdd4c 1 1 f4b40e 2 0
946456 193 75cdd5 97 1 946456 193 0
828c8a 89 7eb9bb 45 0 828c8a 89 0
7fae6f 76 c028c8 166 0 c028c8 166 0
4ff5ce 170 d80519 213 0 d80519 213 0
69feba 54 cb00a3 155 1 34ff5d 155 0
2d3fd8 39 a96014 148 0 a96014 148 0
15a7fb 37 4ad3fe 147 1 b52c02 147 0
32b500 101 595a80 179 0 595a80 179 0
3656a0 109 5b2b50 183 0 5b2b50 183 0
c9352c 110 1b656a 55 1 c9352c 110 0
26d95b 78 136cae 167 1 ec9352 167 0
db24d4 106 126d96 53 1 db24d4 106 0
9b649a 78 324db3 39 0 9b649a 78 0
d36c93 202 1649b7 101 0 d36c93 202 0
9a6d92 90 32c937 45 0 9a6d92 90 0
6cb24e 204 c9a6d9 230 0 c9a6d9 230 0
4d964a 58 26cb25 157 1 d934db 157 0
69b2ca 104 34d965 180 1 cb269b 180 0
f2c9a6 237 b964d3 119 1 f2c9a6 237 0
ce5934 30 18d366 15 1 ce5b02 30 0
2634da 68 ece593 162 1 131a6d 162 0
44c69c 169 9d9cb2 213 1 62634e 213 0
7898d4 54 c3b396 155 1 3c4c6a 155 0
2f131b 39 a87672 148 1 57898e 148 0
15e264 165 b50ece 211 1 4af132 211 0
cd43b3 53 a6a1d9 27 0 cd43b3 53 0
c9a876 7 5b2bc5 4 1 de42fd 7 0
e9350e 193 b49a87 97 1 e9350e 193 0
8d26a1 25 869350 13 0 8d2f0a 25 0
7e5b2c 4 3f2d96 130 1 c0d26a 130 0
4fcb66 97 67e5b3 177 0 67e5b3 177 0
79f96d 109 7cfcb7 183 0 7cfcb7 183 0
c0c0d2 110 e06069 55 0 c0c0d2 110 0
27e7e6 142 ec0c0d 199 0 ec0c0d 199 0
24fcfd 178 ed8181 217 0 ed8181 217 0
9b6060 183 8db030 92 0 9b6060 183 0
1c93f4 23 4e49fa 140 1 b1b606 140 0
ec6d81 227 b636c0 114 0 ec6d81 227 0
ad8db0 157 96c6d8 79 0 ad8db0 157 0
3a4e4a 20 1d2725 138 1 e2d8db 138 0
4749ca 227 9c5b1b 242 1 63a374 242 0
58e93a 61 938b63 159 1 6c749d 159 0
3b1d28 168 e2716c 212 0 e2716c 212 0
f89c5b 53 bc4e2d 27 0 f89c5b 53 0
30ec75 135 a789c5 196 0 a789c5 196 0
e9e271 177 4b0ec8 89 0 e9e271 177 0
8d3c4e 87 7961d9 44 1 8d3c4e 87 0
1e5877 75 4f2c3c 166 0 4f2c3c 166 0
53cb0f 106 d61a78 181 0 d61a78 181 0
6a7962 46 cac34f 151 1 353cb1 151 0
d2b0d3 166 e95869 83 0 d2b0d3 166 0
da561a 21 ad2b0d 11 0 da8165 21 0
34b53d 3 a5a561 130 0 a5a561 130 0
a96958 33 6b4b54 17 0 a968c3 33 0
852d2b 69 829695 35 0 852d2b 69 0
3f5a5b 9 5fad2e 133 1 a052d2 133 0
8814b4 226 c40a5a 113 1 8814b4 226 0
910296 29 88814b 15 1 910074 29 0
c22052 132 e11029 66 0 c22052 132 0
b8440a 145 9c2205 73 0 b8440a 145 0
78f77f 19 7c7bc0 138 0 7c7bc0 138 0
5f1ef0 99 907088 178 0 907088 178 0
5be3de 173 920e11 215 0 920e11 215 0
c48384 182 1dbe3e 91 1 c48384 182 0
d89070 215 53b7c8 108 0 d89070 215 0
14edf2 91 b58907 174 1 4a76f9 174 0
529dbf 44 d6b120 150 0 d6b120 150 0
4a53b8 38 2529dc 147 0 2529dc 147 0
d6b589 101 54a53c 51 0 d6b589 101 0
cad6b1 205 a56b58 103 0 cad6b1 205 0
c95ad6 154 1b5295 77 1 c95ad6 154 0
66d4a6 212 cc95ad 234 0 cc95ab 234 0
4cda95 59 666d4b 158 0 666d4b 158 0
599b53 104 d33256 180 1 2ccdaa 180 0
f4cc95 173 4599b6 87 1 f4cc95 173 0
31666e 214 e74cc9 235 0 e74cc3 235 0
d9d332 59 ace999 30 0 d9d332 59 0
54c59a 8 d59d33 132 1 2a62cd 132 0
0a98b4 161 bab3a6 209 1 454c5a 209 0
8eace9 53 875674 27 0 8eace9 53 0
c1d59d 135 a0eace 68 1 c1d59d 135 0
e83ab3 145 4be2a7 73 0 e83ab3 145 0
72f8aa 83 8683ab 170 1 797c55 170 0
5e5f16 43 90d075 150 0 90d075 150 0
a4341d 166 d21a0e 83 1 a4341d 166 0
d48683 149 aa4341 75 0 d48683 149 0
ca90d0 147 a54868 74 0 ca90d0 147 0
a9521a 19 6b56f3 10 0 a907c5 19 0
5ad5bd 195 6d6adf 226 0 6d6adf 226 0
5b5ab8 249 6dad5c 253 0 636308 253 0
100000 0 3db5ac 128 0 100000 0 7
0f6d6b 224 f8494a 240 1 07b5c5 240 0
01edae 60 00f6d7 158 0 00f6d7 158 0
bfc24a 232 201edb 116 0 bfc24a 232 0
f7f849 93 bbfc24 47 0 f7f849 93 0
3100f7 140 e77f84 198 0 e77f84 198 0
b9dfe1 50 231010 25 0 b9dfe1 50 0
68c404 71 746202 164 1 8b9dfe 164 0
1d1881 233 b173bf 245 1 4e7e13 245 0
8c5cef 190 39d189 95 1 8c5cef 190 0
2e7463 216 e8c5ce 236 1 173a25 236 0
fa3173 59 42e747 30 0 fa3173 59 0
af462e 72 d7a317 36 1 af462e 72 0
f5e8c5 137 baf462 69 1 f5e8c5 137 0
8ebd18 146 38a174 73 0 8ebd18 146 0
91d7a3 83 88ebd1 42 0 91d7a3 83 0
a23af4 11 911d7a 6 1 9db208 11 0
5bb8a2 130 2ddc51 193 1 d223af 193 0
9488eb 113 75bb8b 57 0 9488eb 113 0
82911d 79 81488e 40 1 82911d 79 0
1faddd 10 0fd6ef 133 0 0fd6ef 133 0
63f5bc 98 ce0522 177 1 31fade 177 0
6c7eb8 45 763f5c 151 0 763f5c 151 0
c27029 102 1ec7ec 51 0 c27029 102 0
27b1fb 205 53d8fe 231 1 ac2702 231 0
cb09c0 122 1a7b20 61 0 cb09c0 122 0
996138 208 ccb09c 104 0 996138 208 0
0cd3d9 154 0669ed 205 1 f99613 205 0
619a7c 244 30cd3e 250 1 ccb92c 250 0
4c3350 255 100000 0 0 100000 0 7
19866a 192 f33ccb 224 1 0cc335 224 0
fccf32 56 fe6799 28 0 fccf32 56 0
ff99e6 135 40330d 68 1 ff99e6 135 0
100cc4 81 b7f99e 169 1 480662 169 0
8dfe67 43 7900cd 22 1 8dfe6b 43 0
5e4034 70 2f201a 163 1 d0dfe6 163 0
d437f9 233 aa1bfc 117 0 d437f9 233 0
8a86ff 158 c5437f 79 1 8a86ff 158 0
d150df 20 175791 10 1 d18b09 20 0
ba2a1b 67 62eaf3 34 0 ba2a1b 67 0
58babd 201 93a2a1 229 0 93a2a1 229 0
84e8a8 186 3d8bac 93 0 84e8a8 186 0
909d15 216 37b176 108 1 909d15 216 0
0dec5e 219 46f62f 238 0 46f611 238 0
ae4274 252 28dec6 126 1 ae4274 252 0
b5c84e 224 251bd9 112 1 b5c84e 224 0
0946f7 220 04a37c 238 0 04a33e 238 0
4128df 252 df6b90 254 0 afb5c8 254 0
b7dae4 192 dbed72 96 1 b7dae4 192 0
f6fb5c 24 048252 12 1 f70b14 24 0
fedf6b 195 bf6fb5 98 0 fedf6b 195 0
afdbed 153 68120a 77 1 afdbed 153 0
7a0483 212 3d0242 234 1 c2fdbc 234 0
b0bf6f 123 985fb7 62 1 b0bf6f 123 0
59e813 144 d30bf6 200 1 2cf40a 200 0
0b3d03 178 059e82 217 1 fa617e 217 0
9e985f 247 8f4c2f 124 1 9e985f 247 0
e3d30b 159 b1e985 80 0 e3d30b 159 0
13859f 148 09c2d0 202 0 09c2d0 202 0
bd8f4c 243 9ec7a6 122 1 bd8f4c 243 0
a7b1e9 159 93d8f4 80 0 a7b1e9 159 0
1b09c3 148 f27b1e 202 1 0d84e2 202 0
bc9ec7 179 9e4f63 90 1 bc9ec7 179 0
586c28 23 6c3614 140 0 6c3614 140 0
1b0d85 99 4d86c3 178 0 4d86c3 178 0
ac9e4f 109 964f27 55 1 ac9e4f 109 0
3a6c37 14 1d361c 135 0 1d361c 135 0
d8b279 98 13a6c4 49 0 d8b279 98 0
64e9b1 205 7274d9 231 1 8d8b27 231 0
3c9d37 250 1e4e9c 253 0 05e243 253 0
6793a7 128 33c9d4 192 0 33c9d4 192 0
f30d8b 240 06793b 120 0 f30d8b 240 0
019e4f 222 00cf28 239 0 00cea9 239 0
dfcc36 252 efe61b 126 1 dfcc36 252 0
bbf986 32 22033d 16 1 bbfa64 32 0
f77f30 68 044068 34 0 f77f30 68 0
41101a 201 9f77f3 229 1 60880d 229 0
87ddfc 186 c3eefe 93 1 87ddfc 186 0
6f0441 24 c87ddf 140 1 378221 140 0
0de089 163 b90fbb 210 1 46f045 210 0
ae43ee 181 9721f7 91 1 ae43ee 181 0
3a3783 23 5d1bc2 140 1 a2e43e 140 0
1746f1 99 4ba379 178 1 b45c87 178 0
ad1721 237 968b90 119 0 ad1721 237 0
c5a2e4 158 e2d172 79 1 c5a2e4 158 0
274ba4 20 ec5a2e 138 1 13a5d2 138 0
44e975 163 9d8b45 210 0 9d8b45 210 0
589d2f 181 6c4e98 219 0 6c4e98 219 0
c4ec5a 247 5d89d3 124 0 c4ec5a 247 0
e89d8b 95 b44ec5 48 0 e89d8b 95 0
12ec4f 140 f689d8 198 0 f689d8 198 0
bda276 178 212ec5 89 1 bda276 178 0
684bb2 87 7425d9 172 1 8bda27 172 0
1d0977 107 b17b44 182 0 b17b44 182 0
53a12f 46 29d098 151 0 29d098 151 0
d58bda 230 eac5ed 115 0 d58bda 230 0
dab17b 157 ad58bd 79 0 dab17b 157 0
34a9d1 148 1a54e9 202 1 e5ab17 202 0
b96ac5 243 634a9e 122 1 b96ac5 243 0
58d2a8 223 9396ac 240 0 939658 240 0
1b1a55 60 0d8d2b 158 0 0d8d2b 158 0
bc9cb5 232 de4e5a 116 1 bc9cb5 232 0
f79396 157 bbc9cb 79 1 f79396 157 0
cef272 148 e77939 74 0 cef272 148 0
b9de4e 147 9cef27 74 1 b9de4e 147 0
a73bc9 147 6c621c 74 0 a73bc9 147 0
5b1887 211 9273bc 234 0 9273bb 234 0
a49cef 59 6db189 30 1 a49cef 59 0
5b6c63 200 2db632 228 1 d249ce 228 0
0b6d8d 249 45b6c7 253 0 366da0 253 0
8e924e 128 38b6d9 64 1 8e924e 128 0
0e2db7 80 f8e924 168 0 f8e924 168 0
fe3a49 42 00e2dc 21 0 fe3a41 42 0
9fc749 70 301c5c 35 0 9fc749 70 0
d3f8e9 201 56038c 101 0 d3f8e9 201 0
8a7f1d 90 c53f8e 45 1 8a7f1d 90 0
914fe3 140 c8a7f1 70 0 914fe3 140 0
4dd604 18 d914fe 137 1 26eb02 137 0
69bac1 163 74dd61 210 1 8b229f 210 0
5d3759 117 916453 187 1 6e9bad 187 0
3ba6ec 47 5dd376 152 1 a22c8a 152 0
e88b22 102 f44591 51 0 e88b22 102 0
dd1164 141 ae88b2 71 1 dd1164 141 0
cba22c 18 e5d116 9 1 cb2f43 18 0
997445 3 8cba22 2 1 a62e68 2 0
200000 0 c00000 0 0 100000 0 7
7b9a2f 193 8232e8 225 0 8232e8 225 0
808cba 57 80465d 29 0 808cba 57 0
801197 8 3ff735 4 1 8c1224 8 0
f00232 65 b80119 33 0 f00232 65 0
8e0046 137 78ffdd 69 1 8e0046 137 0
7e3ff8 82 c0e004 169 0 c0e004 169 0
6fc7ff 171 881c00 214 0 881c00 214 0
a20700 182 d10380 91 0 a20700 182 0
2bbf20 151 aa2070 204 0 aa2070 204 0
1577e4 179 4abbf2 218 1 b5440e 218 0
52aefd 119 96a881 188 0 96a881 188 0
e5aa20 175 4d2af0 88 0 e5aa20 175 0
134abc 214 09a55e 235 1 f65a9b 235 0
226958 123 5134ac 190 0 5134ac 190 0
abb2d5 240 2a2696 120 1 abb2d5 240 0
0a89a6 222 fabb2d 239 0 fabab2 239 0
215135 60 ef5765 158 0 ef5765 158 0
442a27 168 ddeaec 212 0 ddeaec 212 0
f77abb 53 bbbd5d 27 0 f77abb 53 0
ceef57 7 588855 4 1 e3de4c 7 0
e9ddea 65 b4eef5 33 0 e9ddea 65 0
8d3bbd 9 796222 5 1 95a59b 9 0
81a777 66 3f2c45 33 1 81a777 66 0
9034ee 201 77e589 101 1 9034ee 201 0
7df963 90 3efcb2 173 1 c1034e 173 0
9040d3 108 c82069 54 0 9040d3 108 0
4df7e6 14 d9040d 135 0 d9040d 135 0
29befd 34 14df7f 145 0 14df7f 145 0
6537e0 101 729bf0 179 0 729bf0 179 0
c35904 109 5e537e 55 1 c35904 109 0
3794e0 78 1bca70 167 0 1bca70 167 0
d90d64 106 ec86b2 53 1 d90d64 106 0
64de54 142 326f2a 199 1 cd90d6 199 0
2c9bcb 242 e9b21a 249 1 14a71e 249 0
9a6c86 191 72c9bd 96 1 9a6c86 191 0
1cb270 88 f1a6c8 172 0 f1a6c8 172 0
03964e 43 be34d9 150 0 be34d9 150 0
5072ca 166 d7c69b 211 1 283965 211 0
d5f1a6 181 55072d 91 1 d5f1a6 181 0
cabe34 87 5aa0e6 44 1 cabe34 87 0
e957c6 203 4b541d 102 1 e957c6 203 0
ad2af8 218 296a84 109 0 ad2af8 218 0
95a55f 220 cad2af 110 1 95a55f 220 0
4d4b55 156 d95a55 206 0 d95a55 206 0
b65695 180 24d4b6 90 1 b65695 180 0
49352e 87 9b6569 172 0 9b6569 172 0
1926a6 171 4c9353 214 0 4c9353 214 0
acdb2b 118 29926b 59 0 acdb2b 118 0
d59b65 207 aacdb2 104 1 d59b65 207 0
154c94 26 0aa64a 141 1 f559b6 141 0
62a993 100 3154ca 178 1 ceab36 178 0
4c5533 109 99d566 183 1 662a9a 183 0
c67559 46 e33aac 23 0 c6755b 46 0
d8ceab 134 1398ab 67 0 d8ceab 134 0
24e62b 209 ad8cea 233 1 527315 233 0
8b633a 59 85b19d 30 0 8b633a 59 0
a16c67 136 d0b633 68 1 a16c67 136 0
0bd274 145 ba16c6 201 1 45e93a 201 0
717a4f 51 8742d8 154 0 8742d8 154 0
5e2f4a 39 90e85b 148 1 6f17a5 148 0
1bc5ea 165 b21d0b 211 1 4de2f5 211 0
cc8742 53 a643a1 27 0 cc8742 53 0
c990e8 7 5b378c 4 0 b4f7da 7 0
16cde3 193 4b66f2 225 1 b4990e 225 0
72d9bd 121 869321 189 0 869321 189 0
81a4c8 48 c0d264 24 0 81a4c9 48 0
0fcb67 6 07e5b4 131 0 07e5b4 131 0
de0693 97 50fcb7 49 0 de0693 97 0
743f2e 205 7a1f97 231 0 7a1f97 231 0
c1781a 122 e0bc0d 61 0 c1781a 122 0
982f03 144 cc1781 72 0 982f03 144 0
f305e0 18 067d10 9 0 f2891f 18 0
619f44 195 70cfa2 226 1 8f305e 226 0
5c33e9 249 6e19f5 253 1 87a94a 253 0
100000 0 100000 0 0 100000 0 7
f08f30 64 07b868 32 0 f08f30 64 0
01ee1a 200 ff08f3 228 1 00f70d 228 0
003dc4 57 401ee2 157 1 bfe11e 157 0
7007b9 232 c7fc23 244 1 37fadd 244 0
f1ff08 61 b8ff84 31 0 f1ff08 61 0
31c01f 136 e71ff0 196 0 e71ff0 196 0
f9c7fc 177 431c02 89 1 f9c7fc 177 0
8f38ff 87 786381 44 1 8f38ff 87 0
e1e71f 75 4f0c71 38 1 e1e71f 75 0
53c31d 202 29e18f 229 0 29e18f 229 0
6a7864 250 353c32 253 1 b812da 253 0
6d4f0d 128 c95879 192 0 c95879 192 0
0da9e2 176 06d4f1 216 1 f92b0f 216 0
fe4ac3 246 00da9f 123 0 fe4ac3 246 0
dfc958 223 afe4ac 112 0 dfc958 223 0
1406d5 28 f5fc95 142 0 f5fc95 142 0
4280db 164 21406e 210 1 debf92 210 0
b7afe4 117 64280e 59 1 b7afe4 117 0
c6f5fc 79 a37afe 40 1 c6f5fc 79 0
e8debf 10 0b90a1 5 1 f0823a 10 0
9d1bd7 66 ce8deb 33 1 9d1bd7 66 0
93a37a 9 89d1bd 5 0 9c4096 9 0
7d8b91 2 3ec5c9 129 1 c13a37 129 0
6fb173 97 77d8ba 177 1 882746 177 0
8209d1 109 7efb18 55 0 8209d1 109 0
c0413a 206 1fdf63 103 0 c0413a 206 0
27f7d9 90 ec0413 173 1 13fbed 173 0
64fefc 44 cd8082 150 1 327f7e 150 0
b36020 38 d9b010 19 0 b3603b 38 0
d66c04 133 54c9fe 67 1 d66c04 133 0
cacd80 81 a566c0 41 0 cacd80 81 0
76a650 139 7b5328 198 0 7b5328 198 0
5ed4ca 114 2f6a65 185 1 d0959b 185 0
6bda9a 239 75ed4d 248 1 89c8a0 248 0
e284ac 126 0ebdaa 63 1 e284ac 126 0
dc5095 80 11d7b6 40 1 dc5095 80 0
0475ee 202 023af7 229 0 023af7 229 0
9f7142 122 30475f 61 0 9f7142 122 0
93ee28 80 3608ec 40 0 93ee28 80 0
f27dc5 202 06c11e 101 1 f27dc5 202 0
9e4fb8 218 30d824 109 0 9e4fb8 218 0
93c9f7 220 c9e4fb 110 1 93c9f7 220 0
4d86c2 28 d93c9f 142 1 26c361 142 0
b64f27 164 db2793 82 1 b64f27 164 0
49361c 21 649b0e 139 1 9b64f2 139 0
3926c4 227 a36c9e 242 1 5c91d4 242 0
a8db27 189 946d93 95 1 a8db27 189 0
c51b64 152 e28db2 76 1 c51b64 152 0
075c94 19 43ae4a 138 1 bc51b6 138 0
50eb93 227 6875ca 242 1 9788d8 242 0
5a1d73 125 6d0eba 191 1 92f146 191 0
c4bc51 112 e25e28 56 0 c4bc51 112 0
076876 14 fc4bc5 135 0 fc4bc5 135 0
20ed0f 162 ef8978 209 0 ef8978 209 0
9be25e 181 720ed1 91 1 9be25e 181 0
c37c4b 87 a1be25 44 0 c37c4b 87 0
e86f89 139 4bc83c 70 0 e86f89 139 0
ad0df1 210 297908 105 0 ad0df1 210 0
95a1be 91 8ad0df 46 1 95a1be 91 0
5d4bc9 140 d15a1b 198 1 2ea5e5 198 0
b45686 50 da2b43 25 1 b45686 50 0
968ad0 7 74ba98 4 0 852223 7 0
e2d15a 65 4e9753 33 0 e2d15a 65 0
8c5a2b 201 79d2eb 101 0 8c5a2b 201 0
818b45 218 c0c5a2 109 1 818b45 218 0
6fce98 28 37e74c 142 0 37e74c 142 0
4df9d3 228 26fcea 242 1 d9004e 242 0
b640c5 125 9b2062 63 1 b640c5 125 0
c6c818 144 e3640c 72 0 c6c818 144 0
0726fd 18 fc6c81 137 0 fc6c81 137 0
60e4e0 163 8f8d90 210 0 8f8d90 210 0
5c1c9c 53 91f1b2 155 1 6e0e4e 155 0
3b8394 167 5dc1ca 212 1 a23e36 212 0
177073 245 b447c6 251 1 4815fc 251 0
32ee0f 63 a688f8 160 0 a688f8 160 0
165dc2 40 0b2ee1 148 1 f4d11f 148 0
02cbb9 101 4165dd 179 1 be9a23 179 0
cfa688 237 a7d344 119 0 cfa688 237 0
360b2f 158 1b0598 207 0 1b0598 207 0
d93e9a 116 1360b3 58 0 d93e9a 116 0
bb27d3 207 626c17 104 0 bb27d3 207 0
e764fa 90 0c4d83 45 0 e764fa 90 0
9cec9f 204 ce764f 102 1 9cec9f 204 0
4c626d 154 d9cec9 205 0 d9cec9 205 0
9673b2 52 34c627 26 0 9673b2 52 0
b2ce76 71 99673b 36 1 b2ce76 71 0
19a632 9 b32ce7 133 1 4cd319 133 0
8ccb39 162 c6659c 81 0 8ccb39 162 0
6e6699 21 88ccb3 139 1 77334d 139 0
c2332c 163 5ee66a 82 1 c2332c 163 0
57b99b 213 942332 235 1 6bdccb 235 0
3af734 187 a28466 222 1 5d7b9a 222 0
575ee7 184 2baf74 220 0 2baf74 220 0
f51423 247 4575ef 124 0 f51423 247 0
115d7c 95 b75142 176 1 48aebe 176 0
edd450 44 0915d8 22 0 edd44c 44 0
bdba8a 198 dedd45 99 0 bdba8a 198 0
d7b751 153 abdba8 77 0 d7b751 153 0
750916 148 c57b75 202 0 c57b75 202 0
b15edd 51 675092 26 1 b15edd 51 0
59d425 199 9315ed 228 0 9315ed 228 0
1b3a85 185 b262bd 221 0 b262bd 221 0
736751 184 39b3a9 220 1 c64c57 220 0
0e6ceb 247 473676 252 1 b13cf1 252 0
ee3262 255 b71931 128 0 ee3262 255 0
edc64c 160 091cda 80 1 edc64c 160 0
024737 212 01239c 234 0 012398 234 0
bfb719 251 602474 126 0 bfb719 251 0
a7f6e3 224 2c048f 112 0 a7f6e3 224 0
f4fedc 220 fa7f6e 110 1 f4fedc 220 0
416025 156 df4fed 206 0 df4fed 206 0
b7d3fb 180 dbe9fd 90 0 b7d3fb 180 0
b6fa7f 23 6482c1 12 1 b70def 23 0
1920b1 195 4c9059 226 1 b36fa7 226 0
acdbe9 249 966df4 125 0 acdbe9 249 0
7a6483 160 c2cdbe 208 1 3d3242 208 0
0f4c91 52 07a649 154 1 f859b7 154 0
be166d 231 9f0b36 116 1 be166d 231 0
183d33 29 4c1e9a 143 1 b3e166 143 0
ccf859 228 e67c2c 114 0 ccf859 228 0
b99f0b 29 9ccf85 15 0 b9a17e 29 0
c733e1 132 e399f0 66 0 c733e1 132 0
b8e67c 17 638cc2 9 1 b982ef 17 0
871ccf 195 838e67 98 1 871ccf 195 0
5f1c67 25 9071cc 141 0 9071cc 141 0
841c73 164 3df1c7 82 0 841c73 164 0
4f7c72 213 67be39 235 1 9841c4 235 0
39ef8f 123 5cf7c8 190 0 5cf7c8 190 0
a8c20e 112 d46107 56 1 a8c20e 112 0
f51841 14 0573e0 7 0 f32329 14 0
215cf8 194 10ae7c 225 0 10ae7c 225 0
642b9f 121 7215d0 189 0 7215d0 189 0
7c8574 240 3e42ba 248 1 c139cb 248 0
f06f51 126 07c858 63 0 f06f51 126 0
21f216 80 ef06f5 168 0 ef06f5 168 0
043e43 170 021f22 213 1 fde0de 213 0
6087c9 246 3043e5 251 1 cac059 251 0
d3ef06 127 a9f783 64 1 d3ef06 127 0
ea7de0 16 f53ef0 8 0 eb731f 16 0
fd4fbc 2 fd4fbc 1 1 fd4fbc 1 0
c00000 0 8fd4fb 129 1 702b05 129 0
7c0ac2 161 81fa9f 209 1 7e0561 209 0
7f8159 181 7fc0ad 219 1 803f53 219 0
3ff02c 119 5ff816 188 1 a007ea 188 0
e801fa 111 4bff03 56 0 e801fa 111 0
ed003f 206 f6801f 103 1 ed003f 206 0
225ff9 154 112ffd 205 1 eed003 205 0
644c00 244 cdda00 250 0 cb6b30 250 0
4c8980 63 99bb40 160 0 99bb40 160 0
e66ed0 168 0cc898 84 0 e66ed0 168 0
fccdda 85 419913 43 0 fccdda 85 0
306645 203 a7ccdd 230 0 a7ccdd 230 0
560cc9 186 d4f99b 221 1 2b0665 221 0
953e66 184 3560cd 92 1 953e66 184 0
0d5834 87 b953e6 172 1 46ac1a 172 0
11ab07 43 48d584 150 0 48d584 150 0
adca9f 230 d6e54f 115 1 adca9f 230 0
d5b953 157 aadca9 79 0 d5b953 157 0
cab72a 148 e55b95 74 0 cab72a 148 0
b956e5 19 9cab72 10 1 b9088f 19 0
58d524 3 6c6a92 130 1 93956e 130 0
5b1aa5 225 9272ad 241 0 927208 241 0
849cab 61 7db1ab 31 0 849cab 61 0
3f6c6b 72 e049ca 164 1 1fb636 164 0
07ed8e 41 43f6c7 149 0 43f6c7 149 0
70fdb2 230 387ed9 243 1 c77caf 243 0
2e1fb7 253 a8f024 255 0 e8f024 254 0
ca3c09 192 1ae1fc 96 0 ca3c09 192 0
06b87f 88 fca3c0 172 0 fca3c0 172 0
ff28f0 171 bf9478 86 0 ff28f0 171 0
501ae2 22 d7f28f 139 1 280d71 139 0
d5fca3 163 aafe51 82 0 d5fca3 163 0
aabf94 149 955fca 75 1 aabf94 149 0
3aa80e 19 a2abf9 138 0 a2abf9 138 0
a8aafe 35 94557f 18 1 a8aab4 35 0
a5155f 133 6d7551 67 1 a5155f 133 0
c4a2ab 81 a25155 41 0 c4a2ab 81 0
889455 139 844a2a 70 1 889455 139 0
a1128a 18 d08945 9 0 a17acf 18 0
6bddaf 131 8a1128 194 0 8a1128 194 0
5d7bb6 49 914225 153 0 914225 153 0
7baf77 39 7dd7bc 148 0 7dd7bc 148 0
e08a11 101 b04508 51 0 e08a11 101 0
33eebe 141 a608a1 199 0 a608a1 199 0
c98228 178 1b3eec 89 0 c98228 178 0
66cfbb 87 8c9822 172 1 7367de 172 0
e32608 43 4e6cfc 22 0 e32602 43 0
539b3f 198 d63260 227 0 d63260 227 0
d58c98 57 aac64c 29 0 d58c98 57 0
8ab193 8 3aa737 4 0 fcb80d 7 0
f15632 193 4754e7 97 0 f15632 193 0
8e2ac6 217 78ea9d 109 1 8e2ac6 217 0
81c558 92 c0e2ac 46 0 81c558 92 0
b038ab 140 27e3ab 70 0 b038ab 140 0
49f8eb 82 24fc76 169 1 db038a 169 0
693f1e 235 749f8f 246 0 748cb7 246 0
5d27e4 126 2e93f2 191 1 d16c0e 191 0
2ba4fd 112 ea2d81 184 0 ea2d81 184 0
0574a0 174 fd45b0 215 0 fd45b0 215 0
df516c 182 10574a 91 1 df516c 182 0
2415d3 215 adf516 236 1 520ae3 236 0
eb7d45 59 4a415e 30 1 eb7d45 59 0
529058 200 d6b7d4 228 0 d6b7d4 228 0
f5adf5 57 452906 29 1 f5adf5 57 0
714a42 72 c75adf 164 1 38a521 164 0
f1d6b7 41 b8eb5b 21 1 f1d6ab 41 0
71c52a 134 c71d6b 195 1 38e295 195 0
d1c75a 49 a8e3ad 25 0 d1c75b 49 0
8a38eb 7 7ae38b 4 0 f32ab9 6 0
e1471d 65 4f5c72 33 1 e1471d 65 0
73d71d 73 861471 165 0 861471 165 0
81851c 42 c0c28e 21 1 818516 42 0
6fcf5d 134 37e7af 195 0 37e7af 195 0
2df9ec 113 56fcf6 185 1 a9030a 185 0
8a40c2 111 7adf9f 56 0 8a40c2 111 0
1eb7e8 206 f0a40c 231 0 f0a40c 231 0
23d6fd 186 ee1481 221 0 ee1481 221 0
9b8520 56 323d70 28 0 9b8520 56 0
0c8f5c 71 b9b852 164 1 4647ae 164 0
1191ec 41 b7370a 149 1 48c8f6 149 0
72323e 166 c6e6e1 211 0 c6e6e1 211 0
d1b9b8 53 a8dcdc 27 0 d1b9b8 53 0
ca3737 7 a51b9b 4 1 b593c4 7 0
d28dcc 1 200000 0 1 d28dcc 1 0
72d724 129 86946e 193 1 796b92 193 0
7e5ae5 177 7f2d73 217 0 7f2d73 217 0
8034a3 247 7fe5af 124 0 8034a3 247 0
e00694 223 4ffcb6 112 1 e00694 223 0
ec00d2 92 09ff97 46 0 ec00d2 92 0
bd801a 204 dec00d 102 0 bd801a 204 0
484ffd 26 dbd801 141 0 dbd801 141 0
690a00 164 348500 210 0 348500 210 0
b2dec0 245 996f60 123 0 b2dec0 245 0
39a428 31 a32dec 144 0 a32dec 144 0
173485 36 0b9a43 146 0 0b9a43 146 0
bd196f 229 9e8cb7 115 1 bd196f 229 0
c7a32d 157 a3d196 79 1 c7a32d 157 0
c8f465 148 e47a32 74 1 c8f465 148 0
46e174 147 9c8f46 202 1 6370ba 202 0
a723d1 179 9391e8 90 0 a723d1 179 0
5b1b86 151 92723d 204 0 92723d 204 0
e49c8f 179 4db1b9 90 1 e49c8f 179 0
ac9391 87 9649c8 44 0 ac9391 87 0
e59272 11 b2c939 6 0 eb28bc 11 0
acb24e 130 29a6d9 65 1 acb24e 130 0
959649 81 7534dc 41 0 959649 81 0
7d4d37 203 7ea69c 230 0 7ea69c 230 0
a05659 122 d02b2c 61 0 a05659 122 0
6bf535 144 ca0565 200 0 ca0565 200 0
0d7ea7 178 06bf54 217 0 06bf54 217 0
9e502b 119 70d7eb 60 0 9e502b 119 0
1c35fb 207 4e1afe 232 1 b1e502 232 0
1386c0 250 f63ca0 253 0 d8ad78 253 0
9d8f28 64 31386c 32 0 9d8f28 64 0
f3b1e5 72 06270e 36 1 f3b1e5 72 0
fe763c 73 bf3b1e 37 1 fe763c 73 0
8fcec7 138 c7e763 69 1 8fcec7 138 0
91f9d8 18 c8fcec 9 0 925e56 18 0
6dc0c5 3 76e063 130 0 76e063 130 0
5db819 97 6edc0d 177 1 9123f3 177 0
7bb704 109 7ddb82 183 1 82247e 183 0
3f76e1 110 e0448f 183 1 1fbb71 183 0
27eedd 46 13f76f 151 0 13f76f 151 0
db0224 230 ed8112 115 1 db0224 230 0
249fbc 157 524fde 207 1 adb022 207 0
3493f8 116 e5b604 186 0 e5b604 186 0
b96d81 175 634940 88 0 b96d81 175 0
e72db0 214 f396d8 107 0 e72db0 214 0
dce5b6 27 518d25 14 1 dceb2a 27 0
ab9cb6 68 2a31a5 34 1 ab9cb6 68 0
b57396 73 654635 37 1 b57396 73 0
86ae72 202 3ca8c7 101 0 86ae72 202 0
90d5ce 90 379519 45 1 90d5ce 90 0
921ab9 76 c90d5c 38 0 921ab9 76 0
b24357 138 d921ab 69 1 b24357 138 0
96486a 18 34dbcb 9 0 95e2d8 18 0
6d36f3 67 896486 162 1 769b7a 162 0
5da6df 169 912c90 213 0 912c90 213 0
7bb4dc 54 c22592 155 1 3dda6e 155 0
d08964 167 a844b2 84 1 d08964 167 0
ea112c 21 b50896 11 1 e9e3ea 21 0
cd4225 3 595eee 2 1 904957 4 0
a9a844 193 6b2bde 97 1 a9a844 193 0
853508 89 829a84 45 0 853508 89 0
7f595f 140 c05350 198 0 c05350 198 0
4feb2c 50 27f596 153 1 d80a6a 153 0
96029a 103 8b014d 52 0 96029a 103 0
e2c053 141 4e9fd7 71 0 e2c053 141 0
33a7f6 82 19d3fb 169 0 19d3fb 169 0
998b01 235 8cc580 118 0 998b01 235 0
a33160 30 d198b0 15 0 a33303 30 0
2b99d4 132 ea3316 194 1 15ccea 194 0
45733b 177 9d4662 217 1 62b99e 217 0
875198 55 7c5734 28 0 875198 55 0
1f15cd 71 b07519 164 0 b07519 164 0
13e2ba 169 49f15d 213 1 b60ea3 213 0
727c58 246 c6c1d4 251 0 c255b7 251 0
2e4f8b 63 a8d83a 160 1 5727c6 160 0
15c9f2 168 f51b07 212 1 0ae4f9 212 0
fd46c1 181 415ca0 91 0 fd46c1 181 0
305728 215 a7d46c 236 0 a7d466 236 0
e9f51b 59 4b0573 30 0 e9f51b 59 0
52c15d 72 d69f51 164 0 d69f51 164 0
0a582c 169 452c16 213 1 bad3ea 213 0
8eb4fa 118 38a583 59 0 8eb4fa 118 0
2e2961 207 5714b1 232 1 a8eb4f 232 0
15c52d 250 f51d69 253 0 d7d60f 253 0
62b8a6 64 315c53 160 0 315c53 160 0
f3a8eb 104 062b8b 52 0 f3a8eb 104 0
fe751d 205 bf3a8e 103 1 fe751d 205 0
30315d 26 e7e751 141 0 e7e751 141 0
99f9d4 164 330316 82 1 99f9d4 164 0
b33f3a 85 999f9d 43 0 b33f3a 85 0
c667e7 139 a333f3 70 1 c667e7 139 0
573304 146 d4667e 201 1 2b9982 201 0
6ae661 51 757331 154 1 8a8ccf 154 0
a2a333 231 6eae67 116 0 a2a333 231 0
1bab9a 93 b22a33 175 1 4dd5cd 175 0
337574 172 e64546 214 1 19baba 214 0
466eaf 54 dcc8a8 155 0 dcc8a8 155 0
28cdd6 167 ab9915 212 0 ab9915 212 0
eae645 53 b57322 27 1 eae645 53 0
32a338 135 a6ae64 196 0 a6ae64 196 0
165467 49 4b2a34 153 0 4b2a34 153 0
8d3573 103 796547 52 0 8d3573 103 0
e1a6ae 205 4f2ca9 103 1 e1a6ae 205 0
cc34d5 90 19e596 45 1 cc34d5 90 0
667966 76 333cb3 166 0 333cb3 166 0
4ccf2d 234 266797 245 0 265131 245 0
6999e6 254 34ccf3 255 0 800000 0 5
d2ccc3 128 16999f 64 0 d2ccc3 128 0
fa5998 208 fd2ccc 104 0 fa5998 208 0
00b4cd 26 005a67 141 0 005a67 141 0
60169a 100 cff4b3 178 1 300b4d 178 0
4c02d4 45 66016a 151 1 99fe96 151 0
39805b 230 1cc02e 243 1 e3399e 243 0
d8cff4 125 539806 63 1 d8cff4 125 0
cb19fe 208 e58cff 104 1 cb19fe 208 0
069cc1 26 fcb19f 141 1 034e61 141 0
60d399 164 cf9633 210 1 3069cd 210 0
4c1a74 181 99f2c6 219 1 660d3a 219 0
c67cb1 183 5cc1a8 92 0 c67cb1 183 0
e8cf96 215 4b9835 108 1 e8cf96 215 0
12e60e 219 497307 238 0 4972e9 238 0
525cc2 252 292e61 254 1 ab68d0 254 0
100000 0 100000 0 1 100000 0 7
094974 192 fb5b46 224 1 04a4ba 224 0
01292f 56 009498 156 0 009498 156 0
002526 231 bfed6d 244 0 bfe56e 244 0
effb5b 61 b7fdad 31 0 effb5b 61 0
cdff6b 136 19004b 68 0 cdff6b 136 0
064013 209 43200a 233 1 bcdff5 233 0
8f37fd 123 879bfe 62 1 8f37fd 123 0
a1e6ff 144 2f0c81 72 1 a1e6ff 144 0
f43cdf 210 05e191 105 1 f43cdf 210 0
617865 91 8f43cd 174 0 8f43cd 174 0
a3d0f3 172 2e1787 86 0 a3d0f3 172 0
4b85e2 214 25c2f1 235 1 da3d09 235 0
d68f43 123 54b85f 62 0 d68f43 123 0
552e18 208 d568f4 232 0 d568f3 232 0
f55a3d 58 faad1e 29 1 f55a3d 58 0
6154b9 8 cf55a3 132 1 30aa5d 132 0
f3d568 161 b9eab4 81 0 f3d568 161 0
718553 21 78c2aa 139 1 873d56 139 0
c1cf55 99 a0e7aa 50 1 c1cf55 99 0
a839ea 13 6be30b 7 0 a5e976 13 0
c5073d 194 e2839e 97 1 c5073d 194 0
675f19 153 73af8d 205 1 8c5073 205 0
7cebe4 116 3e75f2 186 1 c18a0e 186 0
b06283 111 67cebf 56 0 b06283 111 0
19f3b0 206 0cf9d8 231 0 0cf9d8 231 0
233e76 250 119f3b 253 0 7b0385 254 0
100000 0 cdcc18 128 0 100000 0 7
0c8cfa 32 06467d 144 1 f9b983 144 0
fe6e60 228 ff3730 114 0 fe6e60 228 0
bfcdcc 157 9fe6e6 79 1 bfcdcc 157 0
c7f9b9 20 e3fcdc 10 0 c832b8 20 0
4700c9 131 638065 194 1 9c7f9b 194 0
a71fe6 241 6c700d 121 1 a71fe6 241 0
84e3fc 223 8271fe 112 1 84e3fc 223 0
e09c7f 28 0fb1c1 14 1 e0a040 28 0
43ec71 68 21f639 162 1 de09c7 162 0
b78271 233 643ec8 117 0 b78271 233 0
86f04e 222 c37827 111 1 86f04e 222 0
2f21f7 156 e86f04 206 0 e86f04 206 0
ba1bc1 180 22f220 90 0 ba1bc1 180 0
48bc88 87 645e44 172 0 645e44 172 0
191791 235 b37437 246 1 4c6eec 246 0
5322f3 62 d66e86 159 1 29917a 159 0
2a645f 40 153230 148 0 153230 148 0
fab374 229 42a646 115 1 fab374 229 0
cf566e 93 a7ab37 47 1 cf566e 93 0
361533 12 e4f566 134 1 1b0a9a 134 0
b93d59 34 dc9eac 17 0 b93dc7 34 0
9727ab 5 8b93d5 3 0 ba0ca0 5 0
c2e4f5 129 a1727a 65 1 c2e4f5 129 0
77a362 145 842e4f 201 1 7bd1b1 201 0
810b93 179 8085c9 90 0 810b93 179 0
5fde8e 151 6fef47 204 0 6fef47 204 0
e4042e 115 4dfde9 58 1 e4042e 115 0
537f7b 79 69bfbe 168 1 964042 168 0
1a6ff0 234 0d37f8 245 0 0d1b46 245 0
9cb202 254 31a6ff 127 0 9cb202 254 0
d39640 96 1634e0 48 0 d39640 96 0
058d38 204 02c69c 230 0 02c69c 230 0
40b1a7 122 dfa72c 189 0 dfa72c 189 0
97e9cb 48 340b1b 24 0 97e9ca 48 0
0d02c7 198 068164 227 0 068164 227 0
21a059 121 af2fd3 189 1 50d02d 189 0
8bcbf4 48 3a1a06 24 1 8bcbf5 48 0
f1797e 70 074341 35 1 f1797e 70 0
21d0d1 201 50e869 229 1 af1797 229 0
743a1b 250 3a1d0e 253 1 b46a35 253 0
6e8744 128 3743a2 192 1 c8bc5e 192 0
f22f17 112 f9178b 56 1 f22f17 112 0
01ba1e 142 ff22f1 199 0 ff22f1 199 0
203744 50 101ba2 153 1 efe45e 153 0
6406e9 103 720375 180 1 8dfc8b 180 0
1c80de 109 b1bf91 183 0 b1bf91 183 0
cc6fe4 46 19c80e 23 1 cc6fe6 46 0
267204 70 133902 163 1 ecc6fe 163 0
24ce41 233 ad98df 245 1 52596e 245 0
7499c9 62 3a4ce5 159 1 c5b31b 159 0
2e933a 232 e8b663 244 1 173c86 244 0
fa2d98 189 42e934 95 0 fa2d98 189 0
30ba4d 216 185d27 236 0 185d1a 236 0
06174a 251 bcf45b 254 1 23ce8e 254 0
af3d16 64 286175 32 1 af3d16 64 0
0a185e 200 050c2f 228 0 050c2f 228 0
01430c 249 bf5e7a 253 1 30b5b7 253 0
8fd79e 192 c7ebcf 96 1 8fd79e 192 0
f1faf3 152 070287 76 0 f1faf3 152 0
fe3f5e 83 bf1faf 42 1 fe3f5e 83 0
503815 139 97e3f5 198 0 97e3f5 198 0
5a0703 50 d2fc7e 153 1 2d0382 153 0
94bf1f 39 75a071 20 1 94bf30 39 0
1d681d 197 4eb40f 227 0 4eb40f 227 0
cc52fc 249 a6297e 125 1 cc52fc 249 0
898a5f 32 3b3ad1 16 1 898b24 32 0
0eceb5 196 f898a5 226 0 f898a5 226 0
41d9d7 185 60ecec 221 0 60ecec 221 0
783b3b 248 3c1d9e 252 1 bb6616 252 0
0f0768 127 4783b4 192 0 4783b4 192 0
11e0ed 112 08f077 184 0 08f077 184 0
023c1e 238 fee1f1 247 0 fe630f 247 0
204784 190 1023c2 223 1 efdc3e 223 0
dbf70f 120 120479 60 1 dbf70f 120 0
fb7ee1 79 bdbf70 40 0 fb7ee1 79 0
ef6fdc 10 084812 5 1 f72d9b 10 0
9dedfb 66 310903 33 0 9dedfb 66 0
6c4241 201 762121 229 1 89dedf 229 0
8277b7 122 3ec425 61 1 8277b7 122 0
6fb10a 80 37d885 168 1 c8277b 168 0
f209de 106 06fb11 53 1 f209de 106 0
61bec5 206 cf209d 231 0 cf209d 231 0
2c37d9 58 e9e413 157 1 161bed 157 0
9a7904 40 32c37e 20 1 9a7911 40 0
0cb0e0 69 b9a790 163 0 b9a790 163 0
31961c 41 58cb0e 149 1 a734f2 149 0
89cd3c 102 c4e69e 51 1 89cd3c 102 0
d139a7 141 57632d 71 1 d139a7 141 0
ca2734 210 e5139a 105 1 ca2734 210 0
66bb1a 155 8ca273 206 1 735d8d 206 0
a3289c 52 d1944e 26 1 a3289c 52 0
4b9aed 135 65cd77 196 0 65cd77 196 0
e68ca2 241 4cb9af 121 0 e68ca2 241 0
8cd194 95 799736 48 1 8cd194 95 0
e19a32 76 0f32e7 38 0 e19a32 76 0
bc3346 202 21e65d 101 1 bc3346 202 0
978668 218 cbc334 109 0 978668 218 0
92f0cd 156 36879a 78 1 92f0cd 156 0
b25e19 212 26d0f4 106 0 b25e19 212 0
49b43d 91 64da1f 174 0 64da1f 174 0
593688 108 2c9b44 182 0 2c9b44 182 0
b4d92f 238 da6c97 119 1 b4d92f 238 0
2964db 30 eb4d92 143 1 14b26e 143 0
252c9c 36 ed69b2 146 1 12964e 146 0
44a594 165 9dad36 211 1 6252ca 211 0
c76b4d 181 5c4a5a 91 1 c76b4d 181 0
371297 215 a476b4 236 0 a476ae 236 0
16e253 59 4b712a 158 1 b48ed6 158 0
ad23b5 232 296e26 116 1 ad23b5 232 0
0a5b8a 221 452dc5 239 1 bad1fe 239 0
ceb48e 252 18a5b9 126 1 ceb48e 252 0
b9d691 224 dceb48 112 0 b9d691 224 0
08c52e 156 046297 206 0 046297 206 0
4118a6 244 df73ad 250 0 dc7810 250 0
b7dceb 63 9bee75 32 0 b7dceb 63 0
190463 136 f37dce 196 1 0c8232 196 0
fcdf73 49 419047 25 0 fcdf72 49 0
8f9bee 199 783209 100 1 8f9bee 199 0
e1f37d 217 b0f9be 109 1 e1f37d 217 0
8c3e6f 156 39e0c9 78 1 8c3e6f 156 0
b187cd 84 d8c3e6 42 1 b187cd 84 0
b630f9 139 9b187c 70 0 b630f9 139 0
a6c61f 18 2c9cf1 9 1 a72fd1 18 0
94d8c3 67 8a6c61 34 0 94d8c3 67 0
5d64e8 137 914d8c 197 0 914d8c 197 0
7bac9d 50 c229b1 153 0 c229b1 153 0
6f7594 167 884536 212 1 77baca 212 0
1deeb3 53 4ef75a 155 1 b108a6 155 0
cc4229 103 59deec 52 0 cc4229 103 0
1677bb 77 4b3bde 167 1 b4c422 167 0
32cef8 106 19677c 181 0 19677c 181 0
99a621 110 332cf0 55 0 99a621 110 0
2ccb3c 206 e99a62 231 1 16659e 231 0
da6698 186 12ccb4 93 0 da6698 186 0
9b4cd3 88 325997 44 0 9b4cd3 88 0
f3699a 203 464b33 102 0 f3699a 203 0
ae6d33 218 d73699 109 0 ae6d33 218 0
6a325a 28 cae6d3 142 1 35192d 142 0
b2b9b4 36 26a326 18 1 b2b9ea 36 0
b65736 197 64d465 99 1 b65736 197 0
39351a 89 5c9a8d 173 1 a36573 173 0
7726a4 108 c46cae 182 1 3b9352 182 0
4ee4d5 174 27726b 215 0 27726b 215 0
d62365 246 14ee4e 123 1 d62365 246 0
dac46c 95 529dca 48 1 dac46c 95 0
14a773 204 f5ac46 230 1 0a53ba 230 0
4294ef 186 deb588 221 0 deb588 221 0
68529e 184 34294f 220 0 34294f 220 0
0d0a54 247 46852a 252 1 b1e329 252 0
11a14b 127 48d0a6 192 1 b72f5a 192 0
edcbd6 112 f6e5eb 56 1 edcbd6 112 0
024686 14 012343 135 0 012343 135 0
dfb72f 226 efdb97 113 1 dfb72f 226 0
64091b 157 8dfb72 207 1 72048e 207 0
3c8124 52 e1bf6e 154 1 1e4092 154 0
479025 167 9c37ed 212 0 9c37ed 212 0
e70dfb 53 4c7903 27 0 e70dfb 53 0
cce1bf 71 598f21 36 1 cce1bf 71 0
1663c9 73 b4ce1b 165 1 4b31e5 165 0
72cc7a 42 c699c3 149 1 39663d 149 0
91a670 166 372cc8 83 0 91a670 166 0
d234ce 85 56e599 43 1 d234ce 85 0
35b967 75 5adcb4 166 0 5adcb4 166 0
56b72d 234 2b5b97 245 0 2b466e 245 0
6ad6e6 254 ca948d 255 0 800000 255 0
d2a523 192 e95291 96 0 d2a523 192 0
fa54a4 152 fd2a52 76 1 fa54a4 152 0
ff4a94 19 405ab6 10 1 ffaa67 19 0
afe952 195 97f4a9 98 0 afe952 195 0
5a02d6 153 92fe95 205 0 92fe95 205 0
7b405b 52 c25fd2 154 1 3da02e 154 0
4f680c 167 984bfa 212 1 67b406 212 0
e612fe 53 b3097f 27 1 e612fe 53 0
333da1 135 599ed1 196 1 a6612f 196 0
1667b5 241 b4cc25 249 0 b3e28d 249 0
72ccf7 191 869984 224 0 869984 224 0
e1a661 184 f0d330 92 0 e1a661 184 0
fc34cc 151 be1a66 76 1 fc34cc 151 0
107967 19 b7c34c 138 0 b7c34c 138 0
adf0d3 163 96f869 82 0 adf0d3 163 0
a5be1a 149 92df0d 75 0 a5be1a 149 0
3b483d 19 a25be1 138 0 a25be1 138 0
576908 35 6bb484 146 0 6bb484 146 0
5aed21 229 92896f 243 1 6d73fd 243 0
c4a25b 61 5daed3 31 0 c4a25b 61 0
376bb5 200 1bb5db 228 0 1bb5db 228 0
f91289 121 bc8944 61 0 f91289 121 0
70ddaf 144 386ed8 200 0 386ed8 200 0
0e1bb6 114 070ddb 185 0 070ddb 185 0
61c377 239 70e1bc 248 0 70929e 248 0
1c386f 254 f1e3c8 255 0 ffffff 254 0
23870e 192 ee3c79 224 0 ee3c79 224 0
fb8f1e 184 023871 92 1 fb8f1e 184 0
ff71e3 215 bfb8f1 108 0 ff71e3 215 0
efee3c 155 4808e2 78 1 efee3c 155 0
adfdc7 212 d6fee3 106 1 adfdc7 212 0
4a4048 27 652024 142 0 652024 142 0
a6b7f7 100 d35bfb 50 1 a6b7f7 100 0
b4d6fe 141 659481 71 1 b4d6fe 141 0
c69adf 210 1cb291 105 1 c69adf 210 0
98d35b 91 8c69ad 46 0 98d35b 91 0
a31a6b 140 2e72cb 70 0 a31a6b 140 0
b4634d 82 25ce5a 41 1 b4634d 82 0
697397 75 74b9cc 166 0 74b9cc 166 0
a2d18d 106 d168c6 53 1 a2d18d 106 0
945a31 14 35d2e8 7 0 92c5d7 14 0
d28b46 194 e945a3 97 1 d28b46 194 0
9a5168 25 8d28b4 13 0 9a5a3b 25 0
7cb5d3 4 c1a516 130 1 3e5aea 130 0
4f96bb 161 9834a2 209 1 67cb5e 209 0
860d28 53 7cf96c 27 0 860d28 53 0
c0c1a5 199 a060d2 100 1 c0c1a5 199 0
17e7cc 25 b40c1a 141 1 4bf3e6 141 0
8d0306 164 397e7d 82 1 8d0306 164 0
b1a060 213 672fd0 107 0 b1a060 213 0
c6340c 219 5ce5fa 110 1 c6340c 219 0
a8c681 92 d46340 46 0 a8c681 92 0
4ae730 140 da8c68 198 0 da8c68 198 0
495ce6 50 24ae73 153 0 24ae73 153 0
96d463 231 8b6a31 116 0 96d463 231 0
1d2574 157 4e92ba 207 1 b16d46 207 0
33a4af 116 19d258 186 0 19d258 186 0
467496 111 9cc5b5 184 0 9cc5b5 184 0
18ce93 46 0c674a 151 1 f398b6 151 0
2319d3 102 ee7316 179 1 118cea 179 0
db9cc5 173 52319e 87 1 db9cc5 173 0
348c68 86 1a4634 171 0 1a4634 171 0
26918d 107 acb739 182 0 acb739 182 0
54d232 46 2a6919 151 1 d596e7 151 0
2a9a47 230 eab2dc 243 0 eaac31 243 0
daacb7 189 ad565b 95 1 daacb7 189 0
34aa6a 24 1a5535 140 1 e5aacb 140 0
f96ab2 99 434aa7 50 0 f96ab2 99 0
af2d56 205 9796ab 103 1 af2d56 205 0
c5e5aa 154 e2f2d5 77 0 c5e5aa 154 0
98bcb5 20 cc5e5a 10 1 98899d 20 0
4ce86a 131 667435 194 1 998bcb 194 0
a662f2 113 6cce87 57 0 a662f2 113 0
7b33a2 207 7d99d1 232 1 82662f 232 0
e0998b 122 f04cc5 61 0 e0998b 122 0
63eccf 144 ce0998 200 0 ce0998 200 0
0c7d9a 50 f9c133 153 1 063ecd 153 0
9e704c 39 70c7da 20 1 9e705e 39 0
e3ce09 197 4e18fc 99 0 e3ce09 197 0
cc79c1 217 59c320 109 0 cc79c1 217 0
898f38 92 c4c79c 46 0 898f38 92 0
b131e7 12 27670d 6 1 b4944b 12 0
b6263c 66 24ece2 33 1 b6263c 66 0
96c4c7 201 749d9d 101 1 96c4c7 201 0
7d2768 90 3e93b4 173 0 3e93b4 173 0
6fa4ed 236 37d277 246 0 37ae60 246 0
b20b62 254 d905b1 127 0 b20b62 254 0
29be94 160 14df4a 208 1 eb20b6 208 0
0537d3 244 029bea 250 1 f978f5 250 0
bf5905 255 9fac82 128 1 bf5905 255 0
1814e0 160 f3f590 208 0 f3f590 208 0
fcfd64 180 fe7eb2 90 1 fcfd64 180 0
bf9fac 23 60302a 12 1 bfb3a6 23 0
e7f3f5 195 4c0606 98 1 e7f3f5 195 0
acfe7e 217 967f3f 109 1 acfe7e 217 0
859fcf 28 3d3019 14 1 85a2da 28 0
4f4c07 196 d859fc 226 0 d859fc 226 0
49e981 57 9b0b3f 157 1 64f4c1 157 0
793d31 40 c36167 148 1 3c9e99 148 0
f0d859 37 b86c2c 19 0 f0d887 37 0
31e4f5 133 58f27b 195 0 58f27b 195 0
c9c361 241 5b1e50 121 0 c9c361 241 0
89386c 223 849c36 112 1 89386c 223 0
1ed8f3 156 f09386 206 1 0f6c7a 206 0
bc24e1 180 21ed90 90 0 bc24e1 180 0
487b64 215 9bc24e 236 1 643dac 236 0
190f6d 59 b37849 158 0 b37849 158 0
5321ee 168 d66f09 212 0 d66f09 212 0
f59bc2 181 bacde1 91 0 f59bc2 181 0
314c88 23 a759bc 140 0 a759bc 140 0
162991 163 4b14c9 210 1 b4eb37 210 0
52c533 117 69629a 187 1 969d66 187 0
3a58a7 239 5d2c54 248 0 5cc980 248 0
174b15 126 f45a75 191 0 f45a75 191 0
dd169d 48 1174b2 24 1 dd169e 48 0
045d2d 70 022e97 163 0 022e97 163 0
df745a 105 afba2d 53 0 df745a 105 0
741175 14 c5f745 135 0 c5f745 135 0
d17dd1 34 e8bee8 17 0 d17e45 34 0
65d046 5 72e823 131 0 72e823 131 0
c345f7 225 a1a2fb 113 1 c345f7 225 0
779742 157 7bcba1 207 1 84345f 207 0
c10d17 116 1f7975 58 1 c10d17 116 0
47de5e 207 63ef2f 232 0 63ef2f 232 0
18fbcc 122 f3821a 189 1 0c7de6 189 0
631f7a 176 ce7043 216 1 318fbd 216 0
0c63f0 54 f9ce08 155 0 f9ce08 155 0
218c7e 167 af39c1 212 0 af39c1 212 0
143190 53 4a18c8 155 0 4a18c8 155 0
cd79ce 231 594319 116 1 cd79ce 231 0
1650c7 221 4b2864 239 0 4b282a 239 0
32ca19 124 e69af3 190 1 19650d 190 0
465944 176 dcd35e 216 1 232ca2 216 0
08cb29 182 046595 219 1 fb9a6b 219 0
211966 247 af734d 252 0 a87c18 252 0
14232d 191 4a1197 224 0 4a1197 224 0
128466 120 f6bdcd 188 0 f6bdcd 188 0
02508d 175 412847 216 0 412847 216 0
104a12 118 082509 187 1 f7daf7 187 0
220943 111 aefb5e 184 1 5104a2 184 0
ebbed7 46 f5df6b 23 1 ebbed5 46 0
228826 134 eebbed 195 0 eebbed 195 0
dbaefb 49 522883 25 0 dbaefa 49 0
8b75df 199 7a4511 100 1 8b75df 199 0
1e9145 217 4f48a3 237 0 4f4895 237 0
73d229 124 c616eb 190 1 39e915 190 0
4e7a46 176 d8c2dd 216 0 d8c2dd 216 0
09cf49 182 fb185b 219 1 04e7a5 219 0
2139ea 183 509cf5 220 1 af630b 220 0
ebd8c2 119 4a139f 60 0 ebd8c2 119 0
1284e8 79 494274 168 0 494274 168 0
12509d 234 09284f 245 0 090a99 245 0
624a14 126 cedaf6 191 1 31250a 191 0
d3b6bd 48 1624a2 24 1 d3b6be 48 0
fa76d7 198 02c495 99 1 fa76d7 198 0
df4eda 217 505893 109 0 df4eda 217 0
741625 92 3a0b13 174 0 3a0b13 174 0
4e82c5 108 274163 182 0 274163 182 0
49d059 110 db17d3 183 1 24e82d 183 0
d6c5f4 46 149d06 23 1 d6c5f6 46 0
252742 198 1293a1 227 1 ed6c5f 227 0
db5b17 249 525275 125 1 db5b17 249 0
8b6b62 224 c5b5b1 112 0 8b6b62 224 0
0e9294 28 f8b6b6 142 1 07494a 142 0
41d253 36 20e92a 146 1 df16d6 146 0
483a4b 229 641d26 243 1 9bdffb 243 0
39074a 125 a37c5b 191 1 5c83a5 191 0
c8df16 48 e46f8b 24 1 c8df15 48 0
f91be2 6 03720f 3 0 d98a24 6 0
df237c 65 506e42 33 1 df237c 65 0
741b91 73 7a0dc9 165 1 85f237 165 0
7e8373 234 c0be46 245 1 3f318a 245 0
6fd06f 190 37e838 223 0 37e838 223 0
2dfa0e 248 e902f9 252 0 dbe29a 252 0
05bf42 63 bd205f 160 1 42dfa1 160 0
ef4817 40 f7a40b 20 1 ef4808 40 0
fde902 133 410b7f 67 0 fde902 133 0
cfbd20 81 a7de90 41 0 cfbd20 81 0
89f7a4 11 7b042e 6 1 8e1f83 11 0
5ec10c 194 d09f7a 225 1 2f6086 225 0
9427de 57 75ec11 29 1 9427de 57 0
7d7b05 72 3ebd83 164 0 3ebd83 164 0
f0509f 105 47d7b1 53 1 f0509f 105 0
8e0a13 78 38faf7 39 0 8e0a13 78 0
d1c142 74 171f5f 37 0 d1c142 74 0
65c7d8 74 cd1c14 165 0 cd1c14 165 0
6cb8fb 170 365c7e 213 1 c9a382 213 0
6d9720 246 36cb90 251 0 323849 251 0
d24d1c 127 56d972 64 1 d24d1c 127 0
ea49a3 208 f524d1 104 0 ea49a3 208 0
02b6cc 26 015b66 141 1 fea49a 141 0
6056da 228 302b6d 242 1 cfd214 242 0
b3f524 253 66056e 127 1 b3f524 253 0
c67ea4 224 1cc0ae 112 1 c67ea4 224 0
07302c 92 fc67ea 174 1 039816 174 0
40e606 44 207303 150 0 207303 150 0
481cc1 230 240e61 243 1 dbebe0 243 0
290399 125 5481cd 191 1 ab7e33 191 0
cadf8c 240 1a903a 120 1 cadf8c 240 0
f95bf1 94 fcadf8 47 0 f95bf1 94 0
df2b7e 12 ef95bf 6 1 db6d27 12 0
441a91 130 220d49 193 1 ddf2b7 193 0
688353 113 7441aa 185 1 8bbe56 185 0
82ef95 111 8177ca 56 1 82ef95 111 0
e05df2 14 f02ef9 7 0 e23e50 14 0
23f442 2 ee05df 129 1 11fa21 129 0
647e89 33 723f45 145 1 8dc0bb 145 0
83702e 229 81b817 115 1 83702e 229 0
c06e05 157 5fc8fe 79 1 c06e05 157 0
37f240 212 1bf920 234 0 1bf91d 234 0
b901b8 123 9c80dc 62 0 b901b8 123 0
58dfc9 16 d3901b 136 1 2c6fe5 136 0
0b1bfa 34 058dfd 145 1 fa7203 145 0
9e9c80 101 8f4e40 51 0 9e9c80 101 0
c3d390 141 a1e9c8 71 0 c3d390 141 0
c87a72 146 1bc2c7 73 0 c87a72 146 0
66f0b2 83 8c87a7 170 1 737859 170 0
5cde17 171 9190f4 214 0 9190f4 214 0
a4643d 182 2dcde2 91 1 a4643d 182 0
2b7379 215 55b9bd 236 1 aa463c 236 0
ea9190 251 b548c8 126 0 ea9190 251 0
ad5232 160 d6a919 80 0 ad5232 160 0
0a55ba 20 fad523 138 1 052add 138 0
414ab8 35 9f5aa4 146 0 9f5aa4 146 0
a7d6a9 165 93eb54 83 0 a7d6a9 165 0
3b052b 21 5d8296 139 1 a27d6a 139 0
c89f5a 99 5bb053 50 0 c89f5a 99 0
a913eb 77 9489f5 39 0 a913eb 77 0
c5227d 138 1d6ec2 69 1 c5227d 138 0
675bb1 210 33add9 233 1 cc5226 233 0
931489 251 898a44 126 0 931489 251 0
5d9d6f 160 2eceb8 208 0 2eceb8 208 0
f44c52 116 05d9d7 58 0 f44c52 116 0
417676 207 9f44c5 232 0 9f44c5 232 0
182ecf 58 f3e898 157 0 f3e898 157 0
9cfa26 40 3182ed 20 1 9cfa33 40 0
f39f44 69 b9cfa2 35 1 f39f44 69 0
318c18 9 a739f4 133 0 a739f4 133 0
763183 34 c4e73e 145 1 3b18c2 145 0
6ec631 165 776319 211 1 889ce7 211 0
3dd8c7 117 a1139c 187 0 a1139c 187 0
c844e7 175 a42273 88 1 c844e7 175 0
e9089c 150 0b7bb2 75 1 e9089c 150 0
dd2113 83 ae9089 42 0 dd2113 83 0
aba422 139 6a2def 70 0 aba422 139 0
a57484 210 d2ba42 105 1 a57484 210 0
6b5170 155 75a8b8 206 0 75a8b8 206 0
a295d2 116 2eb517 58 0 a295d2 116 0
4bad46 79 65d6a3 168 0 65d6a3 168 0
1975a9 234 0cbad5 245 1 f3285a 245 0
632eb6 126 ce68a5 191 0 ce68a5 191 0
2c65d7 176 e9cd14 216 0 e9cd14 216 0
fa7345 54 02c65e 27 1 fa7345 54 0
df4e68 199 afa734 100 0 df4e68 199 0
141633 25 b5f4e6 141 1 4a0b1a 141 0
7282c7 36 c6be9c 146 0 c6be9c 146 0
b1afa7 165 67282d 83 1 b1afa7 165 0
39ca0c 213 5ce506 235 1 a31af7 235 0
c8c6be 123 a4635f 62 1 c8c6be 123 0
56e729 144 2b7395 200 1 d48c6b 200 0
0adce6 114 056e73 185 0 056e73 185 0
9ea463 111 70adcf 56 0 9ea463 111 0
e3d48c 78 0e15ba 39 1 e3d48c 78 0
23856f 74 11c2b8 165 0 11c2b8 165 0
6470ae 106 323857 181 0 323857 181 0
9371ea 238 36470b 119 0 9371ea 238 0
2d91c3 222 e9371e 239 1 16c879 239 0
da4dc7 60 12d91d 30 1 da4dc7 60 0
44b648 72 225b24 164 0 225b24 164 0
0896c9 233 bbb49b 245 1 443bee 245 0
7112da 190 38896d 223 1 c77693 223 0
2e225c 120 e8eed2 188 1 17112e 188 0
fa3bb4 175 bd1dda 88 1 fa3bb4 175 0
10b88a 22 085c45 139 1 f7a3bb 139 0
dde8ee 99 510b89 50 1 dde8ee 99 0
abbd1d 77 95de8e 39 1 abbd1d 77 0
c577a3 138 e2bbd1 69 0 c577a3 138 0
67510c 146 33a886 201 1 cc577a 201 0
9315de 243 898aef 122 1 9315de 243 0
a262bb 31 91315d 16 0 a263dd 31 0
1bb3a9 4 f2262b 130 1 0dd9d5 130 0
437676 33 61bb3b 145 0 61bb3b 145 0
879131 101 83c898 51 0 879131 101 0
3f0dda 13 5f86ed 135 1 a07913 135 0
c81e44 98 e40f22 49 1 c81e44 98 0
9903c8 141 737e1c 71 0 9903c8 141 0
3cdf87 82 e1903c 169 0 e1903c 169 0
98640f 43 8c3207 22 1 98640b 43 0
5cf37f 134 2e79c0 195 0 2e79c0 195 0
2b9e70 241 55cf38 249 0 54fad6 249 0
8a8c32 255 7ab9e7 128 0 8a8c32 255 0
1eae7a 96 0f573d 176 1 f0a8c3 176 0
fc2a30 108 01eae8 54 0 fc2a30 108 0
bf8546 206 dfc2a3 103 1 bf8546 206 0
280f58 154 1407ac 205 0 1407ac 205 0
9afe15 116 3280f6 58 1 9afe15 116 0
4ca03e 79 99afe1 168 0 99afe1 168 0
199408 42 f335fc 149 0 f335fc 149 0
633281 166 ce66bf 211 1 319941 211 0
2c6651 53 a9ccd7 155 1 563329 155 0
358ccb 39 5ac666 148 1 a5399a 148 0
e94e66 101 4b58cd 51 1 e94e66 101 0
32d634 205 a694e6 231 1 596b1a 231 0
365ac7 186 e4d29c 221 0 e4d29c 221 0
66cb59 184 cc9a53 220 1 3365ad 220 0
0cd96c 55 466cb6 156 1 b9934a 156 0
ee64d2 103 b73269 52 0 ee64d2 103 0
123366 141 4919b3 199 0 4919b3 199 0
cdb993 242 e6dcc9 121 0 cdb993 242 0
99b732 159 8cdb99 80 0 99b732 159 0
1cc91a 20 0e648d 138 1 f19b73 138 0
bc66dc 227 61cc92 114 1 bc66dc 227 0
587325 93 6c3993 175 0 6c3993 175 0
3b0e65 236 1d8733 246 0 1d55f7 246 0
4761cd 254 dc4f19 255 0 ffffff 254 0
d713c6 64 14761d 32 1 d713c6 64 0
051d88 72 fd713c 164 0 fd713c 164 0
ff5c4f 169 bfae27 85 1 ff5c4f 169 0
701477 150 c7f5c4 203 0 c7f5c4 203 0
2e028f 179 a8feb8 218 0 a8feb8 218 0
aa3fae 55 6ae029 28 1 aa3fae 55 0
1ab80b 199 4d5c06 228 1 b2a3fa 228 0
eca8fe 249 b6547f 125 1 eca8fe 249 0
8d951f 160 c6ca8f 80 1 8d951f 160 0
f1b2a3 20 f8d951 10 0 f1f0d9 20 0
41c9ac 131 60e4d6 194 1 9f1b2a 194 0
583936 241 93e365 249 0 933b9e 249 0
84f8d9 63 827c6c 32 0 84f8d9 63 0
1f60e5 136 f04f8d 196 0 f04f8d 196 0
fc13e3 177 be09f1 89 0 fc13e3 177 0
8f827c 151 87c13e 76 1 8f827c 151 0
e1f04f 19 4f07d9 10 1 e248cb 19 0
ac3e09 195 69e0fc 98 0 ac3e09 195 0
5a783f 217 92c3e0 237 0 92c3d6 237 0
84b0f8 60 3da784 30 0 84b0f8 60 0
b0961f 72 d84b0f 36 1 b0961f 72 0
09ed3d 137 bb0961 197 0 bb0961 197 0
8ec258 50 389ed4 25 0 8ec258 50 0
6e27b5 71 7713db 164 0 7713db 164 0
e23b09 105 b11d84 53 0 e23b09 105 0
8c4761 142 c623b0 71 0 8c4761 142 0
d188ec 18 173b8a 9 1 d1fd4e 18 0
65cee3 67 8d188e 162 1 72e772 162 0
a34623 169 91a311 85 0 a34623 169 0
7b973c 150 c23462 203 1 3dcb9e 203 0
d08d18 179 a8468c 90 0 d08d18 179 0
aa11a3 151 6af72f 76 0 aa11a3 151 0
e54234 83 4d5ee6 42 1 e54234 83 0
aca846 203 69abdd 102 1 aca846 203 0
5a6af8 90 2d357c 173 0 2d357c 173 0
94b2a1 108 ca5950 54 0 94b2a1 108 0
4d69ac 142 26b4d6 199 1 d94b2a 199 0
29ad36 114 eb2965 185 0 eb2965 185 0
6535a7 47 8d652c 152 0 8d652c 152 0
e3594b 38 f1aca5 19 0 e35969 38 0
dc6b29 133 51ca6c 67 0 dc6b29 133 0
cb8d65 81 5a394e 41 1 cb8d65 81 0
8971ac 203 84b8d6 102 1 8971ac 203 0
5ed1cb 154 2f68e6 205 1 d0971a 205 0
6bda3a 116 ca12e3 186 1 35ed1d 186 0
4d7b48 47 99425c 152 0 99425c 152 0
19af69 166 0cd7b5 211 1 f3284b 211 0
2335ee 245 ae6509 251 0 aaf1e1 251 0
cb9942 63 5a335f 32 0 cb9942 63 0
168cd8 72 0b466c 164 0 0b466c 164 0
02d19b 105 4168ce 181 1 be9732 181 0
8fa5cc 110 382d1a 55 1 8fa5cc 110 0
2e0b47 78 e8fa5c 167 0 e8fa5c 167 0
25c169 170 ed1f4b 213 1 12e0b5 213 0
9b47d2 182 325c17 91 0 9b47d2 182 0
2c9706 87 a9b47d 172 0 a9b47d 172 0
ea6d1f 43 b5368f 22 1 ea6d19 43 0
52b25d 6 29592f 131 0 29592f 131 0
d5a9b4 225 aad4da 113 1 d5a9b4 225 0
754aca 29 7aa565 143 1 855a9b 143 0
3ea95a 228 1f54ad 242 1 e0a84e 242 0
47d52c 125 9c156a 191 1 63ea96 191 0
38faa6 176 1c7d53 216 0 1c7d53 216 0
071f55 246 fc7055 251 0 f4a950 251 0
20e3eb 63 5071f6 160 1 af8e0a 160 0
ebe382 232 f5f1c1 116 0 ebe382 232 0
028390 157 4141c8 207 0 4141c8 207 0
cfaf8e 244 182839 122 1 cfaf8e 244 0
b9f5f1 95 9cfaf8 48 0 b9f5f1 95 0
18c142 140 0c60a1 198 1 f39f5f 198 0
bce7d7 114 de73eb 57 1 bce7d7 114 0
686306 15 743183 136 0 743183 136 0
1d0c61 98 f179cf 177 1 0e8631 177 0
63a18d 45 8e2f39 151 0 8e2f39 151 0
3c7432 38 e1c5e7 147 1 1e3a19 147 0
d87179 37 ac38bc 19 0 d871a4 37 0
34f1d1 133 5a78e9 195 1 a58717 195 0
369e3b 113 a4b0e2 185 1 5b4f1e 185 0
892c38 47 84961c 24 0 892c39 47 0
e12587 6 f092c3 3 1 c3132f 6 0
47b6a0 1 ae1258 129 0 ae1258 129 0
747b6a 161 7a3db5 209 1 85c24b 209 0
7e8f6e 117 7f47b7 187 0 7f47b7 187 0
c02e12 239 5fe8f7 120 0 c02e12 239 0
17fa3e 94 0bfd1f 175 0 0bfd1f 175 0
dd00b8 108 ee805c 54 0 dd00b8 108 0
445fe9 142 ddd00b 199 1 222ff5 199 0
288bfe 178 1445ff 217 0 1445ff 217 0
651180 247 7288c0 252 0 6db14c 252 0
e35dd0 127 b1aee8 64 0 e35dd0 127 0
ec6bba 16 f635dd 8 0 ed61f0 16 0
027289 130 fec6bb 193 1 013945 193 0
9fb1ae 177 702729 89 1 9fb1ae 177 0
83f635 215 81fb1a 108 1 83f635 215 0
e07ec6 27 b03f63 14 1 e07944 27 0
53f028 4 29f814 130 0 29f814 130 0
b581fb 225 9ac0fd 113 0 b581fb 225 0
794fc1 29 7ca7e1 143 1 83581f 143 0
3f29f9 228 1f94fd 242 1 e06800 242 0
b81ac0 125 9c0d60 63 0 b81ac0 125 0
38fca8 16 1c7e54 136 0 1c7e54 136 0
071f95 226 038fcb 241 0 038dd9 241 0
60e3f3 125 8f8e06 191 1 7071fa 191 0
c3e381 176 1e0e40 88 0 c3e381 176 0
f87c70 214 03c1c8 107 0 f87c70 214 0
20f072 91 af87c7 174 1 507839 174 0
abe1f1 44 2a0f08 22 0 abe1ee 44 0
b57c3e 70 2541e1 35 1 b57c3e 70 0
d6af87 201 ab57c3 101 1 d6af87 201 0
8ad5f0 154 c56af8 77 0 8ad5f0 154 0
915abe 148 c8ad5f 74 1 915abe 148 0
b22b57 147 66ea55 74 1 b22b57 147 0
59ba96 83 9322b5 170 0 9322b5 170 0
a4c8ad 171 6d9baa 86 1 a4c8ad 171 0
5b66eb 86 d24c8a 171 1 2db376 171 0
2b6cde 43 aa4991 150 0 aa4991 150 0
aa9264 38 d54932 19 1 aa9249 38 0
d5524c 5 aaa926 3 1 aaa802 5 0
6aab6e 1 a55524 129 0 a55524 129 0
895549 161 84aaa4 81 0 895549 161 0
7ed557 149 809554 203 0 809554 203 0
3fdaab 51 a012aa 154 1 5fed56 154 0
57fb56 167 6bfdab 212 0 6bfdab 212 0
e50095 117 b2804a 59 1 e50095 117 0
cca012 143 a65009 72 0 cca012 143 0
e99402 146 f4ca01 73 0 e99402 146 0
62cd80 147 8e9940 202 0 8e9940 202 0
a3a650 179 91d328 90 0 a3a650 179 0
5b8b36 151 6dc59b 204 0 6dc59b 204 0
e48e99 243 b2474c 122 0 e48e99 243 0
ac91d3 31 9648e9 16 0 ac9300 31 0
e5923a 4 0d36e3 2 0 a8dff3 4 0
bcb247 65 9e5923 33 1 bcb247 65 0
879648 9 83cb24 5 0 8fd2fa 9 0
80f2c9 2 80f2c8 1 0 c16c2d 2 0
901e59 129 880f2c 65 0 901e59 129 0
7dfc35 17 7efe1b 137 0 7efe1b 137 0
804079 99 80203c 50 0 804079 99 0
5ff7f1 13 6ffbf9 135 1 900407 135 0
c40101 226 1dff80 113 0 c40101 226 0
677fe0 93 73bff0 175 0 73bff0 175 0
3ceffc 236 e18802 246 1 1e473a 246 0
479e00 190 23cf00 223 0 23cf00 223 0
d70c40 120 eb8620 60 0 d70c40 120 0
051e78 15 bd70c4 136 0 bd70c4 136 0
ef5c31 34 f7ae18 17 0 ef5cad 34 0
62147a 5 710a3d 131 1 8ef5c3 131 0
3c4290 97 5e2148 177 0 5e2148 177 0
778852 109 843bd7 183 1 7bc429 183 0
3ef10b 174 e0877a 215 1 1f7886 215 0
27de22 54 ec10ef 155 1 13ef11 155 0
db043b 39 527de3 20 0 db0425 39 0
eb6087 197 4a4fbd 99 1 eb6087 197 0
cd6c10 217 a6b608 109 0 cd6c10 217 0
89ad82 28 c4d6c1 14 0 89b095 28 0
4eca50 132 d89ad8 194 0 d89ad8 194 0
b626b6 177 9b135b 89 1 b626b6 177 0
793b2a 151 83626b 204 1 7c9d95 204 0
1f2766 179 b06c4d 218 0 b06c4d 218 0
ac1b13 55 69f277 28 0 ac1b13 55 0
e58362 199 4d3e4f 100 0 e58362 199 0
134f94 217 49a7ca 237 1 b65827 237 0
8d960d 252 3934fa 126 1 8d960d 252 0
b1b2c1 96 d8d960 48 0 b1b2c1 96 0
09c9a8 140 04e4d4 198 0 04e4d4 198 0
413935 114 209c9b 185 0 209c9b 185 0
682727 111 8bec6c 184 0 8bec6c 184 0
e2fb1b 174 f17d8d 87 0 e2fb1b 174 0
dc5f63 22 11d04f 11 0 dc419d 22 0
247414 67 adc5f6 162 1 523a0a 162 0
548e83 169 95b8be 213 1 6a4742 213 0
7a91d1 54 c2b717 155 1 3d48e9 155 0
2f523b 39 a856e2 148 1 57a91e 148 0
ea15b8 37 4af524 19 0 ea158b 37 0
32bd49 69 a6a15b 163 1 595ea5 163 0
c9a856 169 5b2bd5 85 1 c9a856 169 0
76caf6 86 3b657b 171 0 3b657b 171 0
2ed95f 107 576cb0 182 0 576cb0 182 0
aa24d4 110 d5126a 55 1 aa24d4 110 0
d5449a 142 eaa24d 71 0 d5449a 142 0
25576d 18 ed5449 137 0 ed5449 137 0
64aaee 35 725577 146 0 725577 146 0
5c955e 101 6e4aaf 179 0 6e4aaf 179 0
3b92ac 237 5dc956 247 1 a2058f 247 0
c88daa 126 e446d5 63 0 c88daa 126 0
26ee4b 16 ec88da 136 1 137726 136 0
fb2236 34 026ee5 17 1 fb22b5 34 0
9f6446 69 704ddd 35 1 9f6446 69 0
3c1378 201 5e09bc 229 0 5e09bc 229 0
77826f 250 c43ec8 253 0 b32f16 253 0
6ef04e 64 c887d9 160 0 c887d9 160 0
0dde0a 168 f910fb 212 1 06ef05 212 0
fe443e 53 bf221f 27 1 fe443e 53 0
303779 7 a7e443 132 1 581bbd 132 0
1606f0 161 b4fc88 209 0 b4fc88 209 0
8d3f22 53 869f91 27 0 8d3f22 53 0
c1a7e4 7 5f2c0e 4 1 d5c262 7 0
e834fc 65 b41a7e 33 1 e834fc 65 0
72f961 9 86834f 133 1 797cb1 133 0
7e5f2d 34 c0d069 145 0 c0d069 145 0
90341a 165 77e5f3 83 0 90341a 165 0
c20683 85 5efcbf 43 0 c20683 85 0
c840d0 203 a42068 102 0 c840d0 203 0
56f7e6 154 d4840d 205 0 d4840d 205 0
952103 180 ca9081 90 0 952103 180 0
4d5be0 151 66adf0 204 0 66adf0 204 0
19ab7c 115 b32a42 186 1 4cd5be 186 0
acca90 175 966548 88 0 acca90 175 0
e59952 150 0d3357 75 0 e59952 150 0
dcb32a 83 51a66b 42 0 dcb32a 83 0
54699b 75 95cb32 166 1 6a34ce 166 0
5a8d34 170 d2b966 213 1 2d469a 213 0
94ae59 182 35a8d4 91 0 94ae59 182 0
2d6a35 87 56b51b 172 0 56b51b 172 0
15ad47 235 b5295c 246 0 b50c12 246 0
ad4a57 190 295ad5 95 1 ad4a57 190 0
d5a94a 88 152b5b 44 0 d5a94a 88 0
fab529 203 42a56c 102 0 fab529 203 0
50a95b 218 2854ae 237 1 d7ab3c 237 0
95ead4 124 caf56a 62 1 95ead4 124 0
b2bd5a 144 d95ead 72 0 b2bd5a 144 0
09a855 18 fb2bd5 137 0 fb2bd5 137 0
61350b 163 709a86 210 1 8f657a 210 0
5c26a2 245 6e1351 251 1 8f5d4a 251 0
3b84d5 127 5dc26b 192 0 5dc26b 192 0
17709b 112 f447b2 184 1 0bb84e 184 0
02ee14 46 01770a 151 1 fe88f6 151 0
dfa23d 102 102ee2 51 1 dfa23d 102 0
dbf447 77 5205dd 39 1 dbf447 77 0
348178 74 e5bf44 165 0 e5bf44 165 0
66902f 42 ccb7e8 149 0 ccb7e8 149 0
6cd206 38 c996fd 147 0 c996fd 147 0
2d9a41 37 a932df 147 1 56cd21 147 0
ca4cb7 37 5ad9a5 19 1 ca4ce0 37 0
36b66a 197 5b5b35 227 1 a4a4cb 227 0
36d6ce 249 a49499 253 0 980206 253 0
76dada 64 c49293 160 1 3b6d6d 160 0
0edb5c 168 f89252 212 1 076dae 212 0
01db6c 53 40edb6 155 1 bf124a 155 0
cfc492 231 a7e249 116 0 cfc492 231 0
16076e 29 b4fc49 143 0 b4fc49 143 0
cd3f12 164 196077 82 0 cd3f12 164 0
46581e 213 632c0f 235 0 632c0c 235 0
c734fc 251 a39a7e 126 1 c734fc 251 0
571961 160 d4734f 208 1 2b8cb1 208 0
f51cd3 52 057197 26 0 f51cd3 52 0
bea39a 199 60ae33 100 0 bea39a 199 0
182b8d 217 4c15c7 237 0 4c15b9 237 0
8cfa8e 124 c67d47 62 1 8cfa8e 124 0
4e60af 16 d8cfa8 136 0 d8cfa8 136 0
f633ea 162 fb19f5 81 0 f633ea 162 0
9ec67d 21 8f633e 11 1 9ea2a4 21 0
c3d8cf 3 a1ec67 2 1 e5c537 2 0
c00000 0 943d8c 129 0 943d8c 129 0
850f63 33 7d784f 17 0 850ee0 33 0
80a1ec 69 7faf0a 35 1 80a1ec 69 0
3febc3 73 a00a1e 165 1 5ff5e2 165 0
77fd79 170 c40143 213 1 3bfebd 213 0
6effb0 182 377fd8 219 0 377fd8 219 0
d2200a 119 a91005 60 0 d2200a 119 0
ea4401 15 4ade00 8 0 e8d9bd 15 0
ed4880 194 f6a440 97 0 ed4880 194 0
6256f0 153 712b78 205 0 712b78 205 0
7c4ade 116 c1da91 186 0 c1da91 186 0
4f895c 175 67c4ae 216 1 983b52 216 0
e60ed4 246 f3076a 123 1 e60ed4 246 0
233e26 31 ae60ed 144 0 ae60ed 144 0
1467c5 36 0a33e3 146 0 0a33e3 146 0
bd7307 229 9eb983 115 1 bd7307 229 0
3851a0 157 5c28d0 207 0 5c28d0 207 0
c8f5cc 244 1b851a 122 1 c8f5cc 244 0
46e147 223 9c8f5c 240 0 9c8eff 240 0
e723d7 60 f391eb 30 1 e723d7 60 0
431b86 8 218dc3 132 0 218dc3 132 0
086371 97 bbce47 177 1 4431b9 177 0
8ef391 173 8779c8 87 0 8ef391 173 0
3e218e 22 e0ef39 139 0 e0ef39 139 0
27c432 35 ac1de7 146 1 53e219 146 0
ab0779 37 6a7c44 19 0 ab0754 37 0
c560ef 69 a2b077 35 1 c560ef 69 0
c8ac1d 137 5ba9f2 69 1 c8ac1d 137 0
76ea7d 82 3b753f 169 0 3b753f 169 0
6edd50 235 889158 246 0 887f34 246 0
5ddbaa 62 2eedd5 159 1 d1122b 159 0
2bbb76 104 15ddbb 180 0 15ddbb 180 0
05776f 237 bd4448 247 0 bd05a6 247 0
cf5112 62 185777 31 0 cf5112 62 0
d9ea22 72 130aef 36 0 d9ea22 72 0
fb3d44 73 bd9ea2 37 1 fb3d44 73 0
709858 138 c7b3d4 197 0 c7b3d4 197 0
6e130b 178 370986 217 1 c8f67a 217 0
6dc262 119 891ecf 188 1 76e131 188 0
e247b3 47 4edc27 24 0 e247b2 47 0
13b70a 70 f6247b 163 1 09db85 163 0
dd891e 169 513b71 85 1 dd891e 169 0
8bb123 86 3a276f 43 0 8bb123 86 0
d17624 203 5744ee 102 1 d17624 203 0
aa2ec4 90 d51762 45 1 aa2ec4 90 0
6aba28 12 caa2ec 134 0 caa2ec 134 0
b2a8bb 162 26aba3 81 0 b2a8bb 162 0
69aae9 85 74d575 171 1 8b2a8b 171 0
c2caa2 107 5e9aaf 54 0 c2caa2 107 0
57a6ac 206 2bd356 231 1 d42caa 231 0
2af4d6 122 157a6b 189 0 157a6b 189 0
9aa165 240 cd50b2 120 1 9aa165 240 0
0cabd4 158 0655ea 207 1 f9aa16 207 0
de6a85 116 ef3542 58 1 de6a85 116 0
bbcd50 143 9de6a8 72 0 bbcd50 143 0
e779aa 18 0c432b 9 0 e6ffcc 18 0
9cef35 67 718866 34 1 9cef35 67 0
a39de6 73 6e310d 37 1 a39de6 73 0
7b8c44 74 3dc622 165 1 c239de 165 0
6f7189 234 c8473b 245 1 37a6b3 245 0
6dee32 190 c908e7 223 1 36f719 223 0
d24239 56 e9211c 28 0 d24239 56 0
05b7b9 7 bd2423 132 1 42dbdd 132 0
10b6f8 161 b7a484 209 0 b7a484 209 0
7216df 181 790b70 219 0 790b70 219 0
3e42dc 247 5f216e 252 1 9ad0a9 252 0
e837a4 255 b41bd2 128 1 e837a4 255 0
ed06f4 32 097c86 16 1 ed07eb 32 0
025f22 68 012f91 162 1 fed06f 162 0
bfb41b 233 6025f3 117 0 bfb41b 233 0
78097d 222 c3fb41 239 0 c3fafd 239 0
d0fed0 188 e87f68 94 0 d0fed0 188 0
45e026 152 dd0fed 204 0 dd0fed 204 0
f743fb 51 bba1fd 26 0 f743fb 51 0
511781 7 97743f 132 1 688bc1 132 0
1a22f1 161 4d1179 209 1 b2ee87 209 0
8cbba1 245 865dd0 123 0 8cbba1 245 0
c19774 31 a0cbba 16 1 c19632 31 0
17cd12 4 0be689 130 1 f41977 130 0
42f9a3 225 617cd2 241 1 9e8271 241 0
87a0cb 253 83d065 127 0 87a0cb 253 0
c0f419 160 1f85f4 80 0 c0f419 160 0
07e17d 84 03f0bf 170 0 03f0bf 170 0
40fc30 235 9f81e8 246 0 9f6a08 246 0
a7e07a 62 2c0fc3 31 0 a7e07a 62 0
d4fc0f 200 ea7e07 100 1 d4fc0f 200 0
05607f 25 bd4fc0 141 0 bd4fc0 141 0
70ac10 36 385608 146 0 385608 146 0
4e1582 229 670ac1 243 1 98f277 243 0
c63d4f 253 5ce159 127 1 c63d4f 253 0
373857 96 e463d4 176 0 e463d4 176 0
06e70b 172 037386 214 1 fc8c7a 214 0
40dce2 118 206e71 187 1 df918f 187 0
d7e463 239 540dcf 120 0 d7e463 239 0
150374 94 0a81ba 175 1 f57e46 175 0
22a06f 236 115038 246 0 1118e0 246 0
44540e 254 ddd5f9 255 0 800000 255 0
288a82 64 ebbabf 160 1 144541 160 0
051151 40 fd7757 148 1 0288a9 148 0
00a22b 37 bfaeea 147 1 405116 147 0
301446 37 a7f5dd 147 0 a7f5dd 147 0
c9fd77 165 5b0145 83 1 c9fd77 165 0
c93fae 85 5b6029 43 1 c93fae 85 0
36d80b 203 5b6c06 230 1 a493fa 230 0
a924fe 122 d4927f 61 1 a924fe 122 0
6adb61 16 356db1 136 1 ca924f 136 0
f2a493 98 06adb7 49 0 f2a493 98 0
9e5492 77 70d5b7 39 0 9e5492 77 0
3c356e 74 e1e549 165 0 e1e549 165 0
6786ae 42 33c357 149 0 33c357 149 0
930f2a 230 c98795 115 0 930f2a 230 0
2d9e1b 29 56cf0e 143 1 a930f2 143 0
35b3c4 100 e5261e 178 1 1ad9e2 178 0
b94987 173 635b3d 87 1 b94987 173 0
c72930 214 1c6b68 107 0 c72930 214 0
271ada 219 ac7293 238 1 538d52 238 0
ab1ca4 60 2a71ae 30 1 ab1ca4 60 0
4a9c6c 72 dab1ca 164 1 254e36 164 0
f6ac72 41 bb5639 21 0 f6ac7e 41 0
8ed58e 6 c76ac7 3 1 ebd06a 5 0
a3b562 1 200000 0 0 a3b562 1 0
8a3b56 129 851dab 65 1 8a3b56 129 0
7eb896 17 80a3b5 137 0 80a3b5 137 0
8028ed 163 7feb8a 82 1 8028ed 163 0
a0051d 213 90028e 107 1 a0051d 213 0
3bff5d 155 a20051 206 0 a20051 206 0
577fec 180 2bbff6 218 1 d4400a 218 0
b51002 119 9a8801 60 0 b51002 119 0
195e00 15 b35100 136 0 b35100 136 0
ecd440 162 0995e0 81 0 ecd440 162 0
9d9a88 85 8ecd44 43 0 9d9a88 85 0
c3b351 11 a1d9a8 6 0 c8c21e 11 0
a8766a 130 2bc4cb 65 0 a8766a 130 0
950ecd 81 8a8766 41 1 950ecd 81 0
82a1d9 139 8150ec 70 0 82a1d9 139 0
5fabc5 18 d02a1d 137 0 d02a1d 137 0
940a87 35 8a0543 18 1 940a42 35 0
5d7eb0 133 9140a8 195 0 9140a8 195 0
3bafd6 177 5dd7eb 217 0 5dd7eb 217 0
888a05 119 844502 60 1 888a05 119 0
e11140 15 b088a0 8 0 e27251 15 0
13ddd8 130 f61114 193 0 f61114 193 0
9d8445 177 713dde 89 1 9d8445 177 0
83b088 215 81d844 108 0 83b088 215 0
e07611 155 4fc4f8 78 0 e07611 155 0
53f13e 212 29f89f 234 0 29f89c 234 0
b581d8 123 653f14 62 0 b581d8 123 0
a6b03b 80 d3581d 40 0 a6b03b 80 0
0b29f9 138 0594fd 197 1 fa6b03 197 0
9e9ac0 242 cf4d60 121 0 9e9ac0 242 0
6c2ca8 31 761654 144 0 761654 144 0
e27a6b 228 f13d35 114 0 e27a6b 228 0
43b0b3 157 61d85a 207 1 9e27a6 207 0
387617 116 1c3b0c 186 0 1c3b0c 186 0
470ec3 111 9c789e 184 1 638762 184 0
e71e27 174 0c70ed 87 1 e71e27 174 0
231c3c 86 118e1e 171 1 ee71e2 171 0
db9c78 235 5231c4 118 0 db9c78 235 0
ab738f 94 2a4639 47 1 ab738f 94 0
d56e71 76 eab738 38 0 d56e71 76 0
baadce 138 dd56e7 69 1 baadce 138 0
9755b9 146 345524 73 0 9755b9 146 0
6d1549 83 89755b 170 1 768aa5 170 0
a25d56 171 6ed155 86 1 a25d56 171 0
a44baa 214 2dda2b 107 0 a44baa 214 0
2b768b 219 55bb46 238 1 aa449f 238 0
aa912e 252 2ab769 126 1 aa912e 252 0
b55225 96 2556ee 48 1 b55225 96 0
f6aa44 76 fb5522 38 1 f6aa44 76 0
412ab8 138 df6aa4 197 0 df6aa4 197 0
97daa9 50 cbed54 25 0 97daa9 50 0
92fb55 7 897daa 4 1 81cba0 7 0
1da096 129 b12fb5 193 0 b12fb5 193 0
73b413 49 8625f6 153 1 79da0a 153 0
81897d 39 7f3b42 20 1 81898d 39 0
e0312f 69 b01897 35 1 e0312f 69 0
cc0625 9 59fcee 5 1 d66656 9 0
8980c4 194 3b3f9e 97 1 8980c4 194 0
6ecfe8 217 88980c 237 0 889803 237 0
822603 60 3eecff 30 0 822603 60 0
4fbb40 72 d82260 164 0 d82260 164 0
f60898 41 44fbb4 21 0 f6088c 41 0
8ec113 70 c76089 35 0 8ec113 70 0
d1d822 9 a8ec11 5 0 dc66e3 9 0
8a3b04 130 c51d82 65 1 8a3b04 130 0
6eb8a0 17 775c50 137 0 775c50 137 0
7dd714 99 7eeb8a 178 1 811476 178 0
5fbae3 237 90228e 247 1 6fb561 247 0
c408a3 62 1dfbaf 31 0 c408a3 62 0
d88114 72 13bf76 36 1 d88114 72 0
fb1022 201 4277ef 101 0 fb1022 201 0
8f6204 90 c7b102 45 1 8f6204 90 0
91ec40 140 3709e0 70 0 91ec40 140 0
4dc278 210 d91ec4 233 0 d91ec3 233 0
69b84f 59 8b23d8 158 0 8b23d8 158 0
a2c8f6 168 2e9b85 84 1 a2c8f6 168 0
f4591e 213 45d371 107 1 f4591e 213 0
3174dd 91 a74591 174 0 a74591 174 0
562e9c 44 d4e8b2 150 1 2b174e 150 0
b53a2c 38 da9d16 19 1 b53a11 38 0
2958bb 133 ab53a2 195 1 54ac5e 195 0
352b18 177 a56a74 217 0 a56a74 217 0
895a9d 183 7b52b2 92 1 895a9d 183 0
e12b53 215 b095a9 108 0 e12b53 215 0
13da96 155 b612b5 206 0 b612b5 206 0
ad84ad 180 d6c256 90 1 ad84ad 180 0
b5b095 151 9ad84a 76 1 b5b095 151 0
1949ee 147 4ca4f7 202 0 4ca4f7 202 0
acd6c2 115 966b61 58 0 acd6c2 115 0
a59ad8 143 92cd6c 72 0 a59ad8 143 0
1b4ca5 146 f259ad 201 0 f259ad 201 0
636995 179 71b4cb 218 0 71b4cb 218 0
5c6d33 119 6e369a 188 1 91c966 188 0
1b8da7 239 b2392c 248 0 b1c6f3 248 0
1371b5 62 f64725 159 0 f64725 159 0
dd91c9 168 eec8e4 84 0 dd91c9 168 0
fbb239 149 bdd91c 75 0 fbb239 149 0
cf7647 147 a7bb23 74 1 cf7647 147 0
a9eec8 147 94f764 74 0 a9eec8 147 0
5ac227 19 6d6114 138 0 6d6114 138 0
a4a7bb 227 6dac23 114 0 a4a7bb 227 0
a494f7 93 924a7b 47 1 a494f7 93 0
3b6d62 12 e2494f 134 1 1db6b1 134 0
b89253 162 23b6d7 81 0 b89253 162 0
68edb6 213 7476db 235 0 7476d9 235 0
3d1db7 123 5e8edc 190 0 5e8edc 190 0
a85c49 112 d42e24 56 0 a85c49 112 0
0af477 14 fa85c4 135 0 fa85c4 135 0
dea171 34 ef50b8 17 0 dea1e9 34 0
642bd2 5 8dea17 131 1 7215e9 131 0
3c857b 33 5e42be 145 1 a1bd42 145 0
886f50 101 7bc858 51 0 886f50 101 0
3ef216 77 a086f5 167 0 a086f5 167 0
37de43 170 1bef22 213 1 e410de 213 0
66fbc9 118 cc821b 187 1 337de5 187 0
d32086 175 566fbd 88 1 d32086 175 0
ea6410 86 f53208 43 0 ea6410 86 0
dd4c82 11 aea641 6 0 e2c1b4 11 0
aba990 2 aba990 1 0 80bf2c 3 0
957532 129 8aba99 65 0 957532 129 0
82aea6 17 7ea8ad 9 1 832ffd 17 0
7faa2c 195 7fd516 226 1 802aea 226 0
5ff546 249 6ffaa3 253 0 65f9f7 253 0
100000 0 c200ab 128 1 100000 0 7
0f7fd6 160 07bfeb 208 0 07bfeb 208 0
01effb 244 ff0802 250 1 7e7fdf 251 0
403e00 63 9fe100 160 0 9fe100 160 0
1807c0 168 0c03e0 212 0 0c03e0 212 0
0300f8 117 41807c 187 0 41807c 187 0
30601f 111 583010 184 0 583010 184 0
e9f3fc 110 0b0602 55 1 e9f3fc 110 0
22c181 206 1160c1 231 1 ee9f3f 231 0
245831 122 edd3e7 189 1 122c19 189 0
648b07 48 324584 152 0 324584 152 0
0c9161 102 0648b1 179 1 f9b74f 179 0
de6dd3 109 af36e9 55 0 de6dd3 109 0
343246 14 1a1923 135 0 1a1923 135 0
d979b7 226 ecbcdb 113 1 d979b7 226 0
9b2f36 29 8d979b 15 1 9b2d00 29 0
3c9a1a 132 e1b2f3 194 1 1e4d0d 194 0
479344 177 63c9a2 217 1 9c365e 217 0
870d97 119 7c7935 60 1 870d97 119 0
e0e1b2 79 b070d9 40 0 e0e1b2 79 0
ec1c36 119 760e1b 120 1 800000 121 0
9d8386 128 4ec1c3 127 1 f622a4 128 0
13b070 36 09d838 36 0 0ec454 37 0
42760e 6 a13b07 6 1 509d84 7 0
684ec1 3 b42760 4 0 d09d81 3 0
ad09d8 179 5684ec 179 0 e3b100 173 0
55a13b 182 aad09d 183 0 ab4275 182 0
eab427 198 755a13 198 1 baad0a 199 0
5d5684 49 2eab42 48 1 18038c 47 0
0baad0 143 05d568 144 0 45d568 145 0
c1755a 177 e0baad 178 0 a0baad 179 0
b82eab 106 dc1755 107 0 9c1755 108 0
f705d5 31 fb82ea 32 1 000001 31 0
bee0ba 206 df705d 205 0 974c74 207 0
37dc17 32 1bee0b 32 1 df7060 29 0
46fb82 218 a37dc1 218 0 53ca18 215 0
68df70 143 346fb8 142 0 03174c 143 0
0d1bee 241 068df7 241 1 d1bee0 236 0
41a37d 159 a0d1be 160 1 000000 160 0
a8346f 111 541a37 112 1 800000 113 0
95068d 196 4a8346 197 1 800000 198 0
92a0d1 68 495068 69 0 2541a1 68 0
92541a 124 c92a0d 125 0 892a0d 126 0
f24a83 52 f92541 52 0 f5b7e2 53 0
7e4950 88 3f24a8 88 0 5eb6fc 89 0
4fc92a 139 27e495 138 0 71ddba 140 0
09f925 7 04fc92 8 1 800000 8 0
c13f24 37 609f92 38 1 800000 39 0
d827e4 173 ec13f2 174 1 000000 173 0
fb04fc 95 7d827e 95 1 bec13f 96 0
5f609f 244 2fb04f 245 1 800000 245 0
8bec13 252 45f609 253 0 17d825 252 0
d17d82 232 68bec1 233 0 45f608 231 0
da2fb0 145 6d17d8 146 0 68bec0 144 0
9b45f6 51 4da2fb 52 1 800000 53 0
9368be 135 c9b45f 135 1 26d17c 133 0
726d17 163 b9368b 164 1 000000 164 0
ae4da2 52 5726d1 53 0 5c9b44 52 0
d5c9b4 27 eae4da 26 1 c0ae8e 26 0
3ab936 13 1d5c9b 13 1 eae4d8 10 0
475726 195 23ab93 194 1 6b02b9 194 0
08eae4 76 047572 75 1 0d6056 75 0
011d5c 178 808eae 179 1 000000 179 0
a023ab 254 5011d5 255 0 404755 254 0
940475 146 4a023a 146 1 a5011e 147 0
52808e 102 294047 103 1 800000 103 0
ca5011 32 652808 32 0 bde064 30 0
594a02 254 aca501 253 0 5f3905 253 0
2b2940 69 9594a0 69 0 02f780 67 0
656528 10 b2b294 11 0 caca50 10 0
ecaca5 97 f65652 97 1 656530 93 0
7d9594 190 becaca 191 1 000000 191 0
efb2b2 192 77d959 191 0 ab9f5e 192 0
1df656 204 0efb2b 205 1 800000 205 0
c3beca 170 61df65 169 0 e95cf9 169 0
1877d9 27 8c3bec 26 0 5e95cf 27 0
230efb 118 91877d 118 0 692cf0 117 0
6461df 246 3230ef 247 1 800000 247 0
8c8c3b 118 c6461d 117 0 efaf4a 118 0
319187 192 18c8c3 193 1 800000 193 0
863230 119 431918 120 0 0c6460 119 0
d0c646 174 686323 173 1 8e4a5a 175 0
1a18c8 56 8d0c64 57 0 d0c640 54 0
e34319 166 71a18c 166 0 a9c94a 165 0
5c6863 214 2e3431 214 0 454e4a 215 0
4b8d0c 100 a5c686 101 1 000000 101 0
a971a1 243 d4b8d0 244 0 94b8d0 245 0
b52e34 98 5a971a 99 1 800000 100 0
96a5c6 179 4b52e3 180 1 800000 181 0
d2d4b8 152 696a5c 153 0 4b52e0 151 0
9a5a97 210 cd2d4b 211 1 000001 210 0
b34b52 145 d9a5a9 146 0 99a5a9 147 0
b6696a 102 5b34b5 101 0 c80789 101 0
16cd2d 114 8b6696 114 1 45b34c 115 0
62d9a5 114 b16cd2 114 1 58b66a 115 0
6c5b34 114 362d9a 114 1 d8b668 112 0
4d8b66 25 26c5b3 26 1 800000 26 0
c9b16c 196 e4d8b6 195 1 ae8a22 195 0
39362d 98 1c9b16 99 1 800000 99 0
c726c5 222 639362 223 1 800000 224 0
d8e4d8 151 ec726c 152 0 ac726c 153 0
fb1c9b 83 7d8e4d 83 0 f155d0 82 0
5f6393 52 2fb1c9 51 0 7b9e3c 53 0
0bec72 49 05f639 50 0 45f639 51 0
c17d8e 217 e0bec7 216 1 a23c55 216 0
382fb1 109 9c17d8 108 0 0c773a 108 0
2705f6 3 9382fb 2 1 6ea23c 4 0
24e0be 19 92705f 19 1 493830 20 0
649c17 22 324e0b 23 1 800000 23 0
cc9382 224 6649c1 225 0 324e08 223 0
d99270 175 ecc938 175 0 e32dd4 176 0
7b324e 213 3d9927 212 1 7196ea 211 0
0f6649 219 87b324 220 0 f66488 216 0
e1ecc9 16 70f664 17 0 0f6644 14 0
9c3d99 124 4e1ecc 123 0 8699fe 123 0
1387b3 67 89c3d9 67 0 3a9718 66 0
6270f6 208 31387b 209 1 800000 209 0
8c4e1e 123 46270f 122 1 e93a96 123 0
1189c3 67 08c4e1 66 0 4af61a 68 0
023138 249 81189c 248 0 42bd86 249 0
204627 96 902313 96 1 48118a 97 0
6408c4 202 b20462 203 1 000000 203 0
ec8118 98 f6408c 99 0 b6408c 100 0
fd9023 108 7ec811 108 0 f8b068 107 0
5fb204 150 2fd902 149 1 1f160c 148 0
0bf640 155 85fb20 154 0 4ef3d0 155 0
217ec8 21 10bf64 20 0 54ef3d 22 0
042fd9 36 0217ec 37 0 4217ec 38 0
c085fb 205 e042fd 206 0 a042fd 207 0
f810bf 35 fc085f 34 1 f4191f 34 0
3f0217 92 9f810b 93 1 000000 93 0
e7e042 201 73f021 202 0 3f0210 199 0
9cfc08 204 ce7e04 203 0 821d85 205 0
339f81 122 19cfc0 123 0 59cfc0 124 0
8673f0 216 4339f8 217 0 0ce7e0 216 0
90ce7e 218 48673f 219 1 800000 220 0
9219cf 61 c90ce7 60 1 b64d6e 59 0
324339 32 99219c 33 0 c90ce2 31 0
a64867 40 d32433 39 1 f2d936 38 0
34c90c 132 9a6486 132 1 4d3243 133 0
669921 153 334c90 154 0 734c90 155 0
ccd324 126 666992 127 1 800000 128 0
999a64 56 cccd32 55 1 cccf2c 54 0
33334c 176 9999a6 177 1 000000 177 0
e66669 127 f33334 128 0 b33334 129 0
fccccd 91 fe6666 91 1 333380 84 0
7f9999 237 bfcccc 237 0 fd9994 235 0
6ff333 153 37f999 153 0 53f666 154 0
4dfe66 195 26ff33 195 1 9bfccc 193 0
49bfcc 90 24dfe6 90 1 937f98 88 0
4937f9 53 a49bfc 53 0 6e9fa8 50 0
6926ff 19 34937f 20 1 800000 20 0
8d24df 129 c6926f 130 1 000001 129 0
f1a49b 174 78d24d 175 0 1a49a8 171 0
de3493 159 ef1a49 158 0 aae0dc 160 0
3bc692 70 1de349 69 0 655c1b 71 0
0778d2 252 83bc69 253 0 ef1a40 248 0
e0ef1a 37 f0778d 38 0 b0778d 39 0
bc1de3 42 de0ef1 43 0 9e0ef1 44 0
b783bc 213 dbc1de 214 1 000000 213 0
f6f077 162 fb783b 163 1 000001 162 0
fede0e 202 ff6f07 203 1 000000 202 0
ffdbc1 218 ffede0 219 0 bfede0 220 0
fffb78 245 fffdbc 245 0 fffc9a 246 0
7fff6f 32 bfffb7 31 1 1fff94 32 0
2fffed 131 17fff6 132 1 800000 132 0
85fffd 36 c2fffe 35 1 91fff8 34 0
30bfff 160 985fff 160 1 4c3000 161 0
6617ff 139 330bff 138 1 3247fe 137 0
0cc2ff 200 06617f 199 1 13247f 199 0
01985f 176 80cc2f 176 1 406618 177 0
60330b 141 b01985 140 0 707f9b 140 0
2c0661 29 160330 30 0 560330 31 0
8580cc 236 c2c066 236 1 0b0198 234 0
70b019 228 b8580c 227 0 33707c 226 0
2e1603 65 170b01 65 0 229082 66 0
45c2c0 184 a2e160 183 0 2e66e0 183 0
28b858 246 945c2c 247 0 a2e160 245 0
e5170b 253 728b85 252 0 9e5cce 253 0
1ca2e1 18 0e5170 19 0 4e5170 20 0
c3945c 195 61ca2e 194 1 8957a2 196 0
18728b 160 0c3945 159 0 4f4797 161 0
030e51 127 018728 126 0 41e8f2 128 0
0061ca 59 0030e5 60 0 4030e5 61 0
800c39 234 c0061c 235 0 80061c 236 0
f00187 56 f800c3 57 1 000001 56 0
fe0030 252 7f0018 253 0 001800 246 0
dfc006 159 efe003 160 1 000000 159 0
fbf800 243 fdfc00 244 0 bdfc00 245 0
bf7f00 158 5fbf80 157 0 debd80 157 0
17efe0 148 8bf7f0 149 0 bf7f00 146 0
a2fdfc 241 517efe 242 1 800000 243 0
d45fbf 165 ea2fdf 166 1 000001 165 0
fa8bf7 234 7d45fb 233 1 9df47d 235 0
1f517e 117 8fa8bf 118 1 000000 118 0
e3ea2f 239 f1f517 240 1 000001 239 0
bc7d45 188 de3ea2 189 1 000001 188 0
b78fa8 225 5bc7d4 225 0 9abbe0 222 0
56f1f5 251 2b78fa 250 1 04d5e0 249 0
0ade3e 107 856f1f 107 1 42b790 108 0
615bc7 33 b0ade3 33 1 5856f2 34 0
6c2b78 36 b615bc 35 0 1cd958 34 0
2d856f 101 16c2b7 100 1 444827 100 0
05b0ad 132 02d856 133 1 800000 133 0
80b615 131 405b0a 132 1 800000 133 0
9016c2 45 480b61 44 0 d071ca 43 0
1202d8 12 89016c 12 0 360888 11 0
62405b 161 b1202d 161 0 9b0440 158 0
6c480b 101 362405 102 0 762405 103 0
cd8901 86 e6c480 87 0 a6c480 88 0
f9b120 235 7cd890 236 0 362400 231 0
df3624 62 6f9b12 63 1 800000 64 0
9be6c4 48 cdf362 48 1 37cd88 46 0
737cd8 238 b9be6c 237 0 417038 236 0
2e6f9b 63 1737cd 62 0 5d05c1 64 0
05cdf3 113 82e6f9 114 0 b9be50 109 0
e0b9be 119 705cdf 118 1 9445a7 120 0
1c1737 144 8e0b9b 143 1 6a88b5 145 0
2382e6 74 91c173 75 1 000000 75 0
e4705c 202 f2382e 203 1 000000 202 0
bc8e0b 35 5e4705 34 0 d7631b 34 0
1791c1 214 0bc8e0 215 0 4bc8e0 216 0
c2f238 164 e1791c 164 0 d235aa 165 0
785e47 180 3c2f23 181 1 800000 181 0
8f0bc8 244 c785e4 243 0 f2ceba 244 0
31e179 127 18f0bc 128 0 58f0bc 129 0
863c2f 114 431e17 115 1 800000 116 0
90c785 228 4863c2 227 1 ec95a4 228 0
1218f0 17 890c78 18 0 90c780 15 0
e2431e 3 71218f 3 1 b890c8 4 0
5c4863 66 ae2431 66 0 a6c940 62 0
6b890c 51 35c486 52 1 800000 52 0
cd7121 47 e6b890 46 0 a066b4 48 0
39ae24 74 9cd712 75 1 000000 75 0
e735c4 144 f39ae2 144 1 39ae20 140 0
7ce6b8 250 be735c 249 0 708198 248 0
2f9cd7 191 17ce6b 190 1 476b43 190 0
05f39a 80 02f9cd 80 0 0476b4 81 0
40be73 31 205f39 31 0 308ed6 32 0
4817ce 141 a40be7 142 1 000000 142 0
e902f9 51 f4817c 52 0 b4817c 53 0
fd205f 248 fe902f 248 1 481800 241 0
7fa40b 221 3fd205 222 0 7fd205 223 0
cff481 141 67fa40 140 0 83f1a1 141 0
19fe90 124 0cff48 125 0 4cff48 126 0
c33fd2 143 619fe9 144 0 0cff48 142 0
d867fa 70 ec33fd 69 0 a740fc 71 0
3b0cff 15 1d867f 16 1 800000 16 0
87619f 2 43b0cf 1 1 e58938 2 0
10ec33 159 087619 160 0 487619 161 0
c21d86 252 610ec3 252 1 b08762 253 0
5843b0 192 ac21d8 193 0 b08760 192 0
eb0876 183 75843b 182 1 98232c 184 0
1d610e 152 8eb087 152 1 475844 153 0
63ac21 7 b1d610 8 0 c75841 7 0
ac7584 124 d63ac2 125 1 000000 124 0
f58eb0 87 fac758 87 0 f82b04 88 0
7eb1d6 202 3f58eb 203 1 800000 203 0
cfd63a 122 67eb1d 121 0 83cbc8 122 0
19fac7 21 8cfd63 22 1 000000 22 0
e33f58 216 f19fac 215 0 ae0797 217 0
3c67eb 250 1e33f5 251 0 5e33f5 252 0
878cfd 41 43c67e 42 1 800000 43 0
d0f19f 49 e878cf 49 1 43c680 46 0
7a1e33 38 bd0f19 38 0 dcb530 36 0
6f43c6 174 b7a1e3 173 1 1372d4 174 0
2de878 214 96f43c 213 0 796296 214 0
25bd0f 60 12de87 61 1 800000 61 0
c4b7a1 221 e25bd0 222 0 a25bd0 223 0
b896f4 103 dc4b7a 103 1 712de8 101 0
7712de 243 bb896f 244 1 000000 244 0
aee25b 2 57712d 3 0 5dc4b5 2 0
d5dc4b 82 6aee25 81 0 8b535e 82 0
1abb89 187 0d5dc4 188 0 4d5dc4 189 0
835771 248 41abb8 248 0 140ca4 246 0
506aee 19 a83577 20 1 000000 20 0
ea0d5d 210 7506ae 211 1 800000 212 0
9d41ab 244 4ea0d5 245 0 3a8355 244 0
d3a835 200 e9d41a 200 1 4ea0d8 197 0
7a7506 77 3d3a83 76 1 6f5f12 75 0
0f4ea0 251 87a750 251 0 2debe0 250 0
61e9d4 96 30f4ea 97 1 800000 97 0
cc3d3a 52 e61e9d 53 0 a61e9d 54 0
f987a7 154 fcc3d3 155 1 000001 154 0
ff30f4 201 ff987a 200 1 fec96e 200 0
3fe61e 67 1ff30f 68 1 800000 68 0
c7fcc3 138 63fe61 137 0 f3f7e7 137 0
18ff98 163 8c7fcc 162 0 5f3f7e 163 0
231ff3 22 118ff9 23 0 518ff9 24 0
8463fe 210 4231ff 210 1 a11900 211 0
508c7f 250 a8463f 250 1 542320 251 0
6a118f 87 3508c7 88 1 800000 88 0
8d4231 193 46a118 193 0 4f8d24 191 0
51a846 187 a8d423 188 1 000000 188 0
aa3508 168 d51a84 168 0 bfa7c6 169 0
7546a1 54 3aa350 55 0 7aa350 56 0
cea8d4 73 67546a 74 1 800000 75 0
99d51a 81 4cea8d 82 0 33aa34 81 0
d33aa3 221 e99d51 222 0 a99d51 223 0
fa6754 6 7d33aa 7 1 800000 8 0
9f4cea 10 cfa675 11 0 8fa675 12 0
b3e99d 149 d9f4ce 150 1 000001 149 0
f67d33 205 7b3e99 205 0 e37798 204 0
5ecfa6 235 2f67d3 234 1 1c6ef2 233 0
0bd9f4 32 05ecfa 32 1 bd9f40 27 0
417b3e 109 20bd9f 108 1 6238dd 108 0
082f67 144 8417b3 144 1 420bda 145 0
6105ec 208 3082f6 208 1 c20bd8 206 0
4c20bd 131 a6105e 132 1 000000 132 0
e98417 226 f4c20b 226 1 4c20c0 222 0
7d3082 84 3e9841 84 0 5de462 85 0
4fa610 158 a7d308 157 0 471f28 157 0
29f4c2 53 94fa61 53 0 7dde46 52 0
653e98 154 329f4c 153 0 7f471f 155 0
0ca7d3 21 8653e9 21 0 25f778 20 0
6194fa 210 30ca7d 211 0 70ca7d 212 0
cc329f 79 e6194f 80 1 000001 79 0
f98653 231 7cc329 232 0 30ca50 227 0
df30ca 79 ef9865 79 0 e76498 80 0
7be619 63 bdf30c 64 0 f7cc31 63 0
af7cc3 193 d7be61 193 0 c39d92 194 0
75ef98 34 3af7cc 35 0 7af7cc 36 0
cebdf3 195 e75ef9 196 0 a75ef9 197 0
f9d7be 168 fcebdf 169 1 000000 168 0
ff3af7 86 7f9d7b 87 1 800000 88 0
dfe75e 161 6ff3af 162 1 800000 163 0
dbfceb 213 edfe75 214 0 adfe75 215 0
bb7f9d 235 ddbfce 235 1 76ff3c 233 0
776ff3 113 bbb7f9 114 0 eedfe5 113 0
eeedfe 128 f776ff 129 1 000000 128 0
bdddbf 18 5eeedf 18 1 af7770 19 0
57bbb7 153 abdddb 154 1 000000 154 0
aaf776 43 557bbb 44 1 800000 45 0
d55eee 135 eaaf77 136 1 000000 135 0
baabdd 226 dd55ee 227 1 000001 226 0
b7557b 222 dbaabd 223 0 9baabd 224 0
f6eaaf 39 7b7557 39 1 bdbaac 40 0
5edd55 195 af6eaa 195 1 57b756 196 0
6bdbaa 139 b5edd5 140 0 d7b754 139 0
ed7b75 181 f6bdba 181 1 6bdbb0 177 0
7daf6e 83 bed7b7 83 1 5f6bdc 84 0
6fb5ed 30 37daf6 31 1 800000 31 0
cdf6bd 229 66fb5e 229 1 b37db0 230 0
59bed7 184 2cdf6b 183 1 0d3c86 182 0
0b37da 174 859bed 174 0 21a78e 173 0
6166fb 11 30b37d 10 0 7ce05d 12 0
0c2cdf 202 86166f 203 1 000000 203 0
a1859b 144 50c2cd 144 0 248680 140 0
5430b3 37 aa1859 38 0 a86165 37 0
aa8616 244 d5430b 245 1 000000 244 0
f550c2 222 faa861 221 0 b95279 223 0
3eaa18 65 1f550c 64 0 672a4f 66 0
07d543 168 03eaa1 169 0 43eaa1 170 0
80faa8 165 c07d54 166 0 807d54 167 0
b01f55 85 580faa 84 1 820bc0 86 0
1603ea 94 0b01f5 95 0 4b01f5 96 0
c2c07d 49 e1603e 50 1 000001 49 0
f8580f 66 7c2c07 66 1 be1604 67 0
5f0b01 230 2f8580 231 0 6f8580 232 0
8be160 223 c5f0b0 224 0 85f0b0 225 0
b17c2c 29 d8be16 28 1 8a3a42 28 0
362f85 234 9b17c2 235 1 000000 235 0
e6c5f0 73 f362f8 74 0 b362f8 75 0
bcd8be 200 de6c5f 201 1 000000 200 0
f79b17 90 fbcd8b 91 1 000001 90 0
bef362 130 df79b1 131 0 9f79b1 132 0
b7de6c 195 dbef36 196 1 000000 195 0
f6fbcd 223 7b7de6 222 1 9c9e6d 224 0
1edf79 199 0f6fbc 198 0 534bac 200 0
03dbef 46 81edf7 47 1 000000 47 0
e07b7d 132 703dbe 132 1 b81ee0 133 0
5c0f6f 68 2e07b7 68 1 b81ee0 66 0
4b81ed 96 25c0f6 97 1 800000 97 0
89703d 182 44b81e 182 1 a25c10 183 0
512e07 20 a89703 21 1 000000 21 0
ea25c0 121 f512e0 121 0 ef9c50 122 0
7d44b8 143 3ea25c 143 0 5df38a 144 0
4fa897 51 a7d44b 52 1 000000 52 0
e9f512 101 f4fa89 101 0 ef77ce 102 0
7d3ea2 160 3e9f51 160 0 5deefa 161 0
4fa7d4 121 27d3ea 122 1 800000 122 0
89f4fa 56 c4fa7d 56 0 a777bc 57 0
713e9f 155 b89f4f 156 1 000000 156 0
ee27d3 43 7713e9 44 0 713e94 41 0
ddc4fa 182 6ee27d 183 0 7713e8 181 0
dbb89f 202 6ddc4f 201 1 92653c 203 0
1b7713 184 0dbb89 185 0 4dbb89 186 0
c36ee2 168 e1b771 167 0 9a254d 169 0
386ddc 106 9c36ee 105 1 752932 107 0
270dbb 181 9386dd 180 0 70d12a 181 0
24e1b7 3 1270db 4 1 800000 4 0
c49c36 190 e24e1b 189 1 a6ea51 189 0
389386 154 1c49c3 154 1 e24e18 151 0
471270 39 a38938 39 0 54dd40 36 0
68e24e 196 347127 197 1 800000 197 0
cd1c49 58 e68e24 59 0 a68e24 60 0
b9a389 91 5cd1c4 91 0 b3aa68 88 0
573471 102 ab9a38 103 0 ae68e1 102 0
eae68e 95 f57347 96 1 000000 95 0
bd5cd1 30 5eae68 30 0 e059c8 27 0
57ab9a 246 2bd5cd 246 0 41c0b4 247 0
4af573 226 257ab9 225 0 6ed968 227 0
095eae 205 84af57 206 1 000000 206 0
a12bd5 249 5095ea 249 1 a84af6 250 0
54257a 91 2a12bd 90 0 74976c 92 0
0a84af 81 054257 81 1 a84b00 76 0
415095 66 a0a84a 66 1 505426 67 0
682a12 28 341509 27 0 023496 28 0
0d0542 168 8682a1 167 0 504692 168 0
21a0a8 217 10d054 216 0 550469 218 0
043415 187 821a0a 186 1 619388 188 0
208682 75 104341 74 0 545411 76 0
0410d0 79 020868 80 0 420868 81 0
80821a 106 c0410d 106 0 a06194 107 0
701043 129 b80821 130 0 e02085 129 0
ee0208 192 770104 193 0 701040 190 0
9dc041 215 cee020 214 0 829828 216 0
33b808 228 19dc04 229 0 59dc04 230 0
c67701 156 e33b80 157 0 a33b80 158 0
f8cee0 125 fc6770 124 0 bb814c 126 0
3f19dc 207 9f8cee 206 1 77a9b2 208 0
27e33b 193 13f19d 194 0 53f19d 195 0
c4fc67 162 e27e33 163 1 000001 162 0
f89f8c 20 7c4fc6 19 1 9d3bd4 21 0
1f13f1 171 8f89f8 172 0 f89f84 169 0
e3e27e 223 71f13f 224 1 800000 225 0
dc7c4f 204 ee3e27 204 1 71f140 201 0
7b8f89 18 bdc7c4 19 0 f71f11 18 0
af71f1 228 d7b8f8 228 0 c39574 229 0
75ee3e 119 baf71f 119 1 5d7b90 120 0
6ebdc7 223 b75ee3 223 1 5baf72 224 0
6dd7b8 52 b6ebdc 52 0 930e50 50 0
6dbaf7 166 36dd7b 167 1 800000 167 0
8db75e 108 46dbaf 107 1 ea4986 108 0
11b6eb 49 88db75 50 0 8db754 47 0
a236dd 88 511b6e 89 1 800000 90 0
9446db 221 ca236d 222 0 8a236d 223 0
f288db 15 79446d 14 0 af2b12 15 0
1e511b 147 0f288d 147 0 16bcd4 148 0
43ca23 29 21e511 29 0 32d79a 30 0
487944 204 a43ca2 203 1 7b2d7a 205 0
290f28 130 948794 129 0 7352f2 130 0
2521e5 176 1290f2 176 1 948798 173 0
44a43c 129 a2521e 128 1 79bd96 130 0
289487 27 144a43 26 1 3cdecb 26 0
051290 4 028948 4 0 03cdec 5 0
40a252 2 a05129 3 0 8144a4 2 0
e8144a 242 f40a25 242 0 ee0f38 243 0
7d0289 226 be8144 226 0 ee0f34 224 0
6fa051 182 b7d028 181 0 2e2194 180 0
2df40a 169 16fa05 168 0 5cb886 170 0
05be81 185 02df40 184 0 439710 186 0
00b7d0 114 805be8 113 0 40e5c4 114 0
2016fa 174 900b7d 175 0 805be8 173 0
a402df 74 52016f 75 1 800000 76 0
d4805b 104 6a402d 104 0 fb0220 102 0
5a900b 32 ad4805 33 0 b52015 32 0
ab5201 22 d5a900 21 0 8b1340 23 0
356a40 38 9ab520 39 0 d5a900 37 0
e6ad48 227 7356a4 226 0 a0589a 227 0
1cd5a9 125 8e6ad4 126 0 e6ad44 123 0
a39ab5 153 51cd5a 152 1 fab408 153 0
147356 16 8a39ab 17 1 000000 17 0
a28e6a 53 d14735 54 0 914735 55 0
b451cd 75 da28e6 75 1 68a39c 73 0
768a39 133 3b451c 134 0 7b451c 135 0
ced147 108 e768a3 109 1 000001 108 0
f9da28 203 fced14 204 0 bced14 205 0
bf3b45 153 df9da2 152 1 9ed8e8 152 0
37e768 63 1bf3b4 64 0 5bf3b4 65 0
c6fced 167 e37e76 167 1 1bf3b8 164 0
78df9d 191 3c6fce 190 1 6a9ed8 189 0
0f1bf3 124 878df9 124 0 2d53d8 123 0
61e37e 217 30f1bf 218 1 800000 218 0
8c3c6f 219 461e37 220 1 800000 221 0
91878d 83 48c3c6 84 1 800000 85 0
9230f1 212 491878 211 0 daf4b4 210 0
12461e 16 89230f 17 1 000000 17 0
a248c3 115 d12461 115 0 b9b692 116 0
744918 152 3a248c 151 0 115b5e 152 0
0e8923 84 074491 85 0 474491 86 0
c1d124 91 60e892 92 1 800000 93 0
d83a24 52 6c1d12 53 1 800000 54 0
db0744 80 ed83a2 79 1 c88ae6 79 0
3b60e8 179 1db074 179 0 2c88ae 180 0
476c1d 182 23b60e 183 1 800000 183 0
c8ed83 66 6476c1 66 0 b59110 64 0
591db0 186 2c8ed8 187 0 6c8ed8 188 0
cb23b6 214 6591db 215 1 800000 216 0
996476 187 4cb23b 186 1 f30b58 187 0
132c8e 75 099647 76 1 800000 76 0
c26591 250 6132c8 251 0 099642 249 0
984cb2 28 cc2659 29 0 8c2659 30 0
b30996 230 d984cb 229 1 8c8e61 229 0
366132 79 9b3099 78 0 07f2fd 78 0
26cc26 142 136613 141 1 3a3239 141 0
04d984 163 026cc2 164 1 800000 164 0
809b30 220 404d98 221 0 013660 220 0
d01366 155 e809b3 155 1 404d98 152 0
7a026c 243 3d0136 244 1 800000 244 0
8f404d 230 47a026 230 1 a3d014 231 0
51e809 239 a8f404 238 0 4cc416 238 0
2a3d01 209 151e80 208 0 5a6620 210 0
0547a0 117 82a3d0 116 0 469988 117 0
20a8f4 206 10547a 207 1 800000 207 0
84151e 66 420a8f 67 1 800000 68 0
9082a3 233 c84151 234 0 884151 235 0
b21054 111 d9082a 112 1 000000 111 0
b6420a 23 db2105 24 0 9b2105 25 0
f6c841 182 7b6420 183 0 6c8408 179 0
9ed908 137 cf6c84 137 0 b722c6 138 0
73db21 145 b9ed90 146 0 e7b641 145 0
ee7b64 92 f73db2 92 1 73db20 88 0
7dcf6c 210 3ee7b6 211 1 800000 211 0
8fb9ed 100 c7dcf6 99 1 af2dc8 98 0
31f73d 128 98fb9e 128 1 4c7dd0 129 0
663ee7 108 331f73 109 1 800000 109 0
8cc7dc 164 c663ee 165 1 000000 164 0
f198fb 30 f8cc7d 31 0 b8cc7d 32 0
fe331f 86 7f198f 85 1 9f532c 87 0
1fc663 43 8fe331 43 0 5f5328 42 0
63f8cc 214 31fc66 215 1 800000 215 0
8c7f19 36 c63f8c 36 0 a95f52 37 0
718fe3 104 b8c7f1 104 0 a95f50 102 0
6e31fc 252 b718fe 253 1 000000 253 0
edc63f 72 f6e31f 71 1 e4a95f 71 0
3db8c7 65 9edc63 65 1 4f6e32 66 0
67b718 222 33db8c 221 0 01a4de 222 0
0cf6e3 156 067b71 157 0 467b71 158 0
c19edc 29 e0cf6e 30 1 000000 29 0
b833db 76 dc19ed 75 0 932069 77 0
37067b 148 9b833d 149 0 dc19ea 147 0
a6e0cf 163 d37067 164 1 000001 163 0
b4dc19 234 5a6e0c 233 0 c4263e 233 0
169b83 42 0b4dc1 43 0 4b4dc1 44 0
c2d370 149 e169b8 150 0 a169b8 151 0
f85a6e 146 fc2d37 145 1 f487a5 145 0
3f0b4d 84 1f85a6 85 1 800000 85 0
87e169 165 43f0b4 164 0 a7670c 163 0
10fc2d 105 887e16 104 1 665e91 106 0
221f85 239 110fc2 240 1 800000 240 0
8443f0 3 c221f8 2 0 e554ec 3 0
30887e 2 18443f 1 1 48ccbd 1 0
06110f 161 830887 160 1 624666 162 0
20c221 171 106110 172 0 506110 173 0
841844 184 c20c22 184 1 083088 182 0
708308 95 b84184 96 0 e10610 95 0
ee1061 76 f70830 77 0 b70830 78 0
bdc20c 234 5ee106 234 1 af7083 235 0
57b841 133 2bdc20 134 0 6bdc20 135 0
8af708 116 457b84 117 0 15ee10 116 0
915ee1 79 c8af70 80 0 88af70 81 0
b22bdc 84 d915ee 83 1 8b41ca 83 0
36457b 146 9b22bd 147 0 d915ea 145 0
e6c8af 156 f36457 156 1 364580 152 0
7cd915 83 3e6c8a 83 1 f9b22c 81 0
4f9b22 220 27cd91 220 0 3bb45a 221 0
49f364 2 24f9b2 3 1 800000 3 0
c93e6c 199 e49f36 200 1 000000 199 0
b927cd 225 5c93e6 225 1 ae49f4 226 0
5724f9 17 ab927c 18 0 ae49f1 17 0
eae49f 54 75724f 55 1 800000 56 0
dd5c93 228 6eae49 228 0 9815b8 227 0
5bab92 174 add5c9 174 0 9815b0 170 0
6b7572 233 b5bab9 234 0 d6eae4 233 0
ed6eae 3 76b757 2 1 990981 4 0
1dadd5 114 8ed6ea 115 1 000000 115 0
a3b5ba 137 d1dadd 138 0 91dadd 139 0
f476b7 244 fa3b5b 243 1 eeb213 243 0
3e8ed6 213 9f476b 213 1 4fa3b6 214 0
67d1da 125 b3e8ed 124 0 071942 123 0
2cfa3b 211 967d1d 211 0 0ddd60 209 0
659f47 195 32cfa3 196 1 800000 196 0
8cb3e8 80 c659f4 80 0 a986ee 81 0
71967d 43 b8cb3e 44 1 000000 44 0
ae32cf 112 571967 112 1 ab8cb4 113 0
55c659 46 2ae32c 45 0 759bf8 47 0
0ab8cb 74 055c65 75 0 455c65 76 0
815719 90 40ab8c 91 0 02ae31 90 0
902ae3 141 c81571 140 0 f4359c 141 0
32055c 91 1902ae 92 1 800000 92 0
c640ab 52 632055 52 0 a58400 50 0
58c815 50 2c640a 51 1 800000 51 0
8b1902 153 458c81 153 0 42960c 151 0
516320 215 28b190 216 0 68b190 217 0
8a2c64 123 451632 122 1 e7a14b 123 0
11458c 151 08a2c6 152 1 800000 152 0
c228b1 124 e11458 125 0 a11458 126 0
f84516 59 7c228b 59 1 be1146 60 0
5f08a2 184 af8451 185 0 be1144 184 0
ebe114 186 75f08a 187 1 800000 188 0
dd7c22 222 6ebe11 223 0 75f088 221 0
dbaf84 207 edd7c2 206 1 c98746 206 0
3b75f0 162 1dbaf8 161 0 6529b6 163 0
076ebe 22 83b75f 22 1 41dbb0 23 0
60edd7 5 3076eb 4 1 22c986 3 0
0c1dba 120 860edd 121 0 c1dba0 117 0
e183b7 67 70c1db 68 1 800000 69 0
9c3076 64 ce183b 63 1 d49162 62 0
33860e 75 99c307 76 1 000000 76 0
e670c1 155 733860 154 0 a00cf1 155 0
1cce18 238 8e670c 239 0 e670c0 236 0
a399c3 189 d1cce1 189 0 bab352 190 0
747338 231 ba399c 231 0 bab350 229 0
6e8e67 220 b74733 220 1 5ba39a 221 0
6dd1cc 91 b6e8e6 92 1 000000 92 0
adba39 116 d6dd1c 116 0 c24baa 117 0
75b747 185 3adba3 185 1 eb6e90 183 0
4eb6e8 150 a75b74 151 0 9d6dd0 150 0
e9d6dd 241 74eb6e 242 1 800000 243 0
dd3adb 105 6e9d6d 105 0 97b090 104 0
5ba75b 96 2dd3ad 95 0 794899 97 0
0b74eb 252 85ba75 251 0 4e5226 252 0
216e9d 232 10b74e 232 1 85ba78 229 0
442dd3 105 a216e9 106 0 885ba5 105 0
a885ba 64 d442dd 65 0 9442dd 66 0
b510b7 219 da885b 218 1 8f9913 218 0
36a216 186 1b510b 187 1 800000 187 0
86d442 248 c36a21 249 0 836a21 250 0
f0da88 194 f86d44 194 0 f4a3e6 195 0
7e1b51 247 3f0da8 246 0 1da225 247 0
0fc36a 74 07e1b5 75 0 47e1b5 76 0
c1f86d 204 e0fc36 204 1 07e1b8 201 0
783f0d 62 bc1f86 61 1 1a2f4a 62 0
2f07e1 171 1783f0 170 0 5d64ec 172 0
05e0fc 169 02f07e 169 1 bc1f80 163 0
40bc1f 30 a05e0f 30 1 502f08 31 0
681783 186 340bc1 186 0 4e11a2 187 0
4d02f0 161 a68178 162 0 9a05e0 161 0
e9a05e 21 74d02f 21 1 ba6818 22 0
5d340b 5 2e9a05 6 0 6e9a05 7 0
8ba681 233 c5d340 234 0 85d340 235 0
f174d0 103 f8ba68 103 0 f5179c 104 0
7e2e9a 204 bf174d 205 0 fc5d34 204 0
afc5d3 141 d7e2e9 140 0 8ddba4 142 0
35f8ba 131 9afc5d 130 0 06edd1 130 0
26bf17 133 135f8b 134 1 800000 134 0
84d7e2 80 426bf1 81 0 09afc4 80 0
d09afc 157 684d7e 158 1 800000 159 0
9a135f 187 4d09af 188 1 800000 189 0
93426b 79 49a135 80 0 2684d5 79 0
92684d 179 493426 179 1 a49a14 180 0
524d09 201 292684 202 0 692684 203 0
ca49a1 243 e524d0 244 0 a524d0 245 0
f94934 152 fca49a 152 1 292680 146 0
7f2926 91 3f9493 92 1 800000 92 0
cfe524 141 e7f292 141 1 3f9490 138 0
79fca4 249 bcfe52 249 1 5e7f29 250 0
6f3f94 105 b79fca 106 1 000000 106 0
ede7f2 213 76f3f9 214 0 6f3f90 211 0
ddbcfe 111 eede7f 111 1 76f3f8 108 0
7bb79f 222 3ddbcf 223 1 800000 223 0
8f76f3 115 47bb79 116 0 1eede5 115 0
91eede 57 c8f76f 57 1 23ddbc 55 0
723ddb 41 b91eed 42 0 e47bb5 41 0
ae47bb 16 d723dd 15 0 8cecd5 17 0
35c8f7 147 9ae47b 148 1 000000 148 0
e6b91e 42 f35c8f 43 1 000000 42 0
fcd723 198 7e6b91 199 0 35c8a0 193 0
df9ae4 233 6fcd72 232 1 93da16 234 0
1bf35c 197 0df9ae 196 1 29ed0a 196 0
037e6b 4 01bf35 4 0 029ed0 5 0
406fcd 115 a037e6 116 1 000000 116 0
a80df9 161 5406fc 161 0 053d40 155 0
5501bf 112 2a80df 113 1 800000 113 0
8aa037 109 45501b 110 1 800000 111 0
d15406 140 68aa03 141 1 800000 142 0
da2a80 242 ed1540 241 0 a85a90 243 0
3b4550 190 1da2a8 191 0 5da2a8 192 0
8768aa 25 43b455 25 0 2c73fc 23 0
50ed15 119 a8768a 120 1 000000 120 0
ea1da2 209 750ed1 208 0 a4a50a 209 0
1d43b4 159 8ea1da 158 1 6af964 160 0
23a876 156 91d43b 155 1 6d5f2c 157 0
24750e 213 923a87 213 1 491d44 214 0
648ea1 236 b24750 237 0 c91d41 236 0
ac91d4 121 d648ea 121 1 5923a8 119 0
75923a 182 bac91d 181 0 4bdb22 180 0
2eb247 171 975923 171 1 4bac92 172 0
65d648 172 32eb24 172 0 4c60b6 173 0
4cbac9 23 a65d64 22 0 3fd2f6 22 0
299759 133 14cbac 134 0 54cbac 135 0
c532eb 99 e29975 98 0 9b3fd3 100 0
38a65d 149 1c532e 148 1 54f98c 148 0
0714cb 253 838a65 253 0 153e60 252 0
60e299 146 b0714c 147 0 c1c531 146 0
ec1c53 187 760e29 186 0 a72368 187 0
1d838a 2 8ec1c5 1 0 64e46c 2 0
23b071 22 11d838 23 0 51d838 24 0
c4760e 251 e23b07 251 1 11d838 248 0
788ec1 113 3c4760 114 0 7c4760 115 0
cf11d8 161 6788ec 160 0 82d64e 161 0
19e23b 180 0cf11d 180 0 1369ac 181 0
433c47 230 219e23 229 1 64da6b 229 0
086788 243 0433c4 244 0 4433c4 245 0
c10cf1 63 608678 63 0 864da4 61 0
58219e 43 ac10cf 43 1 560868 44 0
6b0433 87 b58219 88 0 d60865 87 0
ed6086 148 76b043 149 1 800000 150 0
ddac10 52 eed608 52 0 e6410c 53 0
7bb582 166 bddac1 167 0 f76b04 166 0
af76b0 73 d7bb58 72 0 8daa2e 74 0
35eed6 74 1af76b 73 1 50e641 73 0
06bdda 170 035eed 170 0 050e64 171 0
40d7bb 90 a06bdd 91 0 81af75 90 0
a81af7 148 540d7b 149 1 800000 150 0
95035e 169 4a81af 168 1 efc286 169 0
12a06b 25 095035 25 0 0df850 26 0
42540d 117 a12a06 116 1 78df85 118 0
284a81 225 142540 226 0 542540 227 0
c50950 246 6284a8 247 0 142540 245 0
d8a12a 95 ec5095 95 0 e278e0 96 0
7b1425 96 bd8a12 97 1 000000 97 0
ef6284 48 77b142 49 1 800000 50 0
ddec50 206 6ef628 206 0 99c4f0 205 0
5bbd8a 217 addec5 218 0 b77b14 217 0
ab77b1 111 55bbd8 111 0 99c480 104 0
556ef6 231 2ab77b 232 1 800000 232 0
8aadde 142 4556ef 142 1 a2ab78 143 0
5155bb 164 a8aadd 165 0 a2ab75 164 0
ea2ab7 197 f5155b 197 1 5155c0 193 0
7d4556 183 bea2ab 184 1 000000 184 0
afa8aa 121 57d455 121 0 ef9fe0 116 0
55f515 242 2afa8a 243 1 800000 243 0
cabea2 27 e55f51 26 0 9eb725 28 0
3957d4 231 1cabea 231 1 e55f50 228 0
472afa 70 23957d 71 0 63957d 72 0
88e55f 125 c472af 126 1 000001 125 0
f11cab 229 f88e55 230 0 b88e55 231 0
be2395 237 df11ca 236 1 9d3560 236 0
37c472 240 9be239 239 0 0b6b1d 239 0
26f88e 226 937c47 227 1 000000 227 0
e4df11 141 f26f88 142 0 b26f88 143 0
bc9be2 133 5e4df1 133 0 d74e98 130 0
57937c 117 2bc9be 118 1 800000 118 0
8af26f 182 457937 181 1 e835d4 182 0
115e4d 237 08af26 236 1 1a0d74 236 0
022bc9 42 8115e4 42 0 06835a 41 0
604579 26 b022bc 26 0 8341a8 23 0
6c08af 157 360457 158 1 800000 158 0
cd8115 75 e6c08a 76 1 000001 75 0
b9b022 187 dcd811 187 0 cb441a 188 0
773604 61 3b9b02 60 1 65a20c 59 0
0ee6c0 49 877360 50 0 ee6c00 46 0
a1dcd8 197 50ee6c 196 0 94a81c 196 0
143b9b 58 0a1dcd 59 0 4a1dcd 60 0
828773 88 4143b9 88 0 0f2cb0 86 0
5050ee 243 282877 244 1 800000 244 0
8a0a1d 159 45050e 160 1 800000 161 0
d14143 16 68a0a1 17 0 45050a 15 0
9a2828 235 cd1414 234 0 805919 236 0
334505 31 19a282 31 1 cd1418 28 0
4668a0 87 a33450 88 0 8cd140 87 0
e8cd14 75 f4668a 74 1 dd339e 74 0
3d19a2 50 9e8cd1 50 0 6e99cc 48 0
67a334 91 b3d19a 92 1 000000 92 0
acf466 147 d67a33 146 1 836e99 146 0
359e8c 117 9acf46 118 1 000000 118 0
a6b3d1 56 5359e8 55 0 a0c18a 55 0
14d67a 83 8a6b3d 84 0 a6b3d0 81 0
e29acf 205 714d67 206 1 800000 207 0
9c5359 89 4e29ac 89 0 53e828 86 0
538a6b 245 29c535 246 0 69c535 247 0
8a714d 143 c538a6 144 1 000001 143 0
f14e29 30 78a714 31 0 14e288 27 0
de29c5 190 ef14e2 191 1 000001 190 0
bbc538 91 dde29c 91 0 ccd3ea 92 0
7778a7 76 bbbc53 76 1 5dde2a 77 0
6eef14 2 b7778a 3 1 000000 3 0
eddde2 73 76eef1 74 0 6eef10 71 0
ddbbbc 220 eeddde 221 1 000000 220 0
fbb777 68 7ddbbb 69 1 800000 70 0
9f76ee 159 cfbb77 160 1 000000 159 0
f3eedd 181 f9f76e 181 1 3eede0 176 0
7e7ddb 185 bf3eed 186 0 fcfbb5 185 0
efcfbb 66 77e7dd 66 0 cf6f30 65 0
5df9f7 248 aefcfb 249 1 000000 249 0
abbf3e 213 d5df9f 214 1 000000 213 0
b577e7 188 5abbf3 189 1 800000 190 0
d6aefc 55 6b577e 54 1 90819e 56 0
1ad5df 207 0d6aef 208 1 800000 208 0
835abb 26 41ad5d 26 0 142060 24 0
506b57 141 a835ab 141 1 541ad6 142 0
6a0d6a 176 3506b5 177 0 7506b5 178 0
8d41ad 106 c6a0d6 106 1 1a835c 104 0
71a835 42 b8d41a 43 1 000000 43 0
ae3506 168 571a83 168 1 ab8d42 169 0
55c6a0 104 aae350 103 0 567090 103 0
2ab8d4 236 155c6a 237 1 800000 237 0
85571a 133 42ab8d 133 0 200a9c 131 0
50aae3 228 a85571 228 0 200a80 223 0
6a155c 39 b50aae 40 1 000000 40 0
ad42ab 14 d6a155 15 0 96a155 16 0
b5a855 203 5ad42a 204 1 800000 205 0
96b50a 14 cb5a85 15 0 8b5a85 16 0
b2d6a1 134 596b50 135 0 65ad41 134 0
d65ad4 194 6b2d6a 193 1 906210 195 0
1acb5a 65 8d65ad 64 0 617e30 65 0
23596b 188 91acb5 189 0 8d65aa 187 0
a46b2d 97 523596 97 1 a91acc 98 0
548d65 183 aa46b2 184 1 000000 184 0
aa91ac 154 d548d6 154 1 552358 152 0
755235 188 3aa91a 188 1 eaa46c 186 0
4eaa46 44 a75523 43 1 7d7fda 45 0
29d548 57 14eaa4 56 0 5a254d 58 0
053aa9 167 829d54 167 0 0faffa 166 0
60a755 214 3053aa 213 1 21f600 212 0
0c14ea 245 060a75 246 0 460a75 247 0
81829d 163 c0c14e 164 1 000001 163 0
f03053 17 f81829 17 0 f4243e 18 0
7e060a 243 3f0305 243 0 5e8488 244 0
4fc0c1 52 27e060 52 0 3bd090 53 0
49f818 192 a4fc0c 191 0 38ec3c 191 0
293f03 247 949f81 247 0 7bbd08 246 0
6527e0 175 b293f0 175 0 bdde80 172 0
6ca4fc 213 b6527e 214 1 000000 214 0
ad949f 130 56ca4f 130 1 ab6528 131 0
55b293 167 2ad949 167 0 4045ee 168 0
4ab652 127 255b29 128 0 655b29 129 0
8956ca 227 44ab65 226 0 aeb1f2 225 0
112ad9 98 08956c 97 0 4abac8 99 0
02255b 198 8112ad 198 0 067010 197 0
6044ab 3 302255 3 0 483380 4 0
4c0895 11 a6044a 12 1 000000 12 0
a98112 77 d4c089 77 0 bf20ce 78 0
753022 237 ba9811 238 0 ea6044 237 0
aea604 67 d75302 68 1 000000 67 0
b5d4c0 144 5aea60 145 0 6ba980 144 0
96ba98 209 4b5d4c 210 0 2d7530 209 0
92d753 59 496ba9 60 0 25aea5 59 0
925aea 183 492d75 183 0 6e217c 181 0
524b5d 171 2925ae 170 1 7b710c 170 0
0a496b 248 8524b5 249 0 a496a8 245 0
a1492d 240 50a496 241 1 800000 242 0
d42925 50 6a1492 49 1 8f8f6e 51 0
1a8524 138 0d4292 138 1 d42920 134 0
4350a4 28 21a852 27 1 64f8f6 27 0
086a14 141 84350a 140 1 6327c8 142 0
210d42 155 1086a1 155 0 18c9f2 156 0
4421a8 41 a210d4 42 0 884350 41 0
a88435 196 d4421a 195 1 f98ca0 194 0
351086 171 9a8843 172 1 000000 172 0
a6a210 104 d35108 104 0 bcf98c 105 0
74d442 46 ba6a21 45 0 48254a 44 0
2e9a88 185 974d44 185 0 179f30 183 0
65d351 151 b2e9a8 151 0 c5e7c8 148 0
6cba6a 30 b65d35 29 0 1fa412 28 0
2d974d 41 96cba6 41 1 4b65d4 42 0
65b2e9 10 32d974 9 0 7f8fd2 11 0
0cb65d 125 065b2e 124 1 13118c 124 0
0196cb 210 00cb65 210 0 013118 211 0
4032d9 204 a0196c 205 0 8065b1 204 0
e8065b 131 f4032d 132 0 b4032d 133 0
fd00cb 89 7e8065 90 0 4032a0 84 0
9fa019 148 4fd00c 148 0 7b8128 145 0
53f403 22 a9fa01 23 0 a7e805 22 0
ea7e80 107 753f40 108 0 53f400 105 0
dd4fd0 46 eea7e8 46 0 e5fbdc 47 0
7ba9fa 102 bdd4fd 103 0 f753f4 102 0
af753f 65 d7ba9f 64 1 872fdf 64 0
35eea7 230 9af753 231 1 000000 231 0
a6bdd4 92 d35eea 93 1 000000 92 0
b4d7ba 211 da6bdd 211 0 c7a1cc 212 0
769af7 206 bb4d7b 207 1 000000 207 0
eed35e 81 7769af 82 1 800000 83 0
ddda6b 203 6eed35 202 0 955106 203 0
1bbb4d 13 0ddda6 14 1 800000 14 0
c37769 243 61bbb4 244 0 0ddda2 242 0
d86eed 185 ec3776 186 1 000001 185 0
bb0ddd 122 5d86ee 121 1 862533 123 0
1761bb 147 0bb0dd 148 0 4bb0dd 149 0
c2ec37 93 e1761b 94 1 000001 93 0
f85d86 43 fc2ec3 42 1 f48c49 42 0
3f0bb0 104 9f85d8 105 0 fc2ec0 103 0
a7e176 109 53f0bb 109 1 a9f85e 110 0
54fc2e 16 2a7e17 17 1 800000 17 0
ca9f85 211 654fc2 211 1 b2a7e2 212 0
5953f0 94 aca9f8 95 0 b2a7e0 94 0
eb2a7e 234 f5953f 234 1 5953f0 230 0
7d654f 158 beb2a7 159 1 000000 159 0
afaca9 12 d7d654 13 0 97d654 14 0
b5f595 164 dafaca 163 1 90f060 163 0
36beb2 25 1b5f59 25 0 290f06 26 0
46d7d6 199 a36beb 200 1 000000 200 0
a8dafa 43 546d7d 43 0 521dc0 37 0
551b5f 169 2a8daf 169 1 aa36c0 167 0
4aa36b 77 a551b5 77 0 7fa900 74 0
69546d 155 b4aa36 154 1 0eff52 155 0
2d2a8d 40 969546 41 1 000000 41 0
a5a551 231 d2d2a8 232 0 92d2a8 233 0
f4b4aa 144 fa5a55 144 0 f78780 145 0
7e9695 55 3f4b4a 55 1 fd2d2c 53 0
4fd2d2 170 27e969 170 0 3bde1e 171 0
49fa5a 59 a4fd2d 60 0 93f4b4 59 0
a93f4b 108 549fa5 107 0 a71e3b 107 0
1527e9 127 8a93f4 128 0 a93f44 125 0
a2a4fd 19 d1527e 20 1 000001 19 0
b4549f 220 5a2a4f 221 1 800000 222 0
d68a93 59 eb4549 60 0 ab4549 61 0
bad152 208 dd68a9 208 0 cc1cfe 209 0
775a2a 174 bbad15 173 0 54c2d2 172 0
2eeb45 28 1775a2 29 1 800000 29 0
85dd68 198 42eeb4 199 0 0bbad0 198 0
90bbad 26 c85dd6 25 1 b23308 24 0
321775 142 190bba 141 1 4b2330 141 0
0642ee 23 832177 22 1 625919 24 0
20c85d 86 90642e 86 1 483218 87 0
64190b 15 320c85 16 0 720c85 17 0
cc8321 203 664190 204 0 320c82 202 0
999064 68 ccc832 69 1 000000 68 0
f3320c 80 799906 81 1 800000 82 0
9e6641 147 4f3320 147 0 6ccb08 144 0
53ccc8 189 29e664 188 0 745ffd 190 0
0a7999 57 853ccc 56 0 4d17ff 57 0
214f33 145 10a799 146 0 50a799 147 0
c429e6 249 6214f3 250 1 800000 251 0
d8853c 33 ec429e 32 1 c4c7da 32 0
3b10a7 46 9d8853 47 1 000000 47 0
a76214 69 d3b10a 70 1 000000 69 0
b4ec42 50 5a7621 50 0 f62630 46 0
569d88 186 ab4ec4 187 0 ad3b10 186 0
ead3b1 119 f569d8 120 0 b569d8 121 0
fd5a76 152 fead3b 151 1 fc07b1 151 0
3fab4e 6 9fd5a7 7 1 000000 7 0
e7f569 178 73fab4 178 0 b7e03a 177 0
5cfead 209 ae7f56 209 1 573fac 210 0
6b9fd5 62 35cfea 63 1 800000 63 0
cd73fa 202 e6b9fd 203 0 a6b9fd 204 0
f9ae7f 94 fcd73f 95 1 000001 94 0
ff35cf 67 ff9ae7 68 1 000001 67 0
bfe6b9 40 dff35c 41 0 9ff35c 42 0
b7fcd7 41 5bfe6b 41 1 adff36 42 0
56ff9a 132 ab7fcd 133 0 adff34 132 0
eadff3 195 f56ff9 195 0 f027f6 196 0
7d5bfe 193 beadff 192 1 1e04fe 193 0
2fab7f 248 97d5bf 247 1 71e050 249 0
25f56f 87 92fab7 86 1 6e3c0a 88 0
24bead 225 925f56 226 1 000000 226 0
a497d5 198 d24bea 197 1 edc780 196 0
3492fa 117 9a497d 116 0 036f71 116 0
26925f 179 13492f 180 1 800000 180 0
c4d24b 141 e26925 140 0 9b036f 142 0
389a49 100 1c4d24 100 0 2a73b6 101 0
471349 87 a389a4 87 0 54e768 84 0
68e269 62 347134 63 0 747134 64 0
cd1c4d 185 668e26 185 1 b34714 186 0
59a389 83 acd1c4 84 0 b34711 83 0
eb3471 70 759a38 70 0 c19d52 69 0
5d668e 131 2eb347 130 1 1833aa 129 0
0bacd1 130 05d668 131 0 45d668 132 0
c1759a 5 60bacd 4 0 e3a601 4 0
182eb3 38 8c1759 37 0 5e3a60 38 0
2305d6 213 1182eb 214 1 800000 214 0
c460ba 155 e2305d 156 0 a2305d 157 0
b88c17 151 dc460b 152 1 000001 151 0
f71182 169 7b88c1 168 0 b4d5e2 169 0
1ee230 74 0f7118 73 0 534d5e 75 0
03dc46 11 01ee23 12 1 800000 12 0
807b88 130 c03dc4 131 0 803dc4 132 0
b00f71 49 d807b8 48 0 8e09a6 50 0
3601ee 73 9b00f7 72 1 7440b9 74 0
26c03d 91 13601e 90 1 3a205c 90 0
04d807 198 026c03 199 1 800000 199 0
809b00 112 c04d80 112 0 a07440 113 0
701360 47 b809b0 48 0 e026c0 47 0
ee026c 70 f70136 71 1 000000 70 0
bdc04d 207 5ee026 208 1 800000 209 0
d7b809 133 6bdc04 134 0 5ee022 132 0
daf701 37 ed7b80 38 0 ad7b80 39 0
fb5ee0 63 7daf70 63 0 f21ca0 62 0
5f6bdc 41 afb5ee 41 1 57daf7 42 0
6bed7b 172 35f6bd 172 0 50f21c 173 0
4d7daf 65 a6bed7 64 1 7d0f22 66 0
29afb5 230 14d7da 231 1 800000 231 0
8535f6 80 429afb 81 1 800000 82 0
d0a6be 219 e8535f 218 1 b8fa1d 218 0
3a14d7 237 9d0a6b 236 1 75c7d1 238 0
27429a 125 13a14d 126 0 53a14d 127 0
84e853 68 427429 68 0 1d71f0 66 0
509d0a 114 284e85 115 0 684e85 116 0
8a13a1 4 c509d0 3 0 ec9889 4 0
314274 28 98a13a 28 1 4c509d 29 0
66284e 202 331427 203 1 800000 203 0
8cc509 250 466284 249 0 bfd92c 248 0
1198a1 155 88cc50 156 0 8cc504 153 0
a23314 78 d1198a 79 1 000000 78 0
f44662 18 fa2331 19 0 ba2331 20 0
be88cc 150 5f4466 149 1 87734c 151 0
17d119 155 8be88c 155 0 47734a 154 0
62fa23 24 b17d11 25 0 c5f445 24 0
ec5f44 115 762fa2 115 1 bb17d1 116 0
5d8be8 182 aec5f4 182 0 c51dc0 178 0
6bb17d 119 b5d8be 120 1 000000 120 0
ad762f 248 d6bb17 249 1 000001 248 0
f5aec5 94 fad762 95 1 000001 94 0
feb5d8 213 ff5aec 212 0 bf31a7 214 0
3fd6bb 218 9feb5d 217 0 1f98d3 217 0
27fad7 69 93fd6b 70 1 000000 70 0
e4ff5a 222 f27fad 222 0 ebbf84 223 0
7c9feb 17 be4ff5 17 0 ebbf80 15 0
6f93fd 234 37c9fe 235 1 800000 235 0
cdf27f 168 e6f93f 169 1 000001 168 0
f9be4f 84 fcdf27 83 1 f69d77 83 0
3f37c9 193 9f9be4 194 0 fcdf22 192 0
a7e6f9 155 53f37c 156 0 4fcdf1 155 0
d4fcdf 236 ea7e6f 237 1 000001 236 0
fa9f9b 148 7d4fcd 149 0 53f350 144 0
df53f3 37 efa9f9 38 0 afa9f9 39 0
fbea7e 54 7df53f 55 1 800000 56 0
9f7d4f 167 4fbea7 168 1 800000 169 0
93efa9 203 49f7d4 204 0 27df51 203 0
d27df5 251 693efa 251 1 b49f7e 252 0
5a4fbe 99 2d27df 99 1 b49f7c 97 0
4b49f7 127 a5a4fb 128 1 000000 128 0
e9693e 237 74b49f 236 1 978777 238 0
1d2d27 160 0e9693 160 1 e96940 156 0
43a5a4 52 a1d2d2 51 1 795e1e 53 0
2874b4 80 143a5a 80 1 a1d2d0 77 0
450e96 84 a2874b 85 1 000000 85 0
a8a1d2 77 d450e9 76 0 896523 78 0
35143a 205 9a8a1d 206 0 d450e8 204 0
e6a287 126 735143 126 1 b9a8a2 127 0
5cd450 111 2e6a28 111 0 459f3c 112 0
4b9a8a 47 a5cd45 48 0 973514 47 0
a97351 153 54b9a8 154 0 52e6a1 153 0
952e6a 236 ca9735 236 0 afe2d0 237 0
72a5cd 193 b952e6 193 1 5ca974 194 0
6e54b9 29 b72a5c 29 0 95fc54 27 0
6dca97 127 b6e54b 128 1 000000 128 0
adb952 174 56dca9 173 0 b24f4d 173 0
15b72a 43 0adb95 44 0 4adb95 45 0
c2b6e5 11 615b72 12 1 800000 13 0
9856dc 101 cc2b6e 100 1 c90494 99 0
330adb 150 99856d 151 0 cc2b6a 149 0
e6615b 101 7330ad 100 0 9ff9b2 101 0
1ccc2b 221 8e6615 222 0 e66154 219 0
e39985 6 f1ccc2 7 1 000001 6 0
bc7330 108 de3998 109 0 9e3998 110 0
b78e66 236 dbc733 235 1 935599 235 0
36f1cc 32 9b78e6 33 1 000000 33 0
a6de39 77 d36f1c 77 0 bd26aa 78 0
74dbc7 22 3a6de3 23 1 800000 23 0
ce9b78 224 e74dbc 223 0 a1212b 225 0
39d36f 251 9ce9b7 250 1 75af4a 252 0
273a6d 119 139d36 119 1 9ce9b8 116 0
44e74d 98 a273a6 97 1 79d6bd 99 0
289ce9 231 944e74 230 0 72c423 231 0
25139d 208 1289ce 207 1 379d6c 207 0
04a273 252 025139 252 0 0379d6 253 0
40944e 146 204a27 147 1 800000 147 0
c81289 115 e40944 115 0 d60de6 116 0
790251 130 bc8128 131 0 f204a1 130 0
ef204a 43 f79025 44 0 b79025 45 0
fde409 200 fef204 200 0 fe6b06 201 0
7fbc81 242 3fde40 241 0 1faba1 242 0
0ff790 145 07fbc8 144 0 49faba 146 0
01fef2 178 80ff79 179 0 ff7900 172 0
e03fde 11 701fef 10 1 9417f3 12 0
1c07fb 115 0e03fd 116 0 4e03fd 117 0
8380ff 57 c1c07f 58 1 000001 57 0
b0701f 102 d8380f 102 1 60e040 100 0
760e03 13 3b0701 14 0 7b0701 15 0
cec1c0 44 6760e0 43 0 827230 44 0
19d838 197 8cec1c 196 0 604e46 197 0
233b07 216 919d83 217 1 000000 217 0
a46760 27 d233b0 28 0 9233b0 29 0
b48cec 131 5a4676 130 1 83b4d8 132 0
16919d 152 8b48ce 152 1 45a468 153 0
62d233 253 316919 254 0 716919 255 0
cc5a46 43 662d23 44 1 800000 45 0
998b48 134 4cc5a4 135 0 331690 134 0
d33169 81 e998b4 82 0 a998b4 83 0
ba662d 203 dd3316 202 1 979944 202 0
374cc5 117 1ba662 118 1 800000 118 0
86e998 51 4374cc 52 0 0dd330 51 0
90dd33 229 486e99 228 0 d451fe 227 0
121ba6 197 890dd3 196 1 66ca5e 198 0
224374 122 1121ba 121 1 33652e 121 0
04486e 247 822437 248 1 000000 248 0
a0890d 129 504486 129 1 a82244 130 0
541121 147 2a0890 147 0 3f0cd8 148 0
4a8224 229 254112 230 1 800000 230 0
c95044 37 e4a822 37 1 254110 34 0
792a08 205 3c9504 205 0 5adf86 206 0
4f2541 122 2792a0 123 0 6792a0 124 0
89e4a8 145 c4f254 144 0 ec5dd2 145 0
313c95 83 989e4a 84 1 000000 84 0
e62792 251 7313c9 252 0 313c90 249 0
9cc4f2 227 ce6279 228 0 8e6279 229 0
f3989e 192 f9cc4f 193 1 000000 192 0
fe7313 200 7f3989 201 0 398940 194 0
dfce62 99 efe731 100 0 afe731 101 0
bbf9cc 2 5dfce6 3 1 800000 4 0
977f39 136 4bbf9c 137 0 2efe71 136 0
d2efe7 211 e977f3 210 1 bc67db 210 0
3a5dfc 185 1d2efe 186 1 800000 186 0
874bbf 33 43a5df 33 1 a1d2f0 34 0
50e977 131 a874bb 131 1 543a5e 132 0
6a1d2e 167 b50e97 168 1 000000 168 0
ed43a5 182 76a1d2 181 1 98f95e 183 0
1da874 59 8ed43a 58 1 6b1f2c 60 0
23b50e 208 11da87 209 1 800000 209 0
8476a1 61 423b50 62 0 08ed41 61 0
d08ed4 99 68476a 99 1 b423b5 100 0
5a11da 211 2d08ed 211 0 438d64 212 0
4b423b 48 25a11d 49 0 65a11d 50 0
c96847 111 e4b423 111 1 25a120 108 0
792d08 38 3c9684 39 0 7c9684 40 0
8f25a1 6 c792d0 7 0 8792d0 8 0
b1e4b4 162 58f25a 161 1 82b5c4 163 0
163c96 61 8b1e4b 61 1 458f26 62 0
62c792 106 b163c9 107 0 c58f24 106 0
ac58f2 50 d62c79 50 0 c142b6 51 0
758b1e 202 3ac58f 203 1 800000 203 0
ceb163 233 e758b1 232 0 a12ede 234 0
39d62c 167 1ceb16 168 1 800000 168 0
c73ac5 188 e39d62 188 1 1ceb18 185 0
78e758 131 3c73ac 131 0 5aad82 132 0
4f1ceb 176 278e75 177 0 678e75 178 0
89e39d 95 44f1ce 94 1 e76ab6 95 0
113c73 183 089e39 183 0 0ced56 184 0
42278e 169 a113c7 170 1 000000 170 0
e844f1 181 f42278 182 0 b42278 183 0
fd089e 201 7e844f 202 1 800000 203 0
9fa113 75 cfd089 74 0 83c4ac 76 0
33f422 84 19fa11 85 0 59fa11 86 0
867e84 190 433f42 191 1 800000 192 0
d0cfd0 96 6867e8 95 0 8503c4 96 0
1a19fa 77 0d0cfd 77 0 13937c 78 0
43433f 252 a1a19f 253 1 000000 253 0
e86867 221 743433 222 1 800000 223 0
9d0d0c 91 4e8686 91 1 a74343 92 0
53a1a1 148 a9d0d0 148 0 5c9c40 142 0
6a7434 189 353a1a 190 1 800000 190 0
cd4e86 32 66a743 31 1 8cfd72 33 0
19a9d0 166 0cd4e8 165 0 500a22 167 0
03353a 149 019a9d 150 0 419a9d 151 0
c066a7 134 603353 134 1 b019aa 135 0
580cd4 112 2c066a 112 1 b019a8 110 0
4b019a 119 a580cd 120 0 960334 119 0
a96033 131 d4b019 132 0 94b019 133 0
f52c06 58 fa9603 59 1 000000 58 0
fea580 9 ff52c0 8 0 bf2770 10 0
3fd4b0 66 9fea58 67 0 ff52c0 65 0
a7fa96 41 d3fd4b 42 1 000000 41 0
f4ff52 165 7a7fa9 166 0 4ff520 162 0
de9fea 247 ef4ff5 248 0 af4ff5 249 0
fbd3fd 68 7de9fe 68 1 bef500 69 0
5f7a7f 140 afbd3f 141 1 000000 141 0
ebef4f 207 f5f7a7 208 1 000001 207 0
fd7de9 176 7ebef4 177 0 5f7a20 171 0
9fafbd 153 4fd7de 153 1 a7ebf0 154 0
53f5f7 150 29fafb 150 1 a7ebf0 148 0
4a7ebe 114 a53f5f 115 1 000000 115 0
e94fd7 207 f4a7eb 207 1 4a7ec0 203 0
7d29fa 121 be94fd 120 0 71d1e2 119 0
2fa53f 226 17d29f 226 1 be9500 223 0
45f4a7 179 a2fa53 180 1 000000 180 0
a8be94 54 d45f4a 53 1 fa3bbc 52 0
3517d2 17 9a8be9 16 0 04bb8d 16 0
26a2fa 182 93517d 183 0 9a8be8 181 0
e4d45f 218 726a2f 217 1 95cfa4 219 0
1c9a8b 186 0e4d45 186 0 1573e8 187 0
439351 232 a1c9a8 233 0 8726a1 232 0
a8726a 198 d43935 199 0 943935 200 0
f50e4d 251 fa8726 251 1 50e4e0 246 0
7ea1c9 226 bf50e4 226 0 f7cab4 224 0
6fd439 120 b7ea1c 121 0 dfa871 120 0
edfa87 105 76fd43 106 1 800000 107 0
ddbf50 195 eedfa8 194 0 aa9792 196 0
3bb7ea 26 9ddbf5 27 0 eedfa8 25 0
a776fd 182 53bb7e 182 1 a9ddc0 183 0
54eedf 91 aa776f 90 1 7fd994 92 0
2a9ddb 170 954eed 171 0 aa776a 169 0
e553bb 190 f2a9dd 191 0 b2a9dd 192 0
bcaa77 105 de553b 106 1 000001 105 0
f7954e 100 fbcaa7 101 1 000000 100 0
bef2a9 79 df7954 78 0 9757aa 80 0
37de55 7 9bef2a 8 1 000000 8 0
a6fbca 163 d37de5 162 0 885d5e 164 0
34df79 248 1a6fbc 248 0 27a79a 249 0
469bef 19 234df7 18 1 69e9e7 18 0
08d37d 185 8469be 186 1 000000 186 0
e11a6f 74 f08d37 73 1 d1a7a7 73 0
3c234d 2 9e11a6 3 1 000000 3 0
e78469 75 73c234 76 0 3c2344 73 0
9cf08d 30 ce7846 29 1 d6d1a8 28 0
339e11 198 19cf08 199 0 59cf08 200 0
8673c2 148 4339e1 148 0 26b68c 146 0
50ce78 24 a8673c 23 0 4a042c 23 0
2a19cf 226 950ce7 227 1 000000 227 0
a54339 218 52a19c 217 0 9d280e 217 0
14a867 40 0a5433 41 1 800000 41 0
82950c 100 414a86 100 1 a0a543 101 0
5052a1 244 a82950 245 0 a0a541 244 0
ea0a54 74 75052a 75 1 800000 76 0
dd414a 239 6ea0a5 240 0 750528 238 0
dba829 51 6dd414 52 0 6ea0a2 50 0
9b7505 89 cdba82 90 1 000001 89 0
b36ea0 39 d9b750 40 0 99b750 41 0
b66dd4 6 5b36ea 7 1 800000 8 0
96cdba 41 4b66dd 42 0 2d9b74 41 0
d2d9b7 216 e96cdb 215 1 bc4693 215 0
3a5b36 83 9d2d9b 83 1 4e96ce 84 0
674b66 172 b3a5b3 172 1 59d2da 173 0
6ce96c 136 3674b6 137 1 800000 137 0
8d9d2d 185 c6ce96 186 1 000001 185 0
f1b3a5 43 78d9d2 44 1 800000 45 0
de3674 97 ef1b3a 97 1 78d9d0 94 0
7bc6ce 86 3de367 87 1 800000 87 0
8f78d9 109 47bc6c 110 0 1ef1b1 109 0
91ef1b 42 48f78d 43 0 23de35 42 0
d23de3 149 e91ef1 150 0 a91ef1 151 0
ba47bc 187 dd23de 187 1 748f78 185 0
7748f7 96 3ba47b 97 1 800000 97 0
cee91e 99 67748f 99 1 b3ba48 100 0
59dd23 16 2cee91 15 0 782a36 17 0
0b3ba4 211 059dd2 212 1 800000 212 0
c16774 67 e0b3ba 67 1 059dd0 64 0
782cee 19 3c1677 18 1 6886ca 17 0
0f059d 196 8782ce 196 1 43c168 197 0
61e0b3 92 30f059 93 0 70f059 94 0
cc3c16 181 e61e0b 180 1 b25a21 180 0
398782 120 9cc3c1 121 0 e61e08 119 0
e730f0 178 739878 177 0 a0fd2c 178 0
1ce61e 24 8e730f 23 1 6ad64b 25 0
239cc3 132 11ce61 133 0 51ce61 134 0
847398 154 c239cc 154 0 a356b2 155 0
708e73 242 b84739 243 0 e11ce5 242 0
ee11ce 79 7708e7 78 1 9946ad 80 0
1dc239 139 8ee11c 138 0 6532c7 139 0
23b847 70 11dc23 71 1 800000 71 0
c47708 230 e23b84 231 0 a23b84 232 0
b88ee1 188 5c4770 188 0 a6b288 185 0
5711dc 27 2b88ee 28 1 800000 28 0
cae23b 75 e5711d 76 0 a5711d 77 0
b95c47 179 dcae23 180 1 000001 179 0
f72b88 117 7b95c4 117 0 e58298 116 0
5ee571 111 2f72b8 112 0 6f72b8 113 0
cbdcae 175 65ee57 176 1 800000 177 0
997b95 135 ccbdca 136 1 000001 135 0
b32f72 108 d997b9 109 0 9997b9 110 0
f665ee 19 7b32f7 18 1 9c6639 20 0
1eccbd 116 8f665e 116 1 47b330 117 0
63d997 11 31eccb 10 1 2b8cc6 9 0
0c7b32 184 063d99 184 0 095c66 185 0
418f66 44 a0c7b3 45 1 000000 45 0
e831ec 55 7418f6 54 1 9712b8 56 0
1d063d 207 8e831e 208 1 000000 208 0
a3a0c7 46 51d063 45 1 fab896 46 0
147418 220 0a3a0c 220 0 0f5712 221 0
428e83 29 a14741 28 0 266447 28 0
2851d0 77 1428e8 78 0 5428e8 79 0
850a3a 169 c2851d 168 0 e64cc8 169 0
30a147 232 9850a3 233 1 000000 233 0
a61428 29 530a14 30 0 4c2850 29 0
94c285 163 4a6142 164 1 800000 165 0
d29850 32 e94c28 33 0 a94c28 34 0
fa530a 163 fd2985 164 0 bd2985 165 0
bf4a61 41 dfa530 42 0 9fa530 43 0
f7e94c 190 fbf4a6 190 1 7e94c0 185 0
7efd29 159 3f7e94 160 0 7f7e94 161 0
cfdfa5 119 e7efd2 118 1 b7cf78 118 0
39fbf4 51 1cfdfa 52 1 800000 52 0
873f7e 175 c39fbf 176 1 000000 175 0
b0e7ef 120 5873f7 121 1 800000 122 0
d61cfd 173 eb0e7e 174 1 000001 173 0
fac39f 128 7d61cf 127 1 9e095c 129 0
1f5873 167 0fac39 168 0 4fac39 169 0
c3eb0e 253 61f587 254 1 800000 255 0
d87d61 160 ec3eb0 161 0 ac3eb0 162 0
fb0fac 230 fd87d6 231 1 000000 230 0
bf61f5 227 dfb0fa 228 1 000001 227 0
f7ec3e 167 7bf61f 168 1 800000 169 0
defd87 135 ef7ec3 136 1 000001 135 0
bbdfb0 175 5defd8 175 0 ce7c40 172 0
577bf6 55 2bbdfb 56 1 800000 56 0
caef7e 72 e577bf 72 1 2bbdf8 69 0
795def 250 3caef7 251 1 800000 251 0
cf2bbd 126 6795de 127 1 800000 128 0
d9e577 59 6cf2bb 60 1 800000 61 0
9b3cae 63 4d9e57 64 1 800000 65 0
d36795 11 69b3ca 10 1 8f46d8 12 0
1a6cf2 6 0d3679 7 0 4d3679 8 0
c34d9e 38 61a6cf 38 1 b0d368 39 0
5869b3 213 ac34d9 214 0 b0d365 213 0
ab0d36 164 d5869b 164 1 561a6c 162 0
7561a6 86 bab0d3 85 1 18093c 86 0
2eac34 252 97561a 252 1 4bab0d 253 0
65d586 168 b2eac3 167 1 0c6024 168 0
2cbab0 88 965d58 88 0 0c6020 86 0
659756 44 32cbab 45 1 800000 45 0
ccb2ea 39 665975 40 0 32cba8 38 0
d9965d 168 eccb2e 168 1 665978 165 0
7b32cb 113 bd9965 114 0 f66595 113 0
af6659 65 d7b32c 64 0 8d9ff8 66 0
35eccb 146 9af665 147 0 d7b32a 145 0
a6bd99 186 535ecc 187 0 4d7b31 186 0
d4d7b3 216 6a6bd9 217 0 535eca 215 0
da9af6 163 ed4d7b 162 1 c7e871 162 0
3b535e 181 1da9af 182 1 800000 182 0
c76a6b 200 63b535 201 0 1da9aa 199 0
d8ed4d 170 6c76a6 170 1 b63b54 171 0
5b1da9 105 ad8ed4 105 0 8ac7d0 101 0
6b63b5 10 b5b1da 11 1 000000 11 0
ad6c76 195 56b63b 194 1 8108ac 196 0
15ad8e 76 8ad6c7 76 1 456b64 77 0
62b5b1 124 b15ad8 125 0 c56b61 124 0
ec56b6 170 762b5b 171 1 800000 172 0
dd8ad6 229 6ec56b 230 1 800000 231 0
dbb15a 206 6dd8ad 207 0 6ec568 205 0
db762b 94 edbb15 95 0 adbb15 96 0
fb6ec5 85 fdb762 84 1 f92628 84 0
3f6dd8 150 9fb6ec 151 0 fdb760 149 0
e7edbb 241 f3f6dd 241 0 edf24c 242 0
7cfdb7 40 be7edb 41 1 000000 41 0
af9fb6 187 d7cfdb 188 1 000000 187 0
b5f3f6 248 5af9fb 249 1 800000 250 0
96be7e 177 4b5f3f 176 1 f10ede 177 0
12d7cf 137 896be7 136 1 6710ee 138 0
225af9 239 112d7c 238 0 5578dc 240 0
044b5f 193 8225af 192 1 619c44 194 0
20896b 246 1044b5 247 0 5044b5 248 0
84112d 176 420896 176 1 a1044c 177 0
508225 169 284112 169 1 a1044c 167 0
4a1044 121 250822 122 1 800000 122 0
c94208 57 64a104 58 0 250820 56 0
992841 40 4c9420 41 0 325081 40 0
932508 198 499284 198 0 72de30 196 0
5264a1 216 293250 215 0 737ee4 217 0
0a4c94 165 05264a 164 1 0f72de 164 0
014992 93 80a4c9 93 0 03dcb6 92 0
602932 128 301499 128 0 481ee6 129 0
4c0526 117 a60293 117 1 53014a 118 0
6980a4 33 b4c052 34 1 000000 34 0
ad3014 172 d6980a 172 1 5a6028 170 0
75a602 127 bad301 126 0 4c3e0a 125 0
2eb4c0 6 975a60 6 0 183c80 4 0
65d698 97 32eb4c 98 0 72eb4c 99 0
8cbad3 45 465d69 45 0 4c60f0 43 0
51975a 55 a8cbad 55 0 4c60e0 50 0
6a32eb 60 b51975 60 0 fa6300 57 0
6d465d 89 b6a32e 90 1 000000 90 0
eda8cb 213 f6d465 213 0 f23e98 214 0
7db519 141 beda8c 140 0 74897c 139 0
2fb6a3 29 17db51 30 0 57db51 31 0
85f6d4 45 c2fb6a 46 1 000000 45 0
f0beda 141 785f6d 140 0 acee90 141 0
1e17db 166 0f0bed 166 0 1691e4 167 0
43c2fb 63 a1e17d 64 0 8785f5 63 0
e8785f 176 743c2f 175 1 972d24 177 0
1d0f0b 173 8e8785 174 0 e87854 171 0
a3a1e1 230 d1d0f0 230 0 bab968 231 0
74743c 198 ba3a1e 198 1 5d1d0f 199 0
6e8e87 160 374743 160 1 dd1d10 158 0
4dd1d0 234 a6e8e8 234 0 4bab80 230 0
69ba3a 252 b4dd1d 253 0 d37474 252 0
ed3747 210 769ba3 211 1 800000 212 0
dda6e8 121 eed374 120 0 aa8851 122 0
3bb4dd 80 9dda6e 80 1 4eed38 81 0
67769b 22 33bb4d 22 0 4d98f4 23 0
4ceed3 54 267769 53 0 701544 55 0
099dda 57 04ceed 58 0 44ceed 59 0
8133bb 155 c099dd 156 0 8099dd 157 0
b02677 69 d8133b 70 1 000001 69 0
f604ce 222 fb0267 223 1 000000 222 0
fec099 94 7f604c 95 0 604c40 88 0
9fd813 135 cfec09 134 0 83e70c 136 0
33fb02 98 99fd81 99 0 cfec08 97 0
e67f60 223 f33fb0 224 0 b33fb0 225 0
fccfec 92 7e67f6 91 1 9ecdf8 93 0
1f99fd 242 0fccfe 243 1 800000 243 0
c3f33f 169 e1f99f 169 1 0fcd00 166 0
787e67 235 bc3f33 234 1 1a5ece 235 0
2f0fcc 117 9787e6 117 1 4bc3f3 118 0
65e1f9 246 b2f0fc 246 0 c697a8 243 0
6cbc3f 138 365e1f 139 1 800000 139 0
8d9787 49 46cbc3 49 1 a365e2 50 0
51b2f0 133 a8d978 132 0 4c3f58 132 0
2a365e 208 951b2f 209 1 000000 209 0
e546cb 91 f2a365 91 0 ebf518 92 0
7ca8d9 149 3e546c 150 0 7e546c 151 0
cf951b 61 67ca8d 62 0 3e546a 60 0
99f2a3 49 4cf951 49 0 375fa0 46 0
533e54 80 299f2a 81 1 800000 81 0
ca67ca 19 6533e5 18 0 fa0379 18 0
194cf9 214 8ca67c 215 0 ca67c4 212 0
a3299f 46 d194cf 47 1 000001 46 0
f46533 61 fa3299 61 0 f74be6 62 0
7e8ca6 153 bf4653 152 1 1ee97c 153 0
2fd194 243 97e8ca 242 1 71ee98 244 0
25fa32 9 92fd19 9 0 71ee96 8 0
64bf46 244 325fa3 245 1 800000 245 0
cc97e8 175 e64bf4 176 0 a64bf4 177 0
f992fd 86 7cc97e 87 1 800000 88 0
df325f 54 6f992f 53 1 93b2e4 55 0
1be64b 39 8df325 38 0 62dfde 39 0
237cc9 206 91be64 206 0 6a765a 205 0
646f99 195 3237cc 196 0 7237cc 197 0
8c8df3 107 4646f9 107 0 4b53b0 105 0
5191be 55 a8c8df 56 1 000000 56 0
aa3237 167 55191b 168 1 800000 169 0
d54646 13 eaa323 14 1 000000 13 0
faa8c8 226 7d5464 226 0 effa58 225 0
5f5519 93 afaa8c 94 0 beaa31 93 0
abeaa3 78 d5f551 78 0 c0effa 79 0
757d54 241 3abeaa 242 1 800000 242 0
ceafaa 134 e757d5 135 0 a757d5 136 0
f9d5f5 101 7ceafa 102 1 800000 103 0
9f3abe 231 cf9d5f 232 1 000000 231 0
f3e757 48 79f3ab 47 1 9b76c1 49 0
1e7cea 228 0f3e75 229 0 4f3e75 230 0
c3cf9d 49 e1e7ce 50 1 000001 49 0
f879f3 66 7c3cf9 66 0 e96dd8 65 0
5f0f3e 186 af879f 186 1 57c3d0 187 0
6be1e7 152 35f0f3 152 1 d7c3d0 150 0
4d7c3c 233 26be1e 233 1 9af878 231 0
49af87 229 24d7c3 230 1 800000 230 0
c935f0 155 e49af8 154 0 9dc1b6 156 0
3926be 21 9c935f 21 1 4e49b0 22 0
6724d7 163 33926b 162 1 356e86 161 0
0ce49a 203 06724d 204 0 46724d 205 0
819c93 141 c0ce49 141 0 a1356e 142 0
703392 123 b819c9 124 0 e06724 123 0
ee0672 68 770339 67 0 a9880e 68 0
1dc0ce 173 8ee067 173 1 477034 174 0
63b819 40 31dc0c 41 0 71dc0c 42 0
cc7703 57 663b81 57 0 caca10 55 0
598ee0 183 acc770 184 0 b31dc0 183 0
ab31dc 24 d598ee 25 1 000000 24 0
b5663b 138 dab31d 137 0 915fe5 139 0
36acc7 219 9b5663 219 1 4dab32 220 0
66d598 249 336acc 249 0 4d2032 250 0
4cdab3 254 a66d59 255 0 99b565 254 0
e99b56 136 74cdab 136 1 ba66d6 137 0
5d336a 51 ae99b5 51 0 bcd1f0 47 0
6ba66d 75 35d336 74 1 42f348 73 0
0d74cd 165 06ba66 166 1 800000 166 0
81ae99 57 40d74c 56 0 8868fc 55 0
1035d3 218 881ae9 219 0 81ae94 216 0
e206ba 76 f1035d 77 0 b1035d 78 0
bc40d7 94 5e206b 95 1 800000 96 0
97881a 170 4bc40d 169 0 f5a882 168 0
12f103 169 897881 170 0 978814 167 0
a25e20 63 512f10 62 0 95eb50 62 0
144bc4 231 0a25e2 232 1 800000 232 0
828978 164 c144bc 165 0 8144bc 166 0
f0512f 53 f82897 54 1 000001 53 0
be0a25 157 5f0512 156 1 8743ce 158 0
17c144 103 8be0a2 102 1 68e87a 104 0
22f828 87 117c14 88 0 517c14 89 0
845f05 107 c22f82 108 1 000001 107 0
f08be0 183 f845f0 183 0 f468e8 184 0
7e117c 214 bf08be 215 1 000000 215 0
efc22f 35 77e117 36 1 800000 37 0
ddf845 123 6efc22 123 1 b77e12 124 0
5bbf08 154 addf84 155 0 b77e10 154 0
ab77e1 52 55bbf0 53 0 56efc1 52 0
956efc 73 cab77e 74 1 000000 73 0
b2addf 239 5956ef 238 1 830134 240 0
1655bb 86 8b2add 87 0 b2add4 84 0
e2cab7 53 f1655b 53 1 1655c0 49 0
7c5956 165 3e2cab 166 1 800000 166 0
8f8b2a 24 47c595 25 0 1f1654 24 0
d1f165 8 68f8b2 9 1 800000 10 0
da3e2c 61 ed1f16 62 1 000000 61 0
bb47c5 18 5da3e2 19 1 800000 20 0
9768f8 149 4bb47c 150 0 2ed1f0 149 0
d2ed1f 241 e9768f 242 1 000001 241 0
fa5da3 117 7d2ed1 117 0 ef18e8 116 0
5f4bb4 2 afa5da 3 1 000000 3 0
ebe976 104 75f4bb 105 1 800000 106 0
9d7d2e 48 4ebe97 49 1 800000 50 0
93afa5 152 c9d7d2 153 1 000001 152 0
b275f4 23 593afa 23 1 ac9d7d 24 0
564ebe 235 2b275f 236 1 800000 236 0
8ac9d7 96 4564eb 95 1 e81762 96 0
11593a 234 08ac9d 234 0 0d02ec 235 0
422b27 240 a11593 240 1 508aca 241 0
684564 149 b422b2 150 1 000000 150 0
ed08ac 123 768456 122 1 98e340 124 0
1da115 58 8ed08a 59 1 000000 59 0
a3b422 59 51da11 58 0 994255 58 0
147684 77 8a3b42 78 1 000000 78 0
e28ed0 145 714768 144 0 9b3284 145 0
1c51da 178 8e28ed 179 0 e28ed0 176 0
a38a3b 201 d1c51d 201 0 baa7ac 202 0
747147 75 3a38a3 76 1 800000 76 0
ce8e28 128 e74714 128 0 daea9e 129 0
79d1c5 49 bce8e2 50 1 000000 50 0
ef3a38 239 779d1c 240 0 79d1c0 237 0
dde747 189 6ef3a3 190 1 800000 191 0
9bbce8 16 4dde74 15 0 855844 15 0
13779d 67 89bbce 67 1 44dde8 68 0
626ef3 52 b13779 51 0 76155f 51 0
2c4dde 216 9626ef 216 1 4b1378 217 0
6589bb 219 b2c4dd 220 0 cb1375 219 0
acb137 228 d6589b 229 1 000001 228 0
f59626 218 facb13 218 1 596260 213 0
7eb2c4 94 3f5962 95 1 800000 95 0
8fd658 243 47eb2c 242 0 cf2fb8 241 0
11facb 127 08fd65 128 0 48fd65 129 0
c23f59 57 611fac 58 0 08fd62 56 0
d847eb 105 6c23f5 104 0 8e59e6 105 0
1b08fd 55 0d847e 54 1 288d7c 54 0
03611f 178 01b08f 179 1 800000 179 0
c06c23 117 e03611 117 0 d0511a 118 0
780d84 89 3c06c2 90 1 800000 90 0
cf01b0 115 6780d8 116 0 3c06c0 114 0
d9e036 47 ecf01b 48 1 000000 47 0
bb3c06 166 5d9e03 166 1 aecf02 167 0
576780 167 2bb3c0 168 0 6bb3c0 169 0
caecf0 180 657678 181 0 2bb3c0 179 0
995d9e 87 4caecf 88 1 800000 89 0
932bb3 13 4995d9 14 0 265765 13 0
d26576 44 6932bb 45 1 800000 46 0
da4cae 39 6d2657 39 1 b6932c 40 0
5b4995 246 ada4ca 247 1 000000 247 0
eb6932 161 75b499 162 0 5b4990 159 0
9d6d26 26 4eb693 25 1 f611dc 26 0
13ada4 22 89d6d2 23 1 000000 23 0
a275b4 139 d13ada 139 1 44eb68 137 0
744eb6 28 ba275b 27 1 173b08 28 0
2e89d6 197 1744eb 197 1 ba2758 194 0
45d13a 76 a2e89d 75 0 2e8b11 75 0
28ba27 110 145d13 110 1 a2e8a0 107 0
451744 38 228ba2 39 1 800000 39 0
c8a2e8 46 645174 47 0 228ba0 45 0
d9145d 70 ec8a2e 69 1 c59e8c 69 0
3b228b 21 9d9145 22 0 ec8a2a 20 0
a76451 180 d3b228 179 0 889eb2 181 0
34ec8a 192 9a7645 193 0 d3b228 191 0
a69d91 124 d34ec8 125 0 934ec8 126 0
f4d3b2 232 7a69d9 231 0 b2089e 232 0
1e9a76 98 0f4d3b 99 1 800000 99 0
c3d34e 220 61e9a7 219 1 896f3d 221 0
187a69 174 0c3d34 175 0 4c3d34 176 0
830f4d 145 4187a6 146 1 800000 147 0
d061e9 22 6830f4 23 0 4187a2 21 0
9a0c3d 126 4d061e 127 1 800000 128 0
934187 178 49a0c3 179 1 800000 180 0
d26830 117 e93418 117 0 ddce24 118 0
7a4d06 16 bd2683 17 1 000000 17 0
ef49a0 67 f7a4d0 68 0 b7a4d0 69 0
bde934 136 def49a 137 1 000000 136 0
b7bd26 152 dbde93 153 1 000000 152 0
b6f7a4 212 5b7bd2 213 1 800000 214 0
96def4 68 cb6f7a 67 1 c49cdc 66 0
32dbde 51 996def 50 1 731273 52 0
265b7b 105 932dbd 106 0 996dea 104 0
a4cb6f 95 d265b7 96 1 000001 95 0
b4996d 170 da4cb6 171 1 000001 170 0
b6932d 104 db4996 105 1 000001 104 0
f6d265 231 fb6932 230 1 f23b98 230 0
3eda4c 216 9f6d26 216 1 4fb693 217 0
67db49 6 b3eda4 6 0 de4768 3 0
6cfb69 108 b67db4 109 0 d9f6d1 108 0
ad9f6d 167 d6cfb6 168 1 000001 167 0
f5b3ed 175 7ad9f6 176 1 800000 177 0
deb67d 58 6f5b3e 57 1 93846f 59 0
1bd6cf 68 0deb67 69 1 800000 69 0
c37ad9 222 e1bd6c 223 0 a1bd6c 224 0
f86f5b 190 fc37ad 191 0 bc37ad 192 0
bf0deb 136 df86f5 137 0 9f86f5 138 0
f7e1bd 27 7bf0de 26 1 9cf4a7 28 0
1efc37 48 0f7e1b 47 1 2e7a53 47 0
03df86 228 81efc3 228 1 40f7e2 229 0
607bf0 32 b03df8 33 0 c0f7e0 32 0
ec0f7e 163 f607bf 162 1 e2173d 162 0
3d81ef 181 1ec0f7 182 1 800000 182 0
87b03d 15 c3d81e 14 1 9710b8 13 0
30f607 109 187b03 108 1 49710b 108 0
061ec0 133 030f60 134 0 430f60 135 0
c0c3d8 239 6061ec 239 0 849710 237 0
58187b 63 ac0c3d 64 0 b030f5 63 0
eb030f 25 758187 24 1 982126 26 0
1d6061 249 0eb030 249 0 160848 250 0
43ac0c 12 a1d606 13 1 000000 13 0
e87581 73 f43ac0 73 0 ee5820 74 0
7d0eb0 77 3e8758 77 0 5dcb04 78 0
4fa1d6 106 a7d0eb 106 1 53e876 107 0
69f43a 142 34fa1d 142 0 4f772c 143 0
4d3e87 213 269f43 214 1 800000 214 0
c9a7d0 82 64d3e8 83 0 269f40 81 0
d934fa 201 ec9a7d 200 0 a7c11c 202 0
3b269f 236 9d934f 235 1 762e7c 237 0
2764d3 30 93b269 31 0 9d934a 29 0
a4ec9a 54 52764d 55 0 49d934 54 0
949d93 123 ca4ec9 123 0 af762e 124 0
7293b2 2 3949d9 3 0 7949d9 4 0
ce5276 53 67293b 54 1 800000 55 0
d9ca4e 246 6ce527 246 1 b67294 247 0
5b3949 177 2d9ca4 177 0 446af6 178 0
4b6729 114 a5b394 115 0 96ce51 114 0
a96ce5 231 54b672 232 1 800000 233 0
d52d9c 25 6a96ce 24 1 8ff11a 26 0
1aa5b3 109 8d52d9 110 0 d52d94 107 0
e354b6 254 f1aa5b 255 1 000000 254 0
fc6a96 160 fe354b 161 1 000000 160 0
bf8d52 71 5fc6a9 71 0 fa9fd8 68 0
57f1aa 46 abf8d5 46 0 fa9fc0 40 0
6afe35 75 b57f1a 75 1 5abf8e 76 0
6d5fc6 204 36afe3 205 1 800000 205 0
8dabf8 45 c6d5fc 44 0 f116f6 45 0
31b57f 197 98dabf 196 1 72a410 198 0
2636af 49 931b57 48 1 6e5482 50 0
24c6d5 228 12636a 229 1 800000 229 0
8498da 72 424c6d 72 0 1b951c 70 0
50931b 110 a8498d 109 0 496fc3 109 0
2a1263 151 150931 152 0 550931 153 0
c5424c 29 e2a126 28 1 a7e372 28 0
38a849 203 1c5424 204 0 5c5424 205 0
871509 188 c38a84 187 0 e8da4b 188 0
30e2a1 51 987150 50 0 7d1b49 51 0
261c54 121 130e2a 122 1 800000 122 0
84c38a 87 4261c5 87 0 1c953c 85 0
509871 159 284c38 158 0 725f46 160 0
0a130e 103 850987 102 1 63c725 104 0
214261 158 10a130 159 0 50a130 160 0
c4284c 135 e21426 134 1 a63c72 134 0
388509 184 1c4284 184 0 2a63c6 185 0
4710a1 91 238850 90 0 6c6a64 92 0
08e214 39 84710a 38 1 6354c8 40 0
211c42 172 108e21 173 0 508e21 174 0
c42388 11 e211c4 10 0 9a9635 12 0
388471 3 1c4238 2 0 6352c6 4 0
07108e 170 838847 171 1 000000 171 0
e0e211 134 f07108 134 0 e8a98c 135 0
7c1c42 164 3e0e21 165 0 7e0e21 166 0
8f8388 89 c7c1c4 88 0 f3646a 89 0
31f071 76 18f838 75 0 5f3646 77 0
063e0e 21 031f07 22 1 800000 22 0
c0c7c1 242 6063e0 243 0 031f02 241 0
d818f8 19 ec0c7c 18 0 a70f9b 20 0
3b031f 4 9d818f 5 1 000000 5 0
e76063 190 f3b031 190 0 ed884a 191 0
7cec0c 11 be7606 12 1 000000 12 0
ef9d81 200 f7cec0 200 0 f3b620 201 0
7df3b0 251 bef9d8 250 0 75c270 249 0
2fbe76 33 17df3b 32 1 479db1 32 0
05f7ce 70 02fbe7 71 1 800000 71 0
80bef9 218 405f7c 219 0 017df1 218 0
d017df 87 e80bef 87 1 405f80 84 0
7a02fb 106 bd017d 105 0 620ee6 104 0
2f405f 64 17a02f 63 1 46e08f 63 0
05e80b 230 02f405 230 0 046e08 231 0
40bd01 111 a05e80 110 0 21d882 110 0
2817a0 215 940bd0 216 0 a05e80 214 0
a502f4 28 52817a 27 1 fbc237 28 0
14a05e 234 0a502f 235 1 800000 235 0
c2940b 64 614a05 64 0 8f7840 62 0
585281 27 2c2940 27 0 423de0 28 0
4b0a50 236 a58528 235 0 3b99c8 235 0
29614a 126 94b0a5 125 0 73b99c 126 0
252c29 195 929614 195 0 6f847a 194 0
64a585 20 b252c2 21 1 000000 21 0
ac94b0 62 d64a58 63 0 964a58 64 0
b59296 167 dac94b 168 1 000000 167 0
b6b252 181 db5929 182 0 9b5929 183 0
f6d64a 154 fb6b25 154 0 f920b8 155 0
7edac9 215 3f6d64 216 0 7f6d64 217 0
8fdb59 54 c7edac 55 0 87edac 56 0
f1fb6b 89 f8fdb5 90 0 b8fdb5 91 0
fe3f6d 147 ff1fb6 148 1 000001 147 0
ffc7ed 157 ffe3f6 157 1 1fb800 146 0
7ff8fd 151 3ffc7e 152 1 800000 152 0
cfff1f 237 e7ff8f 238 1 000001 237 0
b9ffe3 180 5cfff1 181 0 73ffc5 180 0
973ffc 160 4b9ffe 161 1 800000 162 0
d2e7ff 29 e973ff 29 1 4ba000 26 0
7a5cff 91 bd2e7f 92 1 000000 92 0
af4b9f 225 d7a5cf 224 1 86f16f 224 0
35e973 179 9af4b9 180 0 d7a5ca 178 0
a6bd2e 223 535e97 222 1 fd0de2 223 0
14d7a5 157 0a6bd2 158 1 800000 158 0
c29af4 79 614d7a 79 1 b0a6bd 80 0
58535e 242 ac29af 241 1 023e86 242 0
2b0a6b 34 158535 33 0 5ae683 35 0
05614d 150 02b0a6 151 1 800000 151 0
c0ac29 102 605614 103 0 02b0a2 101 0
981585 136 4c0ac2 135 1 f21024 136 0
1302b0 243 098158 244 0 498158 245 0
826056 253 41302b 252 1 e1c840 253 0
104c0a 224 082605 223 0 4a2f86 225 0
020981 97 0104c0 98 0 4104c0 99 0
804130 158 402098 159 0 008260 158 0
d00826 84 680413 85 1 800000 86 0
9a0104 234 cd0082 234 1 340208 232 0
734020 229 39a010 230 0 79a010 231 0
ce6804 251 e73402 252 1 000000 251 0
f9cd00 8 fce680 8 0 fb59c0 9 0
7f39a0 34 bf9cd0 35 0 fe7340 34 0
afe734 37 d7f39a 38 1 000000 37 0
b5fce6 108 5afe73 109 1 800000 110 0
d6bf9c 238 eb5fce 238 1 5afe70 235 0
7ad7f3 103 bd6bf9 104 0 f5afe5 103 0
af5afe 127 57ad7f 128 1 800000 129 0
95eb5f 18 caf5af 18 1 2bd6c0 16 0
72bd6b 58 395eb5 58 0 560e10 59 0
4e57ad 145 a72bd6 146 1 000000 146 0
e9caf5 38 74e57a 39 1 800000 40 0
9d395e 136 ce9caf 137 1 000000 136 0
b3a72b 68 d9d395 69 0 99d395 70 0
b674e5 122 db3a72 121 1 91af58 121 0
36ce9c 194 1b674e 195 1 800000 195 0
86d9d3 98 c36ce9 99 0 836ce9 100 0
f0db3a 221 786d9d 222 0 0db3a0 218 0
de1b67 112 ef0db3 111 1 cd291b 111 0
3bc36c 141 1de1b6 142 1 800000 142 0
c7786d 217 63bc36 217 1 b1de1c 218 0
58ef0d 16 2c7786 17 1 800000 17 0
8b1de1 252 c58ef0 252 0 a85668 253 0
7163bc 242 b8b1de 241 1 150acd 242 0
2e2c77 229 97163b 230 1 000000 230 0
a5c58e 179 d2e2c7 180 1 000000 179 0
f4b8b1 57 fa5c58 57 0 f78a84 58 0
7e9716 4 3f4b8b 4 1 fd2e2c 2 0
4fd2e2 19 a7e971 18 0 478f35 18 0
29fa5c 8 14fd2e 8 1 a7e970 5 0
453f4b 137 a29fa5 138 0 8a7e95 137 0
e8a7e9 60 7453f4 61 0 453f44 58 0
9d14fd 145 ce8a7e 145 1 3a29fc 143 0
73a29f 236 39d14f 235 1 5ae7de 234 0
0e7453 125 073a29 126 0 473a29 127 0
81ce8a 248 40e745 249 0 039d14 248 0
d039d1 147 681ce8 148 0 40e742 146 0
9a073a 172 cd039d 172 0 b3856c 173 0
7340e7 185 b9a073 184 1 1670ae 185 0
2e681c 245 17340e 244 1 459c2a 244 0
05cd03 41 82e681 42 0 b9a050 37 0
a0b9a0 56 d05cd0 56 0 b88b38 57 0
741734 40 3a0b9a 39 1 5c459c 38 0
0e82e6 109 874173 110 1 000000 110 0
e1d05c 238 70e82e 239 1 800000 240 0
9c3a0b 8 ce1d05 9 0 8e1d05 10 0
f38741 20 79c3a0 21 0 387408 17 0
9e70e8 140 4f3874 140 0 6d4ae0 137 0
53ce1d 19 a9e70e 20 1 000000 20 0
aa79c3 180 d53ce1 181 0 953ce1 182 0
b54f38 105 daa79c 106 0 9aa79c 107 0
f6a9e7 14 7b54f3 15 1 800000 16 0
9ed53c 160 cf6a9e 159 1 dc7fb4 158 0
33daa7 220 19ed53 221 1 800000 221 0
867b54 249 433daa 250 1 800000 251 0
90cf6a 41 c867b5 42 0 8867b5 43 0
f219ed 121 790cf6 122 1 800000 123 0
de433d 170 ef219e 169 1 cd64dc 169 0
3bc867 58 9de433 59 1 000000 59 0
e7790c 189 f3bc86 189 1 3bc860 185 0
7cef21 2 be7790 3 0 f9de41 2 0
ef9de4 107 f7cef2 107 1 7cef20 103 0
7df3bc 117 3ef9de 118 1 800000 118 0
8fbe77 120 c7df3b 119 1 af3b66 118 0
31f7ce 142 18fbe7 143 1 800000 143 0
863ef9 116 c31f7c 117 0 831f7c 118 0
b0c7df 106 d863ef 107 1 000001 106 0
b618fb 203 5b0c7d 203 0 892bc0 200 0
56c31f 76 2b618f 75 1 04495e 74 0
0ad863 105 856c31 104 0 4d8e7c 105 0
215b0c 222 10ad86 223 1 800000 223 0
c42b61 100 e215b0 101 0 a215b0 102 0
b8856c 175 dc42b6 176 1 000000 175 0
f710ad 125 7b8856 126 1 800000 127 0
dee215 186 ef710a 185 1 ce5320 185 0
3bdc42 242 9dee21 243 0 ef7108 241 0
a77b88 36 d3bdc4 36 0 bd9ca6 37 0
74ef71 164 ba77b8 163 0 48ad34 162 0
2e9dee 190 974ef7 190 1 4ba77c 191 0
65d3bd 137 b2e9de 138 1 000000 138 0
acba77 45 d65d3b 46 1 000001 45 0
b5974e 156 dacba7 157 1 000000 156 0
b6b2e9 86 5b5974 85 0 c8bf46 85 0
16d65d 8 0b6b2e 9 1 800000 9 0
c2dacb 163 616d65 164 0 0b6b2a 162 0
d85b59 166 6c2dac 166 0 89120a 165 0
5b0b6b 32 2d85b5 31 0 78e723 33 0
0b616d 204 85b0b6 203 1 644489 205 0
216c2d 70 90b616 71 1 000000 71 0
e42d85 108 f216c2 108 1 216c30 104 0
7c85b0 232 be42d8 231 0 6e9c70 230 0
2f90b6 252 17c85b 253 1 800000 253 0
85f216 2 42f90b 3 1 800000 4 0
d0be42 146 e85f21 146 0 dc8eb2 147 0
7a17c8 245 bd0be4 244 0 6276e8 243 0
2f42f9 222 97a17c 223 0 bd0be2 221 0
a5e85f 7 d2f42f 7 1 4bd0c0 5 0
74bd0b 25 ba5e85 26 0 e97a15 25 0
ee97a1 148 774bd0 149 0 74bd04 146 0
ddd2f4 219 6ee97a 219 1 b774bd 220 0
5bba5e 226 addd2f 225 1 04cbc6 226 0
2b774b 32 15bba5 31 0 5b2a8f 33 0
056ee9 213 82b774 214 0 addd10 209 0
e0addd 227 f056ee 227 1 056ef0 223 0
7c15bb 183 be0add 182 0 6c6ca6 181 0
2f82b7 11 17c15b 12 1 800000 12 0
85f056 128 c2f82b 129 1 000000 128 0
f0be0a 19 f85f05 19 0 f48e88 20 0
7e17c1 71 3f0be0 71 0 5e91d0 72 0
4fc2f8 155 a7e17c 156 0 9f85f0 155 0
a9f85f 147 d4fc2f 148 1 000001 147 0
f53f0b 113 fa9f85 114 0 ba9f85 115 0
fea7e1 159 ff53f0 160 0 bf53f0 161 0
ffd4fc 157 ffea7e 158 1 000000 157 0
fffa9f 186 fffd4f 187 1 000001 186 0
ffff53 205 7fffa9 206 0 528000 190 0
9fffea 5 cffff5 5 0 b7fff0 6 0
73fffd 117 b9fffe 118 1 000000 118 0
ae7fff 209 573fff 209 1 aba000 210 0
55cfff 153 2ae7ff 154 1 800000 154 0
8ab9ff 138 455cff 139 1 800000 140 0
91573f 231 c8ab9f 231 1 22ae80 229 0
722ae7 53 b91573 52 1 15a02e 53 0
2e455c 31 9722ae 32 1 000000 32 0
a5c8ab 235 d2e455 236 0 92e455 237 0
f4b915 80 fa5c8a 81 1 000001 80 0
fe9722 188 7f4b91 189 0 4b9100 182 0
9fd2e4 61 4fe972 62 1 800000 63 0
93fa5c 175 49fd2e 175 1 a4fe97 176 0
527f4b 254 a93fa5 253 0 4e3e3b 253 0
2a4fe9 178 9527f4 179 0 a93fa2 177 0
e549fd 191 72a4fe 190 1 95fbbf 192 0
1ca93f 84 0e549f 83 1 2afddf 83 0
039527 106 01ca93 105 1 055fbb 105 0
0072a4 101 003952 100 1 00abf6 100 0
000e54 23 80072a 24 1 000000 24 0
a001ca 203 d000e5 202 0 84011e 204 0
340039 142 9a001c 142 0 380154 140 0
668007 227 334003 226 1 338016 225 0
0cd000 211 866800 211 0 267000 210 0
619a00 91 b0cd00 90 0 740100 90 0
2c3340 13 9619a0 12 0 774010 13 0
258668 193 92c334 194 0 9619a0 192 0
e4b0cd 25 725866 26 1 800000 27 0
9c9619 86 ce4b0c 87 0 8e4b0c 88 0
f392c3 102 79c961 101 0 b07774 102 0
1e7258 94 8f392c 95 0 f392c0 92 0
a3ce4b 171 51e725 170 0 9983bb 170 0
1479c9 71 0a3ce4 71 0 0f5b56 72 0
428f39 44 21479c 45 0 61479c 46 0
8851e7 183 4428f3 183 1 a2147a 184 0
510a3c 142 28851e 141 1 798f5a 141 0
0a2147 123 8510a3 122 1 63cc7b 124 0
214428 174 10a214 173 0 54ca99 175 0
042885 150 021442 149 1 063cc8 149 0
008510 126 804288 127 0 851000 119 0
e010a2 238 f00851 239 0 b00851 240 0
bc0214 82 de010a 83 1 000000 82 0
f78042 114 fbc021 115 0 bbc021 116 0
bef008 162 df7804 163 0 9f7804 164 0
b7de01 53 5bef00 54 0 6fbc01 53 0
d6fbc0 49 6b7de0 48 0 8cbab0 49 0
1adf78 166 0d6fbc 166 0 14279a 167 0
435bef 212 21adf7 213 1 800000 213 0
886b7d 248 c435be 249 1 000001 248 0
b10d6f 177 d886b7 176 1 899427 176 0
3621ad 173 1b10d6 174 1 800000 174 0
c6c435 223 63621a 224 1 800000 225 0
d8d886 246 ec6c43 247 1 000000 246 0
fb1b10 208 7d8d88 208 0 f15130 207 0
5f6362 154 afb1b1 154 0 f15130 150 0
6bec6c 135 b5f636 136 1 000000 136 0
ed7d8d 89 f6bec6 89 1 6bec70 85 0
7dafb1 87 bed7d8 87 0 f21e24 85 0
6fb5f6 253 37dafb 252 1 4f21e2 251 0
0df6be 82 86fb5f 81 1 653c87 83 0
21bed7 125 90df6b 126 1 000000 126 0
e437da 47 721bed 48 0 21bed0 45 0
dc86fb 58 6e437d 59 0 721bea 57 0
db90df 49 6dc86f 48 1 925654 50 0
1b721b 252 8db90d 253 0 db90d4 250 0
a36e43 145 51b721 145 0 525640 141 0
546dc8 163 aa36e4 164 0 a8db90 163 0
ea8db9 211 7546dc 211 0 bfa92a 210 0
5d51b7 6 2ea8db 6 1 baa370 4 0
4baa36 25 25d51b 26 1 800000 26 0
897546 133 44baa3 132 1 e717f4 133 0
112ea8 5 889754 4 0 557a52 5 0
2225d5 192 9112ea 192 1 488976 193 0
6444ba 36 b2225d 37 0 c88974 36 0
ec8897 10 76444b 10 1 bb2226 11 0
5d9112 152 2ec889 153 0 6ec889 154 0
8bb222 103 c5d911 104 0 85d911 105 0
b17644 240 d8bb22 239 1 8a3166 239 0
362ec8 8 9b1764 9 0 d8bb20 7 0
a6c5d9 97 d362ec 97 0 bd1462 98 0
74d8bb 142 3a6c5d 142 0 57a28c 143 0
4e9b17 91 274d8b 91 1 9d3630 89 0
49d362 4 24e9b1 3 0 6e241d 5 0
093a6c 85 049d36 85 1 93a6c0 80 0
41274d 115 2093a6 116 1 800000 116 0
c824e9 248 641274 247 0 f45c46 247 0
19049d 147 0c824e 148 1 800000 148 0
c32093 212 619049 213 0 0c824a 211 0
d86412 14 ec3209 13 0 a73e8b 15 0
3b0c82 150 1d8641 150 0 2c4962 151 0
476190 183 a3b0c8 184 0 8ec320 183 0
a8ec32 24 547619 24 0 5892c0 18 0
551d86 24 2a8ec3 25 1 800000 25 0
caa3b0 21 6551d8 22 0 2a8ec0 20 0
995476 162 4caa3b 163 1 800000 164 0
d32a8e 117 e99547 117 1 4caa38 114 0
7a6551 224 3d32a8 224 0 5bcbfc 225 0
4f4caa 25 27a655 26 0 67a655 27 0
89e995 40 c4f4ca 41 1 000001 40 0
b13d32 231 d89e99 231 0 c4ede6 232 0
7627a6 193 3b13d3 193 1 ec4f4c 191 0
4ec4f4 11 27627a 10 1 76276e 10 0
09d89e 75 04ec4f 76 1 800000 76 0
c13b13 139 609d89 140 0 04ec4a 138 0
d82762 194 6c13b1 195 0 609d88 193 0
9b04ec 14 cd8276 14 1 3609d8 12 0
73609d 106 b9b04e 106 1 5cd828 107 0
6e6c13 184 b73609 183 0 281c5e 182 0
2dcd82 35 96e6c1 34 0 7940e2 35 0
25b9b0 121 12dcd8 122 0 52dcd8 123 0
84b736 48 c25b9b 47 1 8e25a2 46 0
3096e6 135 184b73 134 1 48e259 134 0
0612dc 195 83096e 196 1 000000 196 0
a0c25b 129 d0612d 130 0 90612d 131 0
f4184b 130 7a0c25 131 0 4184a8 127 0
de8309 129 ef4184 130 0 af4184 131 0
fbd061 19 7de830 19 0 f37122 18 0
5f7a0c 22 2fbd06 22 1 bef418 20 0
4bef41 233 25f7a0 233 0 38f370 234 0
497de8 192 24bef4 192 0 371e6e 193 0
492fbd 152 2497de 152 1 925f7c 150 0
4925f7 197 2492fb 198 1 800000 198 0
c924be 151 64925f 151 1 b24930 152 0
592497 149 ac924b 148 1 02db72 149 0
2b2492 114 159249 115 0 559249 116 0
c56492 98 e2b249 97 0 9b5edb 99 0
38ac92 145 9c5649 144 0 0daf6d 144 0
271592 56 138ac9 57 0 538ac9 58 0
c4e2b2 234 627159 233 0 ec36bd 233 0
189c56 4 8c4e2b 5 1 000000 5 0
e3138a 50 7189c5 51 0 189c50 48 0
dc6271 201 6e3138 201 0 952752 200 0
5b8c4e 108 adc627 109 1 000000 109 0
eb7189 63 f5b8c4 64 0 b5b8c4 65 0
fd6e31 123 feb718 123 0 fe12a4 124 0
7fadc6 11 bfd6e3 11 1 5feb72 12 0
6ff5b8 83 b7fadc 84 0 dfeb70 83 0
edfeb7 201 f6ff5b 200 1 e4fe13 200 0
3dbfd6 176 1edfeb 175 1 5c9fc1 175 0
07b7fa 184 03dbfd 183 0 44d2fc 185 0
00f6ff 92 007b7f 91 1 01727f 91 0
001edf 36 000f6f 37 1 800000 37 0
8003db 226 c001ed 227 0 8001ed 228 0
b0007b 134 58003d 135 0 6000f5 134 0
96000f 193 cb0007 192 1 c2002e 191 0
32c001 175 196000 174 0 5fb800 176 0
065800 3 832c00 2 0 47ee00 3 0
20cb00 2 906580 1 0 68fdc0 2 0
241960 160 920cb0 160 0 6c4c20 159 0
64832c 53 324196 52 1 2d8984 51 0
0c9065 79 064832 79 1 c90660 74 0
41920c 244 20c906 245 1 800000 245 0
883241 41 441920 42 0 106481 41 0
d10648 112 e88324 111 0 a2a3ed 113 0
3a20c9 237 1d1064 238 0 5d1064 239 0
874419 9 c3a20c 8 0 e9151f 9 0
30e883 179 187441 180 0 587441 181 0
861d10 127 c30e88 127 0 a495cc 128 0
70c3a2 207 3861d1 207 0 5492ba 208 0
4e1874 205 270c3a 204 1 7524ae 204 0
09c30e 67 04e187 66 1 0ea495 66 0
013861 202 009c30 203 0 409c30 204 0
80270c 22 401386 22 1 a009c3 23 0
5004e1 233 a80270 233 0 00ea20 228 0
6a009c 97 b5004e 98 1 000000 98 0
ed4013 52 76a009 52 0 c7c038 51 0
5da802 50 aed401 50 0 c7c030 46 0
6bb500 91 35da80 90 0 06a240 91 0
0d76a0 108 06bb50 109 0 46bb50 110 0
c1aed4 141 e0d76a 142 1 000000 141 0
b835da 121 5c1aed 122 0 706bb4 121 0
d706bb 226 6b835d 226 0 851430 225 0
5ae0d7 197 ad706b 198 1 000000 198 0
eb5c1a 238 f5ae0d 237 0 b31990 239 0
3d6b83 209 1eb5c1 210 0 5eb5c1 211 0
c7ad70 226 63d6b8 227 0 1eb5c0 225 0
d8f5ae 219 6c7ad7 220 1 800000 221 0
db1eb5 219 6d8f5a 218 1 922b84 220 0
1b63d6 214 0db1eb 214 1 db1eb0 210 0
436c7a 173 21b63d 174 0 61b63d 175 0
c86d8f 248 6436c7 247 1 8b2916 249 0
190db1 182 0c86d8 183 0 4c86d8 184 0
8321b6 35 c190db 35 1 06436c 33 0
706436 86 38321b 86 1 e0c86c 84 0
4e0c86 157 270643 158 1 800000 158 0
89c190 134 44e0c8 135 0 138320 134 0
d13832 81 689c19 81 0 e7512c 79 0
5a2706 126 ad1383 127 1 000000 127 0
ab44e0 192 55a270 192 0 e75000 184 0
55689c 152 2ab44e 153 1 800000 153 0
8aad13 249 c55689 250 0 855689 251 0
b155a2 11 58aad1 12 0 62ab44 11 0
962ab4 86 4b155a 87 1 800000 88 0
d2c556 83 e962ab 83 1 4b1558 80 0
7a58aa 172 3d2c55 171 0 18eed4 172 0
0f4b15 217 87a58a 216 1 65bc28 218 0
21e962 151 10f4b1 150 0 5531dd 152 0
043d2c 215 021e96 215 1 87a580 209 0
4087a5 68 a043d2 69 1 000000 69 0
e810f4 242 74087a 243 1 800000 244 0
9d021e 104 ce810f 104 1 3a043c 102 0
73a043 143 b9d021 144 0 e74085 143 0
ae7408 163 573a04 162 0 b42214 162 0
15ce81 117 0ae740 117 0 105ae0 118 0
42b9d0 184 215ce8 184 0 320b5c 185 0
48573a 151 a42b9d 152 0 90ae74 151 0
e90ae7 229 748573 230 1 800000 231 0
9d215c 92 4e90ae 91 1 f5d905 92 0
13a42b 180 09d215 179 0 4c469b 181 0
027485 74 813a42 74 1 409d22 75 0
604e90 251 302748 251 0 483aec 252 0
4c09d2 191 a604e9 191 0 20ebb0 187 0
69813a 108 34c09d 109 0 74c09d 110 0
cd3027 114 e69813 115 1 000001 114 0
f9a604 14 7cd302 15 1 800000 16 0
9f34c0 233 cf9a60 233 0 b76790 234 0
73e698 157 b9f34c 157 0 b76790 155 0
6e7cd3 21 373e69 22 0 773e69 23 0
cdcf9a 178 e6e7cd 179 0 a6e7cd 180 0
f9b9f3 233 7cdcf9 234 0 373e50 229 0
9f373e 237 cf9b9f 236 1 dda5ba 235 0
33e6e7 127 99f373 127 1 4cf9ba 128 0
667cdc 40 333e6e 41 1 800000 41 0
cccf9b 236 e667cd 237 0 a667cd 238 0
f999f3 175 7cccf9 174 0 b80070 175 0
1f333e 167 8f999f 168 1 000000 168 0
e3e667 244 71f333 245 1 800000 246 0
9c7ccc 181 4e3e66 182 1 800000 183 0
938f99 159 c9c7cc 158 0 f8737f 159 0
3271f3 159 9938f9 160 0 c9c7ca 158 0
a64e3e 227 d3271f 227 1 4c9c7c 225 0
74c9c7 252 ba64e3 252 1 5d3272 253 0
6e9938 24 b74c9c 25 0 dd3270 24 0
edd327 162 76e993 162 1 bb74ca 163 0
5dba64 171 aedd32 172 1 000000 172 0
abb74c 126 d5dba6 125 1 8192f2 125 0
3576e9 248 9abb74 247 0 05a946 247 0
26aedd 12 93576e 13 1 000000 13 0
e4d5db 195 726aed 195 0 ae8190 194 0
5c9abb 44 ae4d5d 45 0 b93575 44 0
ab9357 150 d5c9ab 151 1 000001 150 0
f5726a 74 fab935 75 0 bab935 76 0
feae4d 251 ff5726 252 1 000001 251 0
ffd5c9 28 7feae4 28 0 ff815a 27 0
5ffab9 127 affd5c 126 0 6ff2ce 126 0
2bff57 75 15ffab 74 1 41ff03 74 0
057fea 192 02bff5 193 0 42bff5 194 0
80affd 108 4057fe 107 1 e083fe 108 0
1015ff 11 880aff 12 1 000000 12 0
e202bf 96 f1015f 97 1 000001 96 0
bc4057 194 de202b 194 1 7880b0 192 0
77880a 80 bbc405 79 0 55a832 78 0
2ef101 126 177880 127 0 577880 128 0
85de20 130 42ef10 131 0 0bbc40 130 0
d0bbc4 207 685de2 206 1 8e466a 208 0
1a1778 35 8d0bbc 36 0 d0bbc0 33 0
a342ef 132 d1a177 131 1 e9c8ce 130 0
34685d 199 1a342e 199 1 d1a178 196 0
468d0b 108 234685 109 0 634685 110 0
c8d1a1 183 6468d0 182 0 f60c12 182 0
191a34 66 8c8d1a 67 1 000000 67 0
e32346 143 7191a3 142 1 952d3a 144 0
1c6468 85 0e3234 84 0 51bec1 86 0
038c8d 44 81c646 45 1 000000 45 0
e07191 17 7038c8 18 0 038c84 15 0
9c0e32 157 ce0719 157 0 b50aa6 158 0
7381c6 25 39c0e3 26 1 800000 26 0
8e7038 53 c7381c 54 0 87381c 55 0
b1ce07 71 58e703 70 1 82ad43 72 0
1639c0 65 8b1ce0 66 0 b1ce00 63 0
e2c738 9 71639c 9 0 a855a8 8 0
5c58e7 224 ae2c73 225 1 000000 225 0
eb8b1c 91 f5c58e 92 1 000000 91 0
fd7163 179 feb8b1 180 0 beb8b1 181 0
ffae2c 73 7fd716 73 1 bfeb8b 74 0
5ff5c5 240 2ffae2 241 1 800000 241 0
cbfeb8 232 e5ff5c 233 0 a5ff5c 234 0
b97fd7 125 5cbfeb 126 1 800000 127 0
972ffa 8 4b97fd 9 0 2e5ff4 8 0
92e5ff 85 c972ff 85 1 25cc00 83 0
725cbf 98 392e5f 97 1 57163e 96 0
0e4b97 171 0725cb 170 1 157163 170 0
01c972 204 80e4b9 203 0 423bce 204 0
20392e 15 901c97 14 1 6c1571 16 0
240725 147 120392 148 1 800000 148 0
8480e4 78 c24072 77 1 8d82ac 76 0
30901c 242 18480e 241 1 48d82a 241 0
061203 231 030901 231 0 048d82 232 0
40c240 175 a06120 176 0 818480 175 0
e81848 86 740c24 85 0 a21e5a 86 0
1d0309 139 0e8184 140 0 4e8184 141 0
c3a061 123 61d030 124 0 0e8182 122 0
d8740c 161 ec3a06 160 1 c4ae12 160 0
3b0e81 124 1d8740 123 0 64e910 125 0
0761d0 147 83b0e8 148 0 ec3a00 143 0
e0ec3a 209 f0761d 210 0 b0761d 211 0
bc1d87 110 5e0ec3 111 1 800000 112 0
9783b0 172 cbc1d8 172 0 b1a2c4 173 0
72f076 181 39783b 180 1 58d162 179 0
0e5e0e 215 872f07 214 1 656345 216 0
21cbc1 110 10e5e0 111 0 50e5e0 112 0
843978 137 421cbc 136 0 951f58 135 0
10872f 177 884397 177 1 4421cc 178 0
6210e5 54 310872 53 1 2632b0 52 0
0c421c 185 86210e 186 1 000000 186 0
e18843 223 70c421 224 0 0c4214 221 0
dc3108 47 6e1884 47 0 949318 46 0
5b8621 39 2dc310 40 0 6dc310 41 0
cb70c4 237 e5b862 238 1 000000 237 0
f96e18 196 7cb70c 195 0 b7c99e 196 0
1f2dc3 216 8f96e1 216 0 5d8948 215 0
63e5b8 195 b1f2dc 194 0 79be4c 194 0
2c7cb7 26 963e5b 25 1 70aec5 27 0
258f96 67 12c7cb 67 1 963e58 64 0
44b1f2 12 a258f9 11 0 2bbcdd 11 0
28963e 102 944b1f 103 1 000000 103 0
e512c7 252 f28963 252 1 289640 248 0
7ca258 24 be512c 23 0 6f2bb8 22 0
2f944b 226 17ca25 227 0 57ca25 228 0
85f289 38 c2f944 38 0 a475e6 39 0
70be51 103 b85f28 104 0 e17ca1 103 0
ee17ca 190 f70be5 191 0 b70be5 192 0
bdc2f9 187 5ee17c 188 0 7b85f1 187 0
97b85f 177 cbdc2f 178 1 000001 177 0
b2f70b 46 d97b85 45 0 8fda67 47 0
365ee1 183 1b2f70 183 0 28c728 184 0
46cbdc 129 2365ee 130 1 800000 130 0
88d97b 88 c46cbd 89 0 846cbd 90 0
b11b2f 149 588d97 149 1 ac46cc 150 0
562365 19 ab11b2 18 1 009a8c 19 0
2ac46c 54 156236 55 1 800000 55 0
85588d 207 42ac46 208 1 800000 209 0
d0ab11 204 685588 203 0 84d5d5 204 0
1a1562 15 8d0ab1 16 0 d0ab10 13 0
a342ac 7 d1a156 8 1 000000 7 0
b46855 10 5a342a 10 1 ad1a16 11 0
568d0a 14 ab4685 15 0 ad1a14 14 0
aad1a1 134 d568d0 135 0 9568d0 136 0
f55a34 99 faad1a 100 1 000000 99 0
feab46 242 7f55a3 241 1 9f803a 243 0
1fd568 129 8feab4 130 0 feab40 127 0
a3faad 207 d1fd56 208 1 000001 207 0
f47f55 69 fa3faa 69 1 47f560 64 0
7e8fea 140 bf47f5 140 0 f75f7c 138 0
6fd1fd 150 37e8fe 151 1 800000 151 0
8dfa3f 79 46fd1f 80 1 800000 81 0
91bf47 10 48dfa3 10 1 a46fd2 11 0
5237e8 152 291bf4 152 0 3da9ee 153 0
4a46fd 147 a5237e 146 1 7bda9f 148 0
2948df 252 14a46f 253 1 800000 253 0
85291b 253 c2948d 254 0 82948d 255 0
f0a523 232 f85291 233 0 b85291 234 0
fe14a4 110 7f0a52 110 1 bf8529 111 0
5fc294 213 2fe14a 214 1 800000 214 0
cbf852 195 e5fc29 194 0 9f7b33 196 0
397f0a 141 9cbf85 140 0 0fbd99 140 0
272fe1 182 1397f0 181 0 587dec 183 0
04e5fc 82 8272fe 83 1 000000 83 0
e09cbf 145 704e5f 144 1 943ac8 146 0
1c1397 11 8e09cb 10 1 6a8759 12 0
238272 89 11c139 90 0 51c139 91 0
c4704e 253 e23827 254 1 000000 253 0
f88e09 176 7c4704 177 0 11c110 172 0
9f11c1 11 cf88e0 10 0 836b18 12 0
33e238 187 99f11c 186 0 01b58c 186 0
267c47 25 933e23 24 1 6e6e9b 26 0
24cf88 225 1267c4 225 0 1b9ba6 226 0
4499f1 251 a24cf8 250 0 2b80da 250 0
28933e 35 94499f 36 1 000000 36 0
a51267 149 d28933 150 1 000001 149 0
f4a24c 232 7a5126 233 1 800000 234 0
9e9449 197 4f4a24 196 0 8c72b6 196 0
13d289 69 89e944 70 0 9e9444 67 0
e27a51 67 f13d28 68 0 b13d28 69 0
bc4f4a 249 5e27a5 248 0 d6c639 248 0
1789e9 195 8bc4f4 194 0 5d6c63 195 0
22f13d 210 91789e 210 1 48bc50 211 0
645e27 86 b22f13 85 1 0b469e 86 0
2c8bc4 201 1645e2 200 1 42d1a6 200 0
059178 162 02c8bc 162 0 042d1a 163 0
40b22f 85 a05917 84 1 7842d2 86 0
281645 35 140b22 35 1 a05918 32 0
4502c8 214 a28164 215 0 8a0590 214 0
a8a059 186 d4502c 187 0 94502c 188 0
f5140b 121 fa8a05 120 0 b92c87 122 0
3ea281 215 1f5140 214 0 672590 216 0
07d450 252 83ea28 253 0 fa8a00 248 0
a0fa8a 254 d07d45 255 0 400000 0 4
b41f51 84 5a0fa8 85 0 683ea1 84 0
9683ea 6 cb41f5 7 0 8b41f5 8 0
f2d07d 227 f9683e 228 1 000001 227 0
be5a0f 33 5f2d07 34 1 800000 35 0
97cb41 194 4be5a0 193 0 f6f844 192 0
12f968 219 897cb4 220 0 97cb40 217 0
e25f2d 218 f12f96 219 1 000001 218 0
fc4be5 173 7e25f2 173 1 bf12fa 174 0
5f897c 248 2fc4be 249 1 800000 249 0
cbf12f 231 65f897 232 1 800000 233 0
d97e25 92 ecbf12 92 1 65f898 89 0
7b2fc4 150 3d97e2 151 1 800000 151 0
cf65f8 29 e7b2fc 30 0 a7b2fc 31 0
b9ecbf 68 dcf65f 69 1 000001 68 0
b73d97 64 db9ecb 63 1 92dc63 63 0
36e7b2 135 9b73d9 136 0 db9ec8 134 0
e6dcf6 227 736e7b 227 1 b9b73e 228 0
5cdb9e 205 2e6dcf 205 1 b9b73c 203 0
4b9b73 77 a5cdb9 78 0 9736e5 77 0
e9736e 28 f4b9b7 27 1 de2d25 27 0
3d2e6d 6 9e9736 6 1 4f4b9c 7 0
67a5cd 187 b3d2e6 188 1 000000 188 0
acf4b9 210 567a5c 211 0 59e971 210 0
d59e97 15 eacf4b 15 1 567a60 12 0
7ab3d2 97 3d59e9 98 0 7d59e9 99 0
8f567a 191 47ab3d 190 0 ccb062 189 0
11eacf 220 88f567 219 1 66b80e 221 0
223d59 28 911eac 29 0 88f562 27 0
e447ab 47 f223d5 48 0 b223d5 49 0
bc88f5 213 de447a 212 1 9acd70 212 0
37911e 166 9bc88f 167 1 000000 167 0
e6f223 198 737911 199 0 379114 196 0
dcde44 233 6e6f22 234 1 800000 235 0
9b9bc8 70 4dcde4 69 0 850574 69 0
137379 137 09b9bc 138 0 49b9bc 139 0
826e6f 52 c13737 52 1 04dce0 50 0
704dcd 252 3826e6 253 1 800000 253 0
ce09b9 209 e704dc 208 0 a0c614 210 0
39c137 142 9ce09b 143 1 000000 143 0
e73826 144 f39c13 144 1 39c130 140 0
7ce704 148 be7382 149 1 000000 149 0
ef9ce0 28 77ce70 28 0 ced6a0 27 0
5df39c 5 2ef9ce 6 1 800000 6 0
8bbe73 199 c5df39 200 0 85df39 201 0
f177ce 131 78bbe7 130 1 9a8ced 132 0
1e2ef9 19 8f177c 20 0 f177c4 17 0
a3c5df 181 51e2ef 181 1 a8f178 182 0
5478bb 23 2a3c5d 23 0 3f5a8c 24 0
4a8f17 180 a5478b 181 1 000000 181 0
e951e2 212 74a8f1 213 0 4a8f10 210 0
9d2a3c 237 ce951e 237 1 3a5478 235 0
73a547 39 39d2a3 39 1 e74a90 37 0
4e74a8 124 273a54 125 0 673a54 126 0
c9ce95 143 64e74a 144 1 800000 145 0
9939d2 93 cc9ce9 94 0 8c9ce9 95 0
b3273a 49 59939d 48 0 bfe211 48 0
1664e7 139 0b3273 140 1 800000 140 0
c2cc9c 207 61664e 206 1 890cba 208 0
185993 226 8c2cc9 226 0 490cb8 225 0
630b32 111 b18599 112 0 c61664 111 0
ac6166 130 d630b3 131 1 000000 130 0
b58c2c 66 5ac616 67 1 800000 68 0
d6b185 176 eb58c2 176 1 5ac618 173 0
7ad630 74 3d6b18 75 0 7d6b18 76 0
8f5ac6 137 c7ad63 136 1 ae1052 135 0
31eb58 241 18f5ac 242 0 58f5ac 243 0
c63d6b 126 631eb5 125 0 ef998b 125 0
18c7ad 26 8c63d6 25 1 694ae1 27 0
2318f5 111 918c7a 112 1 000000 112 0
e4631e 208 72318f 209 1 800000 210 0
9c8c63 172 ce4631 171 0 81d7be 173 0
33918c 9 19c8c6 9 1 ce4630 6 0
467231 232 233918 233 0 633918 234 0
88ce46 160 c46723 161 1 000000 160 0
f119c8 196 f88ce4 196 0 f4d356 197 0
7e2339 184 bf119c 185 0 fc4671 184 0
efc467 184 f7e233 184 1 7e2340 180 0
7df88c 142 befc46 142 1 5f7e23 143 0
6fbf11 91 37df88 92 0 77df88 93 0
8df7e2 245 46fbf1 245 0 53cf4c 243 0
51befc 131 a8df7e 130 1 7ea79e 132 0
2a37df 26 951bef 27 1 000000 27 0
a546fb 122 d2a37d 123 0 92a37d 124 0
f4a8df 184 7a546f 183 1 9bbf54 185 0
1e951b 245 0f4a8d 246 0 4f4a8d 247 0
c3d2a3 144 61e951 143 0 e98e97 143 0
187a54 5 8c3d2a 5 1 461e95 6 0
630f4a 10 3187a5 10 0 4a4b78 11 0
4c61e9 181 2630f4 181 0 39496e 182 0
498c3d 232 24c61e 233 1 800000 233 0
893187 57 c498c3 58 1 000001 57 0
f12630 165 789318 166 0 126300 162 0
9e24c6 180 4f1263 180 1 a78932 181 0
53c498 183 29e24c 184 0 69e24c 185 0
8a7893 119 453c49 120 0 14f125 119 0
914f12 246 c8a789 247 0 88a789 248 0
b229e2 52 d914f1 53 0 9914f1 54 0
b6453c 202 db229e 201 1 9167da 201 0
36c8a7 193 9b6453 192 1 748b3f 194 0
26d914 175 936c8a 175 1 49b645 176 0
64db22 190 326d91 191 0 726d91 192 0
8c9b64 140 464db2 141 1 800000 142 0
91936c 90 c8c9b6 91 1 000000 90 0
f2326d 53 f91936 52 1 eb4ba4 52 0
3e464d 217 9f2326 217 1 4f9194 218 0
67c8c9 214 b3e464 214 0 dd6968 211 0
6cf919 174 367c8c 175 0 767c8c 176 0
8d9f23 207 c6cf91 207 0 aa375a 208 0
71b3e4 99 38d9f2 98 1 551bac 97 0
0e367c 117 071b3e 117 1 e367c0 112 0
41c6cf 57 20e367 58 1 800000 58 0
8838d9 197 c41c6c 198 0 841c6c 199 0
b1071b 29 58838d 29 0 98aa80 25 0
5620e3 53 ab1071 53 0 98aa00 46 0
6ac41c 112 b5620e 111 1 101315 112 0
2d5883 245 96ac41 245 0 101310 243 0
65ab10 74 32d588 73 0 7f8aea 75 0
0cb562 11 065ab1 12 0 465ab1 13 0
8196ac 117 c0cb56 116 1 84c404 115 0
3032d5 214 18196a 215 1 800000 215 0
c6065a 39 e3032d 38 0 9bc3f8 40 0
38c0cb 106 9c6065 105 0 0de1fb 105 0
271819 24 938c0c 25 0 9c6062 23 0
a4e303 101 527181 101 0 754840 97 0
549c60 244 aa4e30 245 0 a938c0 244 0
ea938c 63 7549c6 62 1 97f754 64 0
1d5271 17 8ea938 16 0 64a70d 17 0
23aa4e 7 11d527 6 1 357f75 6 0
047549 241 023aa4 242 0 423aa4 243 0
808ea9 114 404754 115 0 011d51 114 0
d011d5 136 6808ea 136 1 b40476 137 0
5a023a 235 2d011d 235 0 4381ac 236 0
4b4047 162 a5a023 161 1 7c381b 163 0
296808 13 14b404 13 0 1f0e06 14 0
452d01 98 229680 99 0 629680 100 0
c8a5a0 205 6452d0 206 0 229680 204 0
d914b4 248 ec8a5a 249 1 000000 248 0
bb2296 166 5d914b 167 1 800000 168 0
976452 119 4bb229 120 0 2ec8a4 119 0
d2ec8a 178 697645 177 0 87a7ac 178 0
1a5d91 250 0d2ec8 249 0 507a7a 251 0
034bb2 217 81a5d9 216 0 441e9e 217 0
206976 96 1034bb 97 1 800000 97 0
840d2e 220 420697 219 1 e309e2 220 0
1081a5 174 0840d2 175 1 800000 175 0
c21034 247 61081a 246 1 88c614 248 0
184206 200 0c2103 200 1 c21030 196 0
430840 250 a18420 250 0 246300 247 0
686108 254 343084 255 0 800000 0 5
8d0c21 33 c68610 34 0 868610 35 0
f1a184 78 78d0c2 79 1 800000 80 0
9e3430 50 cf1a18 49 0 82e09e 51 0
33c686 166 99e343 167 1 000000 167 0
a678d0 86 d33c68 87 0 933c68 88 0
b4cf1a 170 5a678d 171 0 699e34 170 0
9699e3 42 cb4cf1 41 0 fc405c 42 0
32d33c 87 99699e 88 1 000000 88 0
a65a67 20 d32d33 20 1 4cb4d0 18 0
74cb4c 248 3a65a6 249 1 800000 249 0
ce9969 9 674cb4 9 0 d79874 7 0
59d32d 235 ace996 234 1 035e62 235 0
2b3a65 192 959d32 192 1 4ace9a 193 0
65674c 187 b2b3a6 188 1 000000 188 0
ecace9 160 f65674 161 0 b65674 162 0
bd959d 127 decace 127 1 7b2b3c 125 0
77b2b3 115 bbd959 115 0 ce3030 113 0
6ef656 192 b77b2b 193 1 000000 193 0
eddeca 89 f6ef65 89 0 f26718 90 0
7dbbd9 143 beddec 142 0 74ab3c 141 0
2fb77b 6 17dbbd 7 0 57dbbd 8 0
85f6ef 137 c2fb77 138 1 000001 137 0
b0bedd 41 d85f6e 42 1 000001 41 0
f617db 56 fb0bed 57 0 bb0bed 58 0
bec2fb 145 df617d 144 0 9739dd 146 0
37d85f 5 9bec2f 5 1 4df618 6 0
66fb0b 88 b37d85 89 0 cdf615 88 0
ecdf61 61 f66fb0 62 0 b66fb0 63 0
bd9bec 145 decdf6 145 1 7b37d8 143 0
77b37d 185 3bd9be 186 1 800000 186 0
cef66f 67 e77b37 68 1 000001 67 0
b9decd 222 5cef66 223 1 800000 224 0
973bd9 8 4b9dec 9 0 2e77b1 8 0
d2e77b 53 6973bd 54 0 4b9dea 52 0
9a5cef 119 cd2e77 120 1 000001 119 0
f34b9d 165 79a5ce 165 1 bcd2e8 166 0
5e6973 167 af34b9 166 0 6c079f 166 0
2bcd2e 191 15e697 192 1 800000 192 0
8579a5 26 c2bcd2 27 1 000001 26 0
b0af34 126 d8579a 127 1 000000 126 0
f615e6 184 fb0af3 185 1 000000 184 0
fec2bc 26 7f615e 26 1 bfb0af 27 0
5fd857 45 2fec2b 46 1 800000 46 0
cbfb0a 132 65fd85 133 0 2fec28 131 0
d97f61 37 6cbfb0 38 0 65fd82 36 0
9b2fec 24 cd97f6 25 1 000000 24 0
f365fd 201 79b2fe 202 1 800000 203 0
9e6cbf 6 cf365f 7 1 000001 6 0
f3cd97 56 79e6cb 56 1 bcf366 57 0
5e79b2 221 2f3cd9 222 0 6f3cd9 223 0
cbcf36 143 65e79b 144 1 800000 145 0
9979e6 131 ccbcf3 131 1 32f3cc 129 0
732f3c 36 39979e 37 1 800000 37 0
ce65e7 109 6732f3 110 1 800000 111 0
d9ccbc 140 ece65e 141 1 000000 140 0
bb3997 217 dd9ccb 218 1 000001 217 0
f76732 185 7bb399 186 0 767320 182 0
9eece6 202 cf7673 203 1 000000 202 0
f3dd9c 138 79eece 138 1 bcf767 139 0
5e7bb3 59 2f3dd9 60 0 6f3dd9 61 0
cbcf76 153 65e7bb 152 1 8c6dcc 154 0
1979ee 85 8cbcf7 86 1 000000 86 0
e32f3d 93 f1979e 94 1 000001 93 0
bc65e7 237 de32f3 236 1 9a98db 236 0
378cbc 54 1bc65e 55 1 800000 55 0
c6f197 48 e378cb 49 1 000001 48 0
b8de32 6 dc6f19 7 0 9c6f19 8 0
b71bc6 53 db8de3 54 1 000000 53 0
b6e378 88 db71bc 89 0 9b71bc 90 0
f6dc6f 170 fb6e37 171 1 000001 170 0
bedb8d 140 df6dc6 141 1 000001 140 0
f7db71 100 fbedb8 99 0 bae926 101 0
3efb6e 160 1f7db7 161 1 800000 161 0
c7df6d 38 e3efb6 37 1 abcf24 37 0
38fbed 128 9c7df6 129 1 000000 129 0
a71f7d 171 538fbe 172 1 800000 173 0
d4e3ef 113 ea71f7 114 1 000001 113 0
ba9c7d 38 dd4e3e 39 1 000001 38 0
b7538f 143 dba9c7 144 1 000001 143 0
f6ea71 168 fb7538 169 0 bb7538 170 0
bedd4e 57 df6ea7 57 1 7dba9c 55 0
77dba9 152 3bedd4 151 0 15d293 152 0
0efb75 135 877dba 136 1 000000 136 0
e1df6e 242 70efb7 243 1 800000 244 0
9c3bed 113 4e1df6 112 1 f52cf2 113 0
13877d 82 09c3be 83 1 800000 83 0
8270ef 197 413877 196 1 e1d4b4 197 0
104e1d 144 08270e 143 1 18752c 143 0
0209c3 62 0104e1 63 0 4104e1 64 0
c04138 114 60209c 115 0 0104e0 113 0
d80827 205 6c0413 206 1 800000 207 0
db0104 152 6d8082 152 1 b6c041 153 0
5b6020 124 2db010 123 0 791c14 125 0
0b6c04 207 05b602 206 1 112206 206 0
016d80 35 80b6c0 36 0 b6c000 29 0
a02db0 132 5016d8 133 0 405b60 132 0
9405b6 81 ca02db 82 1 000000 81 0
b280b6 107 59405b 106 1 82f044 108 0
165016 65 0b280b 66 1 800000 66 0
c2ca02 59 616501 60 0 0b2808 58 0
d85940 44 6c2ca0 44 0 890bc0 43 0
5b0b28 7 2d8594 8 0 6d8594 9 0
8b6165 97 c5b0b2 96 1 a22430 95 0
316c2c 127 18b616 128 1 800000 128 0
862d85 58 4316c2 59 1 800000 60 0
90c5b0 154 c862d8 155 0 8862d8 156 0
b218b6 52 d90c5b 53 1 000000 52 0
b64316 135 db218b 134 1 9164a1 134 0
36c862 100 1b6431 100 0 29164a 101 0
46d90c 18 a36c86 17 1 7a9164 19 0
28db21 170 146d90 169 0 5988f4 171 0
051b64 216 028db2 217 1 800000 217 0
80a36c 4 c051b6 5 1 000000 4 0
f0146d 232 780a36 231 1 9a07a9 233 0
1e028d 113 8f0146 114 1 000000 114 0
e3c051 74 71e028 74 0 ab40f2 73 0
5c780a 125 ae3c05 125 0 ab40f0 121 0
6b8f01 21 b5c780 22 0 d71e01 21 0
ed71e0 61 f6b8f0 61 0 f21568 62 0
7dae3c 9 bed71e 8 1 1e42ad 9 0
2fb5c7 105 17dae3 106 1 800000 106 0
85f6b8 132 c2fb5c 132 0 a4790a 133 0
70bed7 176 385f6b 177 1 800000 177 0
ce17da 109 670bed 110 0 385f68 108 0
d9c2fb 129 ece17d 128 0 a819dd 130 0
3b385f 185 9d9c2f 185 1 4ece18 186 0
67670b 237 33b385 236 0 0140ce 237 0
0cece1 207 067670 208 0 467670 209 0
819d9c 195 40cece 196 1 800000 197 0
9033b3 33 c819d9 34 0 8819d9 35 0
b20676 237 d9033b 237 1 640cec 235 0
7640ce 190 3b2067 191 1 800000 191 0
8ec819 233 47640c 234 0 1d9031 233 0
91d903 184 c8ec81 183 0 f64f44 184 0
323b20 199 191d90 198 0 5f64f4 200 0
064764 248 0323b2 249 1 800000 249 0
c0c8ec 71 606476 71 1 b0323b 72 0
58191d 241 2c0c8e 242 1 800000 242 0
8b0323 82 c58191 83 0 858191 84 0
b16064 85 d8b032 86 1 000000 85 0
f62c0c 146 fb1606 147 1 000000 146 0
fec581 60 7f62c0 59 0 be76e1 60 0
1fd8b0 210 0fec58 211 0 4fec58 212 0
c3fb16 217 e1fd8b 216 1 a5f8a1 216 0
387f62 251 9c3fb1 250 0 0d3e75 250 0
270fec 37 9387f6 38 1 000000 38 0
e4e1fd 140 f270fe 141 1 000001 140 0
bc9c3f 188 5e4e1f 189 1 800000 190 0
979387 174 cbc9c3 173 1 c6ba96 172 0
32f270 141 997938 141 0 31aea0 139 0
665e4e 19 332f27 19 1 ccbc9c 17 0
4ccbc9 68 2665e4 67 0 6fff5e 69 0
099979 251 84ccbc 250 0 4bffd7 251 0
21332f 217 909997 218 1 000000 218 0
e42665 114 721332 114 1 b9099a 115 0
5c84cc 129 2e4266 129 1 b90998 127 0
4b9099 185 a5c84c 186 0 972131 185 0
a97213 225 d4b909 225 0 bf158e 226 0
752e42 109 3a9721 109 0 57e2b2 110 0
4ea5c8 225 2752e4 226 0 6752e4 227 0
c9d4b9 124 64ea5c 123 0 f893ce 123 0
193a97 27 8c9d4b 26 1 6975f9 28 0
232752 91 9193a9 91 0 6975f6 90 0
6464ea 222 323275 221 0 7ebf12 223 0
0c8c9d 129 86464e 128 1 64b4bb 130 0
219193 211 10c8c9 211 0 192d2e 212 0
443232 46 a21919 47 0 886464 46 0
e88646 90 f44323 90 1 443230 86 0
7d10c8 251 be8864 252 0 fa2190 251 0
efa219 222 f7d10c 223 0 b7d10c 224 0
fdf443 252 fefa21 252 0 fe7732 253 0
7fbe88 73 3fdf44 74 0 7fdf44 75 0
cff7d1 105 e7fbe8 105 0 dbf9dc 106 0
79fefa 214 3cff7d 214 0 5b7f3c 215 0
4f3fdf 222 279fef 223 1 800000 223 0
c9e7fb 249 e4f3fd 248 0 9e30fd 250 0
393cff 240 9c9e7f 239 1 7576e0 241 0
27279f 157 9393cf 157 1 49c9e8 158 0
64e4f3 178 327279 178 0 4babb6 179 0
4c9c9e 160 264e4f 161 1 800000 161 0
899393 117 c4c9c9 117 0 a72eae 118 0
713272 89 389939 89 0 54e5d6 90 0
4e264e 96 271327 97 1 800000 97 0
c9c4c9 30 e4e264 31 0 a4e264 32 0
b93899 214 dc9c4c 214 0 caea72 215 0
772713 54 bb9389 55 0 ee4e25 54 0
aee4e2 48 d77271 49 0 977271 50 0
f5dc9c 27 faee4e 28 1 000000 27 0
bebb93 139 df5dc9 140 0 9f5dc9 141 0
b7d772 187 dbebb9 186 0 92e6a7 188 0
36faee 140 1b7d77 141 1 800000 141 0
86df5d 99 436fae 100 1 800000 101 0
d0dbeb 135 686df5 136 0 436faa 134 0
da1b7d 218 6d0dbe 218 1 b686e0 219 0
5b436f 111 2da1b7 112 1 800000 112 0
8b686d 14 45b436 13 1 e88e52 14 0
116d0d 109 88b686 108 1 6688e5 110 0
222da1 11 1116d0 12 0 5116d0 13 0
c445b4 85 e222da 85 1 1116d0 82 0
7888b6 51 3c445b 51 1 f1116c 49 0
4f1116 10 27888b 9 1 7699a1 9 0
09e222 211 04f111 211 0 07699a 212 0
413c44 190 209e22 191 1 800000 191 0
882788 33 4413c4 34 0 104f10 33 0
9104f1 37 488278 37 0 661da4 35 0
52209e 103 a9104f 103 1 548828 104 0
6a4413 221 b52209 222 0 d48825 221 0
ed4882 228 76a441 229 0 6a4410 226 0
dda910 18 6ed488 17 0 951354 18 0
1bb522 4 0dda91 5 0 4dda91 6 0
8376a4 211 41bb52 212 1 800000 213 0
d06ed4 67 e8376a 68 1 000000 67 0
fa0dda 145 7d06ed 144 0 b89150 145 0
1f41bb 40 0fa0dd 41 0 4fa0dd 42 0
83e837 47 c1f41b 47 1 07d070 45 0
707d06 30 b83e83 31 1 000000 31 0
ae0fa0 7 5707d0 7 0 a2ee00 2 0
55c1f4 34 aae0fa 33 1 005177 34 0
2ab83e 203 155c1f 204 1 800000 204 0
c55707 155 62ab83 155 1 b155c2 156 0
58aae0 83 2c5570 84 0 6c5570 85 0
cb155c 43 658aae 44 1 800000 45 0
d962ab 77 6cb155 77 0 8c2800 76 0
5b2c55 148 ad962a 147 1 046140 148 0
2b658a 134 15b2c5 134 0 208c28 135 0
456cb1 181 22b658 181 0 341184 182 0
48ad96 232 2456cb 233 1 800000 233 0
8915b2 237 448ad9 237 0 36822c 235 0
5122b6 130 28915b 130 1 a2456c 128 0
4a2456 98 a5122b 99 1 000000 99 0
a9448a 253 d4a245 254 0 94a245 255 0
f52891 163 fa9448 163 0 f7de6c 164 0
7ea512 198 bf5289 197 0 79395a 196 0
2fd4a2 62 97ea51 63 0 bf5288 61 0
a5fa94 140 52fd4a 139 1 fc7bef 140 0
14bf52 217 8a5fa9 217 0 3e3df6 216 0
6297ea 17 314bf5 16 0 7d9ef2 18 0
0c52fd 135 06297e 136 1 800000 136 0
818a5f 243 c0c52f 242 1 849f1e 241 0
30314b 189 9818a5 190 0 c0c52a 188 0
a60629 161 d30314 162 0 930314 163 0
b4c0c5 31 da6062 30 1 8f2128 30 0
369818 222 1b4c0c 223 0 5b4c0c 224 0
86d303 29 436981 30 0 0da605 29 0
90da60 45 c86d30 46 0 886d30 47 0
b21b4c 70 590da6 69 1 82ca3c 71 0
164369 176 0b21b4 176 0 10b28e 177 0
42c86d 90 a16436 90 1 50b21c 91 0
68590d 142 b42c86 141 1 0e42ca 142 0
2d0b21 181 968590 180 0 784de9 181 0
25a164 12 92d0b2 13 1 000000 13 0
e4b42c 73 725a16 74 1 800000 75 0
9c9685 241 ce4b42 242 1 000001 241 0
f392d0 50 79c968 51 0 392d00 47 0
9e725a 134 4f392d 135 0 3ce4b4 134 0
d3ce4b 227 69e725 228 0 4f392a 226 0
9a79c9 173 cd3ce4 174 0 8d3ce4 175 0
b34f39 88 59a79c 89 0 669e71 88 0
9669e7 62 4b34f3 63 1 800000 64 0
d2cd3c 158 e9669e 159 1 000000 158 0
ba59a7 156 dd2cd3 155 1 97867b 155 0
374b34 20 1ba59a 21 1 800000 21 0
86e966 44 4374b3 45 1 800000 46 0
d0dd2c 230 e86e96 229 1 b94bc2 229 0
3a1ba5 39 9d0dd2 39 1 4e86ea 40 0
674374 215 b3a1ba 216 1 000000 216 0
ece86e 37 f67437 38 1 000000 37 0
fd9d0d 229 fece86 229 1 674380 222 0
7fb3a1 191 3fd9d0 192 0 7fd9d0 193 0
cff674 234 67fb3a 233 1 8dfc6c 235 0
19fece 70 0cff67 70 1 cff670 66 0
433fd9 44 219fec 45 0 619fec 46 0
8867fb 192 c433fd 193 0 8433fd 194 0
b10cff 73 d8867f 74 1 000001 73 0
b6219f 33 5b10cf 34 1 800000 35 0
d6c433 4 6b6219 5 0 5b10ca 3 0
dad886 201 ed6c43 201 1 6b6218 198 0
7b5b10 59 bdad88 59 0 e42260 57 0
6f6b62 72 37b5b1 73 0 77b5b1 74 0
cded6c 156 e6f6b6 157 1 000000 156 0
b9bdad 250 5cded6 251 1 800000 252 0
9737b5 107 4b9bda 108 1 800000 109 0
d2e6f6 105 e9737b 106 1 000000 105 0
fa5cde 222 fd2e6f 221 1 f78b4d 221 0
3f4b9b 16 9fa5cd 17 0 fd2e6a 15 0
e7e973 52 73f4b9 53 0 3f4b94 50 0
9cfd2e 246 ce7e97 245 1 d6f78a 244 0
339fa5 223 19cfd2 224 1 800000 224 0
8673f4 214 4339fa 215 1 800000 216 0
d0ce7e 37 e8673f 37 1 4339f8 34 0
7a19cf 103 bd0ce7 104 1 000000 104 0
ef4339 234 77a19c 234 0 cdc9aa 233 0
5de867 34 2ef433 34 1 bbd0d0 32 0
4bbd0c 226 25de86 225 1 719b92 225 0
0977a1 7 84bbd0 8 0 977a08 4 0
a12ef4 13 50977a 12 1 f8e337 13 0
1425de 74 8a12ef 75 1 000000 75 0
e284bb 202 f1425d 201 0 ad92f5 203 0
3c5097 76 9e284b 77 1 000000 77 0
e78a12 199 73c509 200 0 3c5090 197 0
9cf142 14 ce78a1 14 0 b5b4f2 15 0
739e28 71 39cf14 72 0 79cf14 73 0
ce73c5 168 e739e2 168 1 39cf18 165 0
79ce78 104 3ce73c 104 0 5b5ada 105 0
4f39cf 141 a79ce7 141 1 53ce74 142 0
69e739 105 34f39c 106 0 74f39c 107 0
8d3ce7 57 c69e73 58 1 000001 57 0
f1a79c 165 78d3ce 166 1 800000 167 0
de34f3 220 ef1a79 221 0 af1a79 222 0
fbc69e 173 fde34f 174 1 000000 173 0
ff78d3 55 ffbc69 56 0 bfbc69 57 0
bfef1a 81 5ff78d 82 0 7fde34 81 0
d7fde3 221 ebfef1 220 0 a6feae 222 0
3affbc 141 1d7fde 142 1 800000 142 0
c75ff7 248 e3affb 249 1 000001 248 0
f8ebfe 23 7c75ff 24 1 800000 25 0
df1d7f 6 6f8ebf 5 1 93ab10 7 0
1be3af 33 8df1d7 33 1 46f8ec 34 0
637c75 218 b1be3a 218 1 58df1e 219 0
6c6f8e 229 3637c7 230 1 800000 230 0
8d8df1 143 c6c6f8 142 0 f0f16d 143 0
31b1be 15 18d8df 16 1 800000 16 0
c63637 178 631b1b 179 1 800000 180 0
d8c6c6 46 6c6363 46 1 b631b2 47 0
5b18d8 41 ad8c6c 41 0 8a5440 37 0
6b631b 133 b5b18d 132 0 18ef86 131 0
2d6c63 90 16b631 91 0 56b631 92 0
85ad8c 243 c2d6c6 243 1 0b5b18 241 0
70b5b1 103 b85ad8 103 0 a44224 101 0
6e16b6 144 370b5b 143 1 4a4422 142 0
0dc2d6 100 06e16b 101 1 800000 101 0
c1b85a 95 e0dc2d 96 0 a0dc2d 97 0
b8370b 17 dc1b85 16 0 932267 18 0
3706e1 171 1b8370 170 0 62644c 172 0
06e0dc 120 03706e 120 1 dc1b80 114 0
40dc1b 182 a06e0d 182 0 0a5140 179 0
681b83 161 340dc1 161 0 4e14a2 162 0
4d0370 165 2681b8 166 0 6681b8 167 0
89a06e 180 44d037 179 1 e73852 180 0
11340d 120 889a06 119 1 667385 121 0
222681 75 111340 76 0 511340 77 0
c444d0 93 622268 92 0 eaac08 92 0
18889a 45 8c444d 44 0 5eaac0 45 0
231113 90 118889 91 0 518889 92 0
846222 61 423111 61 0 1a4ccc 59 0
508c44 219 284622 220 1 800000 220 0
ca1188 68 e508c4 69 0 a508c4 70 0
f94231 41 7ca118 40 0 b792bd 41 0
1f2846 167 8f9423 166 1 6baf1a 168 0
23e508 166 91f284 167 0 8f9420 165 0
a47ca1 180 523e50 180 0 6baf10 176 0
548f94 26 2a47ca 27 1 800000 27 0
8a91f2 170 4548f9 171 0 1523e4 170 0
91523e 11 48a91f 11 1 a45490 12 0
522a47 178 291523 179 1 800000 179 0
ca4548 46 e522a4 46 0 d7b3f6 47 0
7948a9 102 bca454 102 0 d7b3f4 100 0
6f2915 111 37948a 111 1 de522c 109 0
4de522 137 a6f291 138 0 9bca44 137 0
a9bca4 181 54de52 181 1 aa6f29 182 0
553794 127 aa9bca 126 1 7ff4d8 128 0
2aa6f2 90 955379 90 0 7ff4d6 89 0
6554de 96 32aa6f 96 1 caa9bc 94 0
4caa9b 157 a6554d 158 0 995535 157 0
e99553 220 f4caa9 220 0 ef2ffe 221 0
7d32aa 109 be9955 110 0 fa6554 109 0
afa655 193 57d32a 193 1 abe996 194 0
55f4ca 124 aafa65 123 0 56e3f9 123 0
2abe99 85 155f4c 85 0 200ef2 86 0
4557d3 220 22abe9 221 0 62abe9 222 0
88aafa 227 44557d 226 0 ab56e2 225 0
11155f 240 888aaf 240 1 444558 241 0
6222ab 220 b11155 219 0 7556ab 219 0
2c4455 15 16222a 15 1 b11158 12 0
45888a 54 a2c445 55 0 8b1114 54 0
a8b111 139 545888 140 0 516221 139 0
d51622 163 ea8b11 162 0 a52dd5 164 0
3aa2c4 26 9d5162 26 1 4ea8b1 27 0
675458 234 b3aa2c 233 0 04a5b8 232 0
2cea8b 189 167545 188 0 5c1297 190 0
059d51 192 02cea8 193 0 42cea8 194 0
80b3aa 217 4059d5 218 0 016754 217 0
d01675 127 e80b3a 127 1 4059d8 124 0
7a02ce 84 bd0167 85 1 000000 85 0
ef4059 251 f7a02c 252 0 b7a02c 253 0
bde80b 28 def405 28 0 ce6e08 29 0
77bd01 116 3bde80 115 0 15ac41 116 0
0ef7a0 208 077bd0 209 0 477bd0 210 0
81def4 217 c0ef7a 218 1 000000 217 0
b03bde 4 581def 4 1 ac0ef8 5 0
56077b 99 ab03bd 100 0 ac0ef5 99 0
aac0ef 31 556077 32 1 800000 33 0
95581d 4 4aac0e 5 1 800000 6 0
d2ab03 178 e95581 179 0 a95581 180 0
ba5560 97 dd2ab0 96 0 94755c 98 0
374aac 77 1ba556 78 1 800000 78 0
86e955 208 c374aa 207 1 94bc00 206 0
30dd2a 197 986e95 198 0 c374a8 196 0
e61ba5 125 730dd2 126 1 800000 127 0
dcc374 44 ee61ba 44 1 730dd0 41 0
7b986e 111 3dcc37 112 1 800000 112 0
8f730d 207 c7b986 208 1 000001 207 0
f1ee61 251 f8f730 252 0 b8f730 253 0
fe3dcc 20 ff1ee6 21 1 000000 20 0
bfc7b9 11 dfe3dc 12 0 9fe3dc 13 0
f7f8f7 132 7bfc7b 132 1 bdfe3e 133 0
5eff1e 175 2f7f8f 176 1 800000 176 0
8bdfe3 215 45eff1 216 0 17bfc5 215 0
917bfc 14 48bdfe 14 1 a45eff 15 0
522f7f 201 a917bf 200 1 7ed1d0 202 0
2a45ef 176 1522f7 175 1 3f68e7 175 0
0548bd 173 02a45e 173 1 a917c0 167 0
40a917 97 20548b 98 1 800000 98 0
c81522 194 e40a91 195 0 a40a91 196 0
b902a4 203 5c8152 204 1 800000 205 0
972054 3 4b902a 4 1 800000 5 0
d2e40a 232 697205 233 0 4b9028 231 0
da5c81 145 ed2e40 145 0 e3c560 146 0
7b4b90 6 3da5c8 6 0 5c78ac 7 0
4f6972 192 a7b4b9 193 0 9ed2e4 192 0
e9ed2e 76 74f697 75 1 97b8f1 77 0
1d3da5 218 0e9ed2 219 1 800000 219 0
83a7b4 245 41d3da 244 1 e2bdc7 245 0
1074f6 10 083a7b 11 1 800000 11 0
c20e9e 36 61074f 37 1 800000 38 0
d841d3 87 ec20e9 88 0 ac20e9 89 0
fb083a 219 fd841d 219 0 fc462c 220 0
7f6107 207 bfb083 206 1 1f88c6 207 0
2fec20 58 17f610 58 0 23f118 59 0
45fd84 72 22fec2 73 1 800000 73 0
88bfb0 239 c45fd8 239 0 a68fc4 240 0
7117f6 221 388bfb 222 1 800000 222 0
ce22fe 156 67117f 157 1 800000 158 0
99c45f 39 4ce22f 40 1 800000 41 0
93388b 5 c99c45 5 0 ae6a68 6 0
726711 75 393388 76 0 793388 77 0
ce4ce2 115 672671 114 0 81e01a 115 0
19c99c 115 8ce4ce 116 1 000000 116 0
e33933 213 719c99 213 0 a9ab98 212 0
5c6726 165 ae3393 166 1 000000 166 0
eb8ce4 54 75c672 53 1 9854d6 55 0
1d719c 112 8eb8ce 113 1 000000 113 0
a3ae33 56 d1d719 57 0 91d719 58 0
b475c6 216 da3ae3 216 1 68eb8c 214 0
768eb8 219 bb475c 218 0 50c998 217 0
2ed1d7 29 9768eb 29 1 4bb476 30 0
65da3a 91 32ed1d 92 0 72ed1d 93 0
8cbb47 127 c65da3 128 1 000001 127 0
f19768 166 f8cbb4 167 0 b8cbb4 168 0
be32ed 180 5f1976 180 1 af8cbc 181 0
57c65d 3 2be32e 2 1 075318 1 0
0af8cb 227 057c65 228 0 457c65 229 0
c15f19 103 e0af8c 104 0 a0af8c 105 0
f82be3 150 7c15f1 149 0 b636dc 150 0
1f057c 29 8f82be 28 1 6ba20e 30 0
23e0af 203 11f057 204 1 800000 204 0
c47c15 144 e23e0a 144 1 11f058 141 0
788f82 30 3c47c1 29 0 16b362 30 0
0f11f0 105 0788f8 106 0 4788f8 107 0
c1e23e 109 60f11f 110 1 800000 111 0
d83c47 142 6c1e23 141 1 91169b 143 0
1b0788 232 0d83c4 233 0 4d83c4 234 0
c360f1 30 e1b078 29 0 9a1c96 31 0
386c1e 39 1c360f 39 1 e1b078 36 0
470d83 55 a386c1 56 0 8e1b05 55 0
e8e1b0 144 7470d8 145 0 470d80 142 0
dd1c36 19 ee8e1b 18 1 cbaa51 18 0
3ba386 163 1dd1c3 164 1 800000 164 0
877470 198 43ba38 199 0 0ee8e0 198 0
d0ee8e 89 e87747 88 1 b965d5 88 0
3a1dd1 235 9d0ee8 236 0 e87742 234 0
e743ba 18 73a1dd 18 0 b5cb2e 17 0
5ce877 71 2e743b 71 1 b9d0f0 69 0
4b9d0e 199 a5ce87 198 1 7c5ae5 200 0
2973a1 250 14b9d0 250 0 1f16b8 251 0
452e74 218 a2973a 217 1 79f16c 219 0
28a5ce 226 1452e7 227 1 800000 227 0
c514b9 63 628a5c 64 0 1452e2 62 0
98a297 226 4c514b 226 1 a628a6 227 0
531452 250 a98a29 249 0 4fb2cd 249 0
2a628a 84 153145 84 0 1fc9e8 85 0
454c51 238 a2a628 238 0 3f93c8 235 0
68a98a 57 3454c5 56 0 02d3ec 57 0
0d1531 171 068a98 172 0 468a98 173 0
81a2a6 175 c0d153 176 1 000000 175 0
f03454 103 781a2a 103 1 bc0d15 104 0
5e068a 23 af0345 22 0 6b1059 22 0
2bc0d1 246 15e068 247 0 55e068 248 0
c5781a 208 e2bc0d 209 0 a2bc0d 210 0
f8af03 189 fc5781 188 0 bb6d62 190 0
3f15e0 137 9f8af0 137 0 7a8340 135 0
67e2bc 145 33f15e 146 1 800000 146 0
ccfc57 153 e67e2b 152 1 b37a83 152 0
399f8a 170 9ccfc5 171 0 e67e28 169 0
a733f1 200 d399f8 201 0 9399f8 202 0
b4e67e 234 da733f 235 1 000000 234 0
b69ccf 79 db4e67 78 1 91eb37 78 0
36d399 224 9b69cc 225 0 db4e62 223 0
e6da73 127 736d39 127 0 b48f58 126 0
5cdb4e 2 2e6da7 3 1 800000 3 0
8b9b69 34 c5cdb4 35 0 85cdb4 36 0
b1736d 88 d8b9b6 88 1 62e6dc 86 0
762e6d 205 bb1736 206 1 000000 206 0
aec5cd 220 5762e6 221 1 800000 222 0
95d8b9 151 4aec5c 152 0 2bb171 151 0
92bb17 166 c95d8b 167 1 000001 166 0
f25762 147 792bb1 148 0 257620 144 0
9e4aec 134 cf2576 133 1 dae0c4 132 0
33c95d 58 19e4ae 58 1 cf2578 55 0
46792b 20 233c95 20 0 34dae0 21 0
48cf25 46 a46792 47 1 000000 47 0
e919e4 247 f48cf2 248 1 000000 247 0
fd233c 41 7e919e 40 1 9eed36 42 0
1fa467 111 8fd233 112 1 000000 112 0
a3f48c 172 d1fa46 171 1 ebdda4 170 0
347e91 95 1a3f48 94 0 60cf1a 96 0
068fd2 246 0347e9 247 0 4347e9 248 0
80d1fa 36 c068fd 36 0 a09d7c 37 0
701a3f 137 380d1f 138 1 800000 138 0
ce0347 17 e701a3 17 1 380d20 14 0
79c068 34 3ce034 34 0 5b504e 35 0
4f380d 69 279c06 69 1 9e701c 67 0
49e701 84 a4f380 84 0 76d408 81 0
693ce0 39 349e70 39 0 4eeda8 40 0
4d279c 38 2693ce 37 1 73bb6a 37 0
09a4f3 172 84d279 173 0 9a4f28 169 0
a1349e 33 d09a4f 34 1 000000 33 0
b42693 101 da1349 102 0 9a1349 103 0
f684d2 213 7b4269 214 0 684d20 210 0
9ed09a 48 4f684d 47 0 8d0981 47 0
13da13 44 89ed09 45 0 9ed094 42 0
e27b42 213 f13da1 212 0 ad8d09 214 0
3c4f68 80 9e27b4 79 0 16c684 79 0
2789ed 233 13c4f6 234 1 800000 234 0
c4f13d 175 e2789e 176 1 000001 175 0
b89e27 153 5c4f13 153 1 ae278a 154 0
5713c4 75 2b89e2 76 1 800000 76 0
8ae278 209 45713c 208 0 b66c58 207 0
115c4f 186 08ae27 187 1 800000 187 0
c22b89 47 6115c4 48 0 08ae22 46 0
d84571 176 6c22b8 176 0 88d052 175 0
5b08ae 81 2d8457 80 1 111a0a 79 0
0b6115 187 85b08a 187 1 42d846 188 0
616c22 178 b0b611 178 0 911198 175 0
6c2d84 218 3616c2 219 1 800000 219 0
cd85b0 226 e6c2d8 227 0 a6c2d8 228 0
f9b0b6 124 fcd85b 123 1 f68911 123 0
3f3616 18 1f9b0b 19 1 800000 19 0
c7e6c2 148 e3f361 149 0 a3f361 150 0
b8fcd8 245 5c7e6c 246 0 71f9b0 245 0
971f9b 190 4b8fcd 189 0 f39e06 188 0
12e3f3 105 8971f9 105 0 38abd8 104 0
625c7e 245 b12e3f 244 1 09c55e 245 0
2c4b8f 128 9625c7 127 1 709c56 129 0
258971 72 12c4b8 73 0 52c4b8 74 0
84b12e 140 c25897 139 1 8e138a 138 0
309625 131 984b12 131 1 4c258a 132 0
6612c4 171 b30962 172 1 000000 172 0
acc258 95 d6612c 95 0 c191c2 96 0
75984b 203 bacc25 202 0 4bf976 201 0
2eb309 162 175984 163 0 575984 164 0
85d661 150 c2eb30 151 0 82eb30 152 0
f0bacc 101 f85d66 102 1 000000 101 0
be1759 116 5f0bac 115 0 db3a5e 115 0
17c2eb 146 8be175 147 0 be1754 144 0
e2f85d 67 717c2e 67 1 b8be18 68 0
5c5f0b 116 2e2f85 116 0 454748 117 0
4b8be1 129 25c5f0 128 0 6f376c 130 0
09717c 249 04b8be 250 1 800000 250 0
812e2f 103 c09717 103 1 025c60 101 0
7025c5 37 3812e2 38 1 800000 38 0
8e04b8 143 47025c 144 0 1c0970 143 0
91c097 114 48e04b 115 1 800000 116 0
d23812 38 691c09 37 0 86c616 38 0
1a4702 26 8d2381 27 0 d23810 24 0
e348e0 72 71a470 73 0 1a4700 70 0
dc691c 10 ee348e 11 1 000000 10 0
fb8d23 136 7dc691 136 0 f2a768 135 0
5f71a4 187 afb8d2 187 1 57dc69 188 0
6bee34 96 b5f71a 97 1 000000 97 0
ed7dc6 117 f6bee3 118 1 000000 117 0
fdafb8 239 7ed7dc 240 0 6bee00 234 0
9fb5f7 126 4fdafb 127 1 800000 128 0
d3f6be 166 e9fb5f 167 1 000000 166 0
fa7ed7 87 7d3f6b 86 1 9def91 88 0
1f4fda 138 0fa7ed 139 0 4fa7ed 140 0
c3e9fb 101 e1f4fd 100 0 9a723d 102 0
387d3f 55 1c3e9f 56 1 800000 56 0
c70fa7 252 6387d3 253 1 800000 254 0
98e1f4 253 4c70fa 252 1 f2a977 253 0
131c3e 42 098e1f 41 1 1caa5d 41 0
026387 104 8131c3 103 1 60e553 105 0
204c70 140 102638 141 0 502638 142 0
c4098e 145 6204c7 145 1 b10264 146 0
588131 147 2c4098 146 0 7750be 148 0
0b1026 166 058813 166 1 b10260 161 0
416204 229 a0b102 229 1 505881 230 0
682c40 7 b41620 8 0 d05880 7 0
ed0588 65 7682c4 65 0 c71098 64 0
5da0b1 231 2ed058 232 0 6ed058 233 0
8bb416 198 c5da0b 197 1 a31c42 196 0
317682 75 98bb41 76 0 c5da08 74 0
a62ed0 141 531768 142 0 4c5da0 141 0
d4c5da 240 ea62ed 240 0 df9464 241 0
7a98bb 209 bd4c5d 208 0 64fba6 207 0
2f5317 13 97a98b 13 1 4bd4c6 14 0
65ea62 89 32f531 88 0 7fb27d 90 0
0cbd4c 64 065ea6 63 1 131bf2 63 0
0197a9 81 80cbd4 82 0 cbd440 75 0
e032f5 204 70197a 205 1 800000 206 0
9c065e 251 ce032f 250 1 d4131a 249 0
3380cb 241 99c065 241 0 3504c0 239 0
667019 49 b3380c 48 0 00307c 47 0
2cce03 144 966701 145 0 b3380a 143 0
a599c0 249 d2cce0 250 0 92cce0 251 0
f4b338 32 7a599c 33 0 4b3380 29 0
de9667 5 ef4b33 5 1 7a59a0 2 0
7bd2cc 159 3de966 160 1 800000 160 0
8f7a59 93 47bd2c 94 0 1ef4b1 93 0
d1ef4b 245 e8f7a5 245 0 dd7378 246 0
7a3de9 238 3d1ef4 239 0 7d1ef4 240 0
cf47bd 96 e7a3de 97 1 000001 96 0
b9e8f7 198 5cf47b 199 1 800000 200 0
973d1e 183 cb9e8f 184 1 000000 183 0
f2e7a3 184 f973d1 185 0 b973d1 186 0
fe5cf4 73 7f2e7a 74 1 800000 75 0
dfcb9e 113 efe5cf 114 1 000000 113 0
bbf973 49 5dfcb9 48 0 d5ef9f 48 0
177f2e 57 8bbf97 56 1 68cfb1 58 0
22efe5 231 1177f2 232 1 800000 232 0
845dfc 215 c22efe 216 1 000000 215 0
f08bbf 37 f845df 38 1 000001 37 0
fe1177 36 7f08bb 37 1 800000 38 0
dfc22e 218 6fe117 219 1 800000 220 0
9bf845 252 cdfc22 253 1 000001 252 0
f37f08 225 f9bf84 225 0 f69f46 226 0
7e6fe1 156 bf37f0 157 0 fcdfc1 156 0
efcdfc 54 77e6fe 53 1 99ed3e 55 0
1df9bf 174 8efcdf 175 1 000000 175 0
e3bf37 77 f1df9b 78 1 000001 77 0
fc77e6 223 7e3bf3 224 1 800000 225 0
df8efc 31 6fc77e 32 1 800000 33 0
9bf1df 77 cdf8ef 77 1 37e3c0 75 0
737e3b 168 b9bf1d 169 0 e6fc75 168 0
ae6fc7 190 5737e3 189 1 8169eb 191 0
15cdf8 56 8ae6fc 56 0 4169e8 55 0
62b9bf 40 b15cdf 41 1 000000 41 0
ac5737 187 d62b9b 188 1 000001 187 0
f58ae6 118 7ac573 118 1 bd62ba 119 0
5eb15c 50 af58ae 51 1 000000 51 0
ebd62b 79 75eb15 80 0 5eb154 77 0
9d7ac5 219 4ebd62 218 1 f61c14 219 0
13af58 143 89d7ac 143 0 3b0e08 142 0
6275eb 209 313af5 210 0 713af5 211 0
cc4ebd 4 e6275e 5 1 000001 4 0
b989d7 171 5cc4eb 172 1 800000 173 0
97313a 148 cb989d 149 0 8b989d 150 0
b2e627 134 597313 133 1 83164f 135 0
165cc4 231 0b2e62 230 1 218b26 230 0
02cb98 229 8165cc 228 0 437e7e 229 0
205973 220 902cb9 220 0 610c58 219 0
640b2e 69 320597 70 1 800000 70 0
cc8165 137 e640b2 136 1 b2c218 136 0
39902c 172 9cc816 172 1 4e640b 173 0
673205 127 339902 128 1 800000 128 0
cce640 194 667320 195 0 339900 193 0
999cc8 152 4cce64 152 0 335960 149 0
533399 147 a999cc 148 0 a66731 147 0
ea6673 29 f53339 30 0 b53339 31 0
fd4cce 13 7ea667 14 1 800000 15 0
dfa999 130 6fd4cc 131 0 7ea662 129 0
9bf533 195 4dfa99 196 0 37ea65 195 0
937ea6 200 49bf53 201 1 800000 202 0
926fd4 122 c937ea 123 1 000000 122 0
f24dfa 88 7926fd 89 0 24dfa0 85 0
9e49bf 64 cf24df 64 1 3c9380 62 0
73c937 127 b9e49b 127 1 5cf24e 128 0
6e7926 111 b73c93 112 1 000000 112 0
edcf24 175 f6e792 174 1 e4b6b6 174 0
3db9e4 127 9edcf2 127 1 4f6e79 128 0
67b73c 153 33db9e 154 1 800000 154 0
ccf6e7 61 e67b73 62 1 000001 61 0
f99edc 39 7ccf6e 38 1 9d9b92 40 0
1f33db 205 8f99ed 206 0 f99ed4 203 0
e3e67b 13 f1f33d 14 0 b1f33d 15 0
fc7ccf 51 fe3e67 52 1 000001 51 0
ff8f99 30 7fc7cc 30 0 feaeca 29 0
5ff1f3 206 2ff8f9 207 0 6ff8f9 208 0
cbfe3e 43 e5ff1f 42 1 b1fd5d 42 0
397fc7 166 9cbfe3 166 1 4e5ff2 167 0
672ff8 203 3397fc 204 0 7397fc 205 0
cce5ff 58 6672ff 57 1 8cd640 59 0
199cbf 95 0cce5f 94 1 266b1f 94 0
033397 139 8199cb 140 1 000000 140 0
a06672 231 d03339 232 0 903339 233 0
b40cce 176 da0667 175 1 8e1335 175 0
368199 9 9b40cc 8 0 0843fe 8 0
26d033 117 136819 118 0 536819 119 0
84da06 127 c26d03 127 1 09b40c 125 0
709b40 113 b84da0 114 0 e13680 113 0
ee1368 15 f709b4 16 0 b709b4 17 0
fdc26d 66 7ee136 66 1 bf709c 67 0
5fb84d 123 afdc26 122 1 07ca3a 123 0
2bf709 147 15fb84 146 0 5b7a66 148 0
057ee1 166 82bf70 165 0 46de99 166 0
20afdc 238 1057ee 237 1 3107ca 237 0
0415fb 197 820afd 198 0 82bf50 193 0
e082bf 194 f0415f 195 1 000001 194 0
bc1057 214 5e082b 213 1 868621 215 0
17820a 59 8bc105 60 0 bc1050 57 0
e2f041 91 f17820 92 0 b17820 93 0
fc5e08 62 fe2f04 62 0 fd4686 63 0
7f8bc1 104 bfc5e0 103 0 7dbac4 102 0
2ff178 56 97f8bc 57 0 bfc5e0 55 0
e5fe2f 166 f2ff17 165 1 d8fd47 165 0
3cbfc5 211 1e5fe2 212 1 800000 212 0
8797f8 46 c3cbfc 45 0 e97df6 46 0
30f2ff 39 98797f 40 1 000000 40 0
e61e5f 155 730f2f 154 1 964b64 156 0
1cc3cb 20 8e61e5 21 0 e61e54 18 0
a39879 45 d1cc3c 44 0 863f4c 46 0
34730f 17 9a3987 18 1 000000 18 0
e68e61 89 734730 90 0 347304 87 0
9cd1cc 55 ce68e6 55 1 39a398 53 0
739a39 237 b9cd1c 237 0 b59d54 235 0
6e7347 224 b739a3 224 1 5b9cd2 225 0
6dce68 218 b6e734 217 0 250808 216 0
2db9cd 187 96dce6 188 1 000000 188 0
e5b739 193 f2db9c 194 0 b2db9c 195 0
fcb6e7 147 7e5b73 146 1 9ec497 148 0
1f96dc 19 8fcb6e 18 1 6bd892 20 0
23f2db 234 11f96d 235 0 51f96d 236 0
847e5b 17 c23f2d 18 0 823f2d 19 0
f08fcb 178 7847e5 178 0 d1af60 177 0
5e11f9 191 af08fc 191 0 d1af50 187 0
6bc23f 217 35e11f 218 1 800000 218 0
cd7847 209 66bc23 210 1 800000 211 0
d9af08 26 ecd784 26 0 e34346 27 0
7b35e1 226 3d9af0 225 0 1a0359 226 0
0f66bc 32 07b35e 33 1 800000 33 0
c1ecd7 44 e0f66b 45 1 000001 44 0
b83d9a 61 dc1ecd 61 0 ca2e34 62 0
7707b3 155 3b83d9 156 0 7b83d9 157 0
8ee0f6 93 c7707b 92 1 aca2e2 91 0
31dc1e 109 98ee0f 108 1 72b28b 110 0
263b83 160 131dc1 159 0 57e532 161 0
04c770 229 0263b8 230 0 4263b8 231 0
c098ee 251 604c77 251 1 b0263c 252 0
58131d 97 ac098e 96 1 020e56 97 0
2b0263 167 958131 166 0 75c2fc 167 0
25604c 191 12b026 191 1 958130 188 0
44ac09 65 a25604 66 0 895811 65 0
e89581 202 744ac0 203 0 44ac04 200 0
9d12b0 84 ce8958 85 0 8e8958 86 0
f3a256 43 79d12b 43 1 bce896 44 0
5e744a 71 af3a25 72 0 bce894 71 0
ebce89 77 f5e744 76 0 b36116 78 0
3d79d1 61 9ebce8 62 0 f5e742 60 0
e7af3a 248 73d79d 249 0 3d79d0 246 0
9cf5e7 226 4e7af3 226 1 a73d7a 227 0
539ebc 250 29cf5e 251 1 800000 251 0
8a73d7 136 4539eb 136 1 a29cf6 137 0
514e7a 49 28a73d 48 0 72d10c 50 0
0a29cf 59 0514e7 60 1 800000 60 0
c14539 126 e0a29c 125 0 98cb44 127 0
3828a7 60 9c1453 60 1 4e0a2a 61 0
670514 71 33828a 71 1 ce0a28 69 0
4ce0a2 19 a67051 20 0 99c144 19 0
a99c14 245 54ce0a 246 1 800000 247 0
953382 198 4a99c1 197 0 ea018a 196 0
12a670 15 895338 16 0 953380 13 0
a254ce 3 d12a67 4 1 000000 3 0
f44a99 97 7a254c 98 0 44a988 94 0
9e8953 96 cf44a9 97 0 8f44a9 98 0
b3d12a 61 d9e895 62 0 99e895 63 0
f67a25 250 7b3d12 251 1 800000 252 0
decf44 99 ef67a2 99 1 7b3d10 96 0
7bd9e8 23 bdecf4 23 0 e71b70 21 0
6f7b3d 194 37bd9e 195 1 800000 195 0
8def67 131 46f7b3 131 1 a37bda 132 0
51bdec 80 a8def6 80 1 546f7b 81 0
6a37bd 20 b51bde 20 1 5a8df0 21 0
6d46f7 181 b6a37b 182 1 000000 182 0
eda8de 236 76d46f 236 1 bb6a38 237 0
5db51b 128 2eda8d 127 0 7a9131 129 0
0bb6a3 225 85db51 226 0 bb6a28 222 0
e176d4 204 f0bb6a 204 1 0bb6a0 200 0
7c2eda 193 be176d 192 0 6cea42 191 0
2f85db 204 17c2ed 204 0 23a464 205 0
45f0bb 131 22f85d 132 0 62f85d 133 0
88be17 90 445f0b 91 1 800000 92 0
d117c2 35 e88be1 36 0 a88be1 37 0
fa22f8 88 fd117c 89 0 bd117c 90 0
bf445f 107 dfa22f 107 1 7e88c0 105 0
77e88b 235 3bf445 236 0 7bf445 237 0
cefd11 206 e77e88 206 0 db3dcc 207 0
79dfa2 195 bcefd1 196 0 f3bf44 195 0
ef3bf4 219 f79dfa 218 1 e6d9ee 218 0
3de77e 37 9ef3bf 36 1 7736cf 38 0
27bcef 40 93de77 40 1 49ef3c 41 0
64f79d 195 327bce 195 1 c9ef3c 193 0
4c9ef3 163 264f79 162 0 6fe358 164 0
0993de 159 04c9ef 160 1 800000 160 0
81327b 22 40993d 23 0 0264f5 22 0
d0264f 140 e81327 141 1 000001 140 0
fa04c9 207 fd0264 206 0 bc42fe 208 0
3f4099 165 9fa04c 166 0 fd0262 164 0
a7e813 16 d3f409 17 0 93f409 18 0
f4fd02 43 fa7e81 44 0 ba7e81 45 0
be9fa0 248 5f4fd0 248 0 ef7b80 245 0
57d3f4 159 abe9fa 160 1 000000 160 0
eafa7e 123 f57d3f 123 1 57d3f0 119 0
7d5f4f 177 3eafa7 178 1 800000 178 0
cfabe9 22 67d5f4 22 0 de0774 20 0
59f57d 134 2cfabe 135 1 800000 135 0
cb3eaf 242 659f57 243 1 800000 244 0
d967d5 125 ecb3ea 126 1 000001 125 0
bb2cfa 59 dd967d 59 0 cc61bc 60 0
77659f 45 bbb2cf 44 1 198c38 45 0
2eecb3 30 177659 31 0 577659 32 0
c5dd96 212 e2eecb 212 1 177658 209 0
78bbb2 92 3c5dd9 93 0 7c5dd9 94 0
cf1776 143 678bbb 144 1 800000 145 0
99e2ee 131 ccf177 132 1 000000 131 0
f33c5d 162 f99e2e 162 1 33c5e0 157 0
7e678b 151 3f33c5 151 0 5ecda8 152 0
4fccf1 94 a7e678 95 0 9f99e1 94 0
a9f99e 244 d4fccf 245 1 000000 244 0
f53f33 80 7a9f99 81 0 53f328 77 0
dea7e6 84 ef53f3 83 1 cdfbd9 83 0
3bd4fc 13 1dea7e 14 1 800000 14 0
c77a9f 201 e3bd4f 202 1 000001 201 0
b8ef53 120 5c77a9 121 0 71dea5 120 0
d71dea 89 eb8ef5 90 0 ab8ef5 91 0
bae3bd 64 dd71de 65 1 000001 64 0
b75c77 234 dbae3b 233 1 930ab3 233 0
36eb8e 93 9b75c7 94 1 000000 94 0
a6dd71 173 536eb8 173 0 498520 168 0
54dbae 240 aa6dd7 241 1 000000 241 0
ea9b75 206 f54dba 205 1 dfe930 205 0
3d536e 149 1ea9b7 150 1 800000 150 0
c7aa6d 196 63d536 197 1 800000 198 0
d8f54d 60 ec7aa6 61 1 000001 60 0
fb1ea9 99 fd8f54 100 0 bd8f54 101 0
bf63d5 191 5fb1ea 192 1 800000 193 0
97ec7a 28 4bf63d 28 0 1f15b8 25 0
52fd8f 231 a97ec7 230 1 7f1f16 232 0
2a5fb1 243 952fd8 244 0 a97ec2 242 0
e54bf6 232 f2a5fb 232 1 2a5fb0 228 0
7ca97e 79 be54bf 78 1 1d7f1e 79 0
2f952f 93 17ca97 92 1 475fc7 92 0
05f2a5 202 02f952 203 1 800000 203 0
80be54 132 c05f2a 133 1 000000 132 0
b017ca 185 d80be5 186 0 980be5 187 0
b602f9 76 5b017c 75 0 c7076e 75 0
16c05f 61 0b602f 62 1 800000 62 0
82d80b 253 c16c05 254 0 816c05 255 0
b05b01 240 582d80 239 0 b8e382 239 0
160b60 168 0b05b0 169 0 4b05b0 170 0
c2c16c 22 e160b6 22 1 0b05b0 19 0
78582d 138 3c2c16 137 1 690888 136 0
0f0b05 220 878582 219 1 65a422 221 0
21e160 183 90f0b0 183 0 65a420 182 0
643c2c 214 321e16 215 1 800000 215 0
cc8785 130 e643c2 130 1 321e18 127 0
7990f0 187 3cc878 187 0 5b2cb4 188 0
4f321e 183 27990f 184 1 800000 184 0
89e643 25 44f321 25 0 3b6590 23 0
513cc8 46 a89e64 47 0 a27990 46 0
aa2799 165 d513cc 166 0 9513cc 167 0
f544f3 221 faa279 221 0 f7f3b6 222 0
7ea89e 164 3f544f 165 1 800000 165 0
8fd513 244 47ea89 244 0 5efe70 242 0
51faa2 105 28fd51 104 0 733ca5 106 0
0a3f54 35 851faa 36 1 000000 36 0
e147ea 203 f0a3f5 204 0 b0a3f5 205 0
bc28fd 15 5e147e 15 1 af0a40 16 0
57851f 94 abc28f 95 1 000000 95 0
eaf0a3 138 f57851 138 0 f0347a 139 0
7d5e14 60 3eaf0a 61 1 800000 61 0
cfabc2 143 67d5e1 144 0 3eaf08 142 0
99f578 229 ccfabc 229 0 b3781a 230 0
733eaf 30 399f57 31 1 800000 31 0
ce67d5 225 e733ea 226 1 000001 225 0
f9ccfa 79 7ce67d 80 0 399f40 75 0
df399f 142 6f9ccf 142 1 b7ce68 143 0
5be733 42 2df399 42 0 44ed66 43 0
4b7ce6 214 a5be73 214 1 52df3a 215 0
696f9c 29 34b7ce 28 1 3c4ed4 27 0
0d2df3 14 8696f9 15 0 d2df28 11 0
e1a5be 84 70d2df 85 1 800000 86 0
9c34b7 234 4e1a5b 233 1 f5278a 234 0
138696 117 89c34b 117 1 44e1a6 118 0
6270d2 113 b13869 114 0 c4e1a4 113 0
ec4e1a 19 f6270d 18 0 b3b0d0 20 0
3d89c3 230 9ec4e1 231 0 f6270a 229 0
e7b138 173 f3d89c 172 0 b0cec3 174 0
3cf627 213 1e7b13 214 1 800000 214 0
c79ec4 153 e3cf62 154 1 000000 153 0
b8f3d8 187 5c79ec 188 0 71e7b0 187 0
d71e7b 56 eb8f3d 57 0 ab8f3d 58 0
fae3cf 48 fd71e7 47 1 f855b7 47 0
3f5c79 62 1fae3c 63 0 5fae3c 64 0
c7eb8f 83 63f5c7 83 1 b1fae4 84 0
58fd71 74 ac7eb8 74 0 af8520 69 0
6b1fae 243 358fd7 244 1 800000 244 0
8d63f5 17 c6b1fa 16 1 a82be0 15 0
31ac7e 157 98d63f 157 1 4c6b20 158 0
66358f 229 b31ac7 230 1 000000 230 0
acc6b1 250 d66358 249 0 8bfc2e 251 0
3598d6 131 1acc6b 132 1 800000 132 0
86b31a 3 43598d 4 0 0d6634 3 0
90d663 227 486b31 228 0 21acc5 227 0
921acc 102 490d66 103 1 800000 104 0
924359 22 c921ac 22 0 adb282 23 0
72486b 39 b92435 39 0 adb280 37 0
6e490d 149 b72486 149 1 5b9244 150 0
6dc921 221 36e490 220 0 093b69 221 0
0db924 183 06dc92 184 1 800000 184 0
81b724 158 c0db92 159 1 000000 158 0
b036e4 125 d81b72 125 1 606dc8 123 0
7606dc 216 3b036e 216 1 ec0db8 214 0
4ec0db 101 27606d 100 0 713889 102 0
09d81b 159 84ec0d 160 0 9d81a8 156 0
a13b03 196 509d81 196 0 1d8840 192 0
542760 130 aa13b0 129 0 526270 129 0
2a84ec 176 154276 177 1 800000 177 0
c5509d 62 e2a84e 63 1 000001 62 0
f8aa13 178 7c5509 178 0 e9fe38 177 0
5f1542 129 af8aa1 130 0 be2a84 129 0
abe2a8 69 55f154 70 0 57c550 69 0
d57c55 231 eabe2a 230 1 c03a80 230 0
3aaf8a 207 1d57c5 206 0 64adb6 208 0
0755f1 222 03aaf8 221 0 4495b6 223 0
00eabe 16 80755f 15 1 605807 17 0
201d57 242 900eab 241 1 6c0b01 243 0
2403aa 23 1201d5 22 0 56824a 24 0
048075 119 82403a 120 1 000000 120 0
a0900e 75 504807 76 1 800000 77 0
941201 187 4a0900 187 0 786c04 185 0
528240 52 294120 52 0 3de1b0 53 0
4a5048 8 252824 8 0 37bc36 9 0
494a09 129 24a504 130 0 64a504 131 0
c92941 185 e494a0 186 0 a494a0 187 0
f92528 137 7c9294 136 0 b76e72 137 0
1f24a5 177 0f9252 178 1 800000 178 0
83e494 105 c1f24a 104 1 8badbc 103 0
307c92 24 183e49 24 0 245d6e 25 0
460f92 246 a307c9 247 0 8c1f24 246 0
e8c1f2 226 7460f9 225 0 a2f26e 226 0
1d183e 3 0e8c1f 4 1 800000 4 0
83a307 240 c1d183 239 1 8ae916 238 0
307460 86 183a30 86 0 245748 87 0
460e8c 202 230746 201 1 6915d2 201 0
08c1d1 66 8460e8 66 0 1a4572 65 0
61183a 171 308c1d 170 0 7caf24 172 0
0c2307 122 861183 122 1 4308c2 123 0
618460 142 b0c230 143 0 c308c0 142 0
ec308c 240 761846 240 1 bb0c23 241 0
5d8611 197 2ec308 197 0 46248c 198 0
4bb0c2 61 a5d861 60 0 3d39e5 60 0
297618 203 14bb0c 202 0 59e9cf 204 0
052ec3 122 029761 123 0 429761 124 0
80a5d8 96 4052ec 96 0 03e310 94 0
5014bb 140 a80a5d 139 0 4833d3 139 0
2a0297 67 95014b 68 1 000000 68 0
a54052 222 52a029 223 0 4a80a4 222 0
d4a80a 238 6a5405 239 0 52a028 237 0
9a9501 4 cd4a80 5 0 8d4a80 6 0
f352a0 217 79a950 216 0 b02748 217 0
1e6a54 187 8f352a 188 1 000000 188 0
a3cd4a 190 51e6a5 191 0 479a94 190 0
d479a9 203 6a3cd4 204 0 51e6a2 202 0
9a8f35 108 4d479a 109 1 800000 110 0
d351e6 231 e9a8f3 232 1 000000 231 0
ba6a3c 238 dd351e 239 1 000000 238 0
b74d47 166 dba6a3 167 1 000001 166 0
b6e9a8 84 5b74d4 85 0 6dd350 84 0
96dd35 75 4b6e9a 76 1 800000 77 0
d2dba6 21 e96dd3 20 1 bc4979 20 0
3a5b74 149 9d2dba 150 1 000000 150 0
a74b6e 60 d3a5b7 60 1 4e96dc 58 0
74e96d 11 3a74b6 12 1 800000 12 0
8e9d2d 132 c74e96 132 1 1d3a5c 130 0
71d3a5 235 38e9d2 236 1 800000 236 0
8e3a74 58 471d3a 59 1 800000 60 0
91c74e 81 48e3a7 82 1 800000 83 0
9238e9 140 491c74 141 0 2471d1 140 0
d2471d 14 e9238e 15 1 000001 14 0
ba48e3 69 dd2471 68 0 946d8e 70 0
37491c 60 1ba48e 61 1 800000 61 0
c6e923 143 637491 144 0 1ba48a 142 0
98dd24 156 4c6e92 157 1 800000 158 0
d31ba4 155 698dd2 156 1 800000 157 0
da6374 251 ed31ba 252 1 000000 251 0
bb4c6e 105 5da637 104 1 863ca9 106 0
17698d 17 0bb4c6 16 1 231e54 16 0
02ed31 70 817698 70 0 08c792 69 0
605da6 156 302ed3 157 1 800000 157 0
cc0bb4 164 e605da 163 1 b2118e 163 0
398176 94 9cc0bb 95 1 000000 95 0
a7302e 15 d39817 15 1 4e605c 13 0
74e605 148 3a7302 147 1 5eb210 146 0
0e9cc0 118 074e60 117 0 4921f8 119 0
01d398 143 00e9cc 142 0 41243f 144 0
003a73 241 801d39 240 0 404910 241 0
20074e 48 1003a7 47 1 300af5 47 0
0400e9 230 020074 231 0 420074 232 0
c0801d 144 e0400e 145 1 000001 144 0
b81003 22 5c0801 23 0 702005 22 0
970200 117 4b8100 116 0 f30a00 115 0
12e040 48 897020 49 0 970200 46 0
e25c08 165 712e04 166 0 12e040 163 0
dc4b81 243 6e25c0 242 0 935e61 243 0
1b8970 200 8dc4b8 201 0 dc4b80 198 0
a3712e 121 d1b897 122 1 000000 121 0
f46e25 175 fa3712 174 1 eea538 174 0
3e8dc4 240 9f46e2 241 1 000000 241 0
a7d1b8 72 d3e8dc 73 0 93e8dc 74 0
f4fa37 168 7a7d1b 167 1 9bddd5 169 0
1e9f46 172 8f4fa3 173 1 000000 173 0
a3d3e8 88 d1e9f4 88 0 badeee 89 0
747a7d 44 3a3d3e 45 1 800000 45 0
8e8f4f 49 4747a7 48 1 eaeb7c 49 0
11d1e9 70 08e8f4 69 0 4b2332 71 0
023a3d 77 811d1e 77 1 408e90 78 0
604747 172 b023a3 172 1 5811d2 173 0
6c08e8 85 360474 85 0 5106ae 86 0
4d811d 107 26c08e 108 1 800000 108 0
89b023 215 c4d811 215 0 a7441a 216 0
713604 78 389b02 79 1 800000 79 0
8e26c0 19 471360 18 0 c6c1c0 17 0
11c4d8 99 08e26c 99 0 0d53a2 100 0
42389b 172 211c4d 172 0 31aa74 173 0
484713 229 242389 230 0 642389 231 0
c908e2 102 e48471 103 0 a48471 104 0
f9211c 97 7c908e 97 1 be4847 98 0
5f2423 243 af9211 244 0 be4845 243 0
abe484 200 d5f242 201 1 000000 200 0
f57c90 192 fabe48 191 0 b96dda 193 0
3eaf92 247 1f57c9 248 0 5f57c9 249 0
c7d5f2 83 e3eaf9 83 0 d5e076 84 0
78fabe 48 3c7d5f 47 1 6af03a 46 0
0f1f57 88 878fab 89 1 000000 89 0
a1e3ea 193 d0f1f5 192 0 852e72 194 0
343c7d 235 9a1e3e 236 1 000000 236 0
a6878f 216 5343c7 215 1 fce5ac 216 0
14d0f1 249 8a6878 249 0 3e72d2 248 0
629a1e 99 314d0f 99 1 c5343c 97 0
4c5343 189 2629a1 188 0 6fb40a 190 0
098a68 130 04c534 129 0 45f681 131 0
01314d 18 8098a6 19 1 000000 19 0
a02629 85 d01314 86 0 901314 87 0
f404c5 7 7a0262 6 1 9b81ca 8 0
1e8098 132 0f404c 133 0 4f404c 134 0
83d013 81 41e809 81 0 16e070 79 0
507a02 115 a83d01 116 0 a0f404 115 0
ea0f40 67 7507a0 66 0 a49310 67 0
1d41e8 105 8ea0f4 106 0 ea0f40 103 0
e3a83d 14 71d41e 14 1 b8ea10 15 0
5c7507 243 2e3a83 242 1 155f16 241 0
0b8ea0 31 05c750 32 0 45c750 33 0
c171d4 163 60b8ea 164 1 800000 165 0
982e3a 29 cc171d 30 0 8c171d 31 0
f305c7 246 f982e3 247 1 000001 246 0
be60b8 23 df305c 24 0 9f305c 25 0
b7cc17 4 5be60b 5 1 800000 6 0
d6f982 214 6b7cc1 215 0 5be608 213 0
9adf30 174 cd6f98 174 0 b42764 175 0
735be6 118 39adf3 119 1 800000 119 0
ce6b7c 238 6735be 237 1 8d684e 239 0
19cd6f 135 8ce6b7 136 1 000000 136 0
e339ad 238 f19cd6 239 1 000001 238 0
fc6735 231 fe339a 230 1 fa9ad0 230 0
3f8ce6 216 9fc673 217 1 000000 217 0
a7f19c 78 d3f8ce 78 1 4fe338 76 0
74fe33 83 3a7f19 84 0 7a7f19 85 0
ce9fc6 156 674fe3 155 1 8d7bea 157 0
19d3f8 117 0ce9fc 116 0 50247b 118 0
033a7f 48 019d3f 49 1 800000 49 0
c0674f 93 e033a7 94 1 000001 93 0
f80ce9 43 7c0674 43 0 e826ba 42 0
5f019d 105 af80ce 106 1 000000 106 0
ebe033 175 f5f019 176 0 b5f019 177 0
bd7c06 136 5ebe03 137 1 800000 138 0
d7af80 177 6bd7c0 176 0 8d9b60 177 0
1af5f0 182 8d7af8 183 0 d7af80 180 0
a35ebe 182 51af5f 183 1 800000 184 0
d46bd7 246 ea35eb 245 1 bea1c3 245 0
3a8d7a 150 1d46bd 151 0 5d46bd 152 0
c751af 229 e3a8d7 229 1 1d46c0 226 0
78ea35 116 3c751a 115 1 6abea0 114 0
0f1d46 3 878ea3 2 1 65aafa 4 0
21e3a8 210 10f1d4 210 0 196abe 211 0
443c75 91 a21e3a 92 1 000000 92 0
a8878e 118 d443c7 118 1 510f1c 116 0
7510f1 66 3a8878 67 0 7a8878 68 0
cea21e 68 e7510f 68 1 3a8878 65 0
79d443 185 bcea21 184 0 61254e 183 0
2f3a88 161 179d44 161 0 236be6 162 0
45e751 243 22f3a8 243 0 346d7c 244 0
48bcea 10 a45e75 11 0 9179d4 10 0
e9179d 101 748bce 102 1 800000 103 0
dd22f3 112 ee9179 113 0 ae9179 114 0
fba45e 33 fdd22f 34 1 000000 33 0
bf748b 101 5fba45 101 0 f97680 98 0
57ee91 182 2bf748 183 0 6bf748 184 0
cafdd2 160 657ee9 161 0 2bf748 159 0
995fba 215 ccafdd 214 0 ffb7a8 215 0
332bf7 128 1995fb 127 1 4cc1f3 127 0
06657e 238 0332bf 239 1 800000 239 0
c0ccaf 191 606657 192 1 800000 193 0
981995 24 cc0cca 24 1 30332c 22 0
730332 15 b98199 16 0 e60664 15 0
ae6066 229 d73033 228 1 859099 228 0
35cc0c 237 9ae606 237 1 4d7303 238 0
66b981 8 335cc0 9 0 735cc0 10 0
ccd730 13 666b98 14 0 335cc0 12 0
d99ae6 224 eccd73 225 1 000000 224 0
fb335c 93 fd99ae 94 1 000000 93 0
bf666b 53 5fb335 52 0 de800b 52 0
17eccd 153 8bf666 154 1 000000 154 0
e2fd99 39 717ecc 39 0 a8f8ca 38 0
5c5fb3 160 ae2fd9 160 0 a8f8c0 156 0
6b8bf6 6 35c5fb 7 1 800000 7 0
cd717e 224 e6b8bf 223 1 b42a3d 223 0
39ae2f 206 9cd717 207 1 000000 207 0
a735c5 89 d39ae2 90 1 000001 89 0
f4e6b8 244 fa735c 245 0 ba735c 246 0
fe9cd7 63 7f4e6b 63 1 bfa736 64 0
5fd39a 127 2fe9cd 127 0 47deb4 128 0
4bfa73 195 a5fd39 196 0 97f4e5 195 0
e97f4e 66 f4bfa7 65 1 de3ef5 65 0
3d2fe9 74 9e97f4 74 0 6f1f74 72 0
67a5fd 30 b3d2fe 31 1 000000 31 0
acf4bf 71 d67a5f 72 1 000001 71 0
f59e97 230 facf4b 231 1 000001 230 0
feb3d2 84 ff59e9 83 0 bf3063 85 0
3fd67a 253 9feb3d 253 0 7f06dc 251 0
67facf 6 33fd67 7 1 800000 7 0
ccff59 222 e67fac 223 0 a67fac 224 0
f99feb 8 7ccff5 7 0 b807e6 8 0
1f33fd 19 0f99fe 20 1 800000 20 0
c3e67f 236 61f33f 236 1 b0f9a0 237 0
587ccf 188 ac3e67 189 1 000000 189 0
eb0f99 142 7587cc 141 0 a5d37f 142 0
1d61f3 86 8eb0f9 87 0 eb0f94 84 0
a3ac3e 123 d1d61f 124 1 000000 123 0
f47587 112 7a3ac3 111 1 9bac13 113 0
1e8eb0 165 8f4758 166 0 f47580 163 0
e3d1d6 148 f1e8eb 147 1 d5bac1 147 0
3c7a3a 21 9e3d1d 22 0 f1e8e8 20 0
e78f47 134 f3c7a3 134 1 3c7a40 130 0
7cf1e8 199 be78f4 200 0 f9e3d0 199 0
ef9e3d 89 77cf1e 89 1 bbe790 90 0
5df3c7 213 aef9e3 214 1 000000 214 0
ebbe78 58 75df3c 57 0 a6ae16 58 0
1d77cf 9 0ebbe7 9 1 ebbe80 5 0
43aef9 57 a1d77c 58 0 875df1 57 0
e875df 19 f43aef 20 1 000001 19 0
fd0ebb 97 7e875d 97 0 f72c30 96 0
5fa1d7 126 afd0eb 125 1 07b962 126 0
2bf43a 206 95fa1d 206 0 07b95c 204 0
657e87 15 b2bf43 16 1 000000 16 0
acafd0 89 5657e8 90 0 595fa0 89 0
d595fa 107 6acafd 106 0 8afb78 107 0
1ab2bf 3 0d595f 4 1 800000 4 0
c35657 190 e1ab2b 191 1 000001 190 0
f86aca 150 fc3565 149 0 bb42be 151 0
3f0d59 198 1f86ac 197 0 676858 199 0
07e1ab 13 83f0d5 13 0 17a500 12 0
60fc35 138 b07e1a 138 1 583f0e 139 0
6c1f86 188 b60fc3 189 1 000000 189 0
ad83f0 201 d6c1f8 202 0 96c1f8 203 0
b5b07e 216 5ad83f 217 1 800000 218 0
d6b60f 187 6b5b07 188 1 800000 189 0
dad6c1 142 6d6b60 141 0 918c71 142 0
1b5ad8 86 8dad6c 87 0 dad6c0 84 0
e36b5b 233 f1b5ad 234 0 b1b5ad 235 0
fc6d6b 236 fe36b5 235 0 bdc463 237 0
3f8dad 230 9fc6d6 231 1 000000 231 0
e7f1b5 199 73f8da 200 1 800000 201 0
9cfe36 251 4e7f1b 252 1 800000 253 0
d39fc6 19 69cfe3 19 1 b4e7f2 20 0
5a73f8 117 2d39fc 118 0 6d39fc 119 0
8b4e7f 174 45a73f 174 1 a2d3a0 175 0
5169cf 46 a8b4e7 46 1 545a74 47 0
6a2d39 6 35169c 6 0 4fa1ea 7 0
4d45a7 132 26a2d3 132 1 9a8b50 130 0
49a8b4 175 24d45a 175 1 935168 173 0
493516 32 a49a8b 33 1 000000 33 0
a926a2 197 549351 196 0 a6e095 196 0
1524d4 62 0a926a 62 1 a926a0 58 0
42a49a 207 a1524d 206 0 269b81 206 0
285493 16 942a49 17 0 a1524a 15 0
a50a92 202 528549 201 0 9c9a6d 201 0
14a152 142 0a50a9 142 0 0f78fe 143 0
42942a 182 214a15 181 0 699c9a 183 0
085285 124 842942 123 1 631ef2 125 0
210a50 242 108528 242 0 18c7bc 243 0
44214a 95 a210a5 95 0 318f78 92 0
688429 96 344214 97 0 744214 98 0
8d1085 134 468842 135 1 800000 136 0
d1a210 171 68d108 172 0 468840 170 0
9a3442 244 cd1a21 244 0 b3a732 245 0
734688 83 b9a344 83 0 b3a730 81 0
6e68d1 75 373468 75 0 52ce9c 76 0
4dcd1a 242 a6e68d 242 0 4b3a70 238 0
69b9a3 4 34dcd1 3 0 04280c 4 0
0d3734 114 069b9a 113 1 13d2ce 113 0
01a6e6 24 80d373 23 1 609e96 25 0
2034dc 70 101a6e 71 1 800000 71 0
c4069b 50 e2034d 51 0 a2034d 52 0
f880d3 215 fc4069 216 0 bc4069 217 0
bf101a 203 5f880d 204 0 7e2034 203 0
97e203 110 4bf101 111 0 2fc405 110 0
d2fc40 253 e97e20 254 0 a97e20 255 0
fa5f88 159 7d2fc4 160 0 4bf100 155 0
df4bf1 179 efa5f8 179 0 e778f4 180 0
7be97e 160 bdf4bf 161 1 000000 161 0
af7d2f 133 d7be97 133 1 5efa60 131 0
75efa5 104 baf7d2 103 1 1873bc 104 0
2ebdf4 215 975efa 216 1 000000 216 0
e5d7be 37 72ebdf 38 1 800000 39 0
dcbaf7 71 ee5d7b 70 1 cb1873 70 0
3b975e 41 9dcbaf 40 1 7658c3 42 0
2772eb 167 93b975 167 0 7658c0 166 0
64ee5d 103 b2772e 103 1 593b98 104 0
6c9dcb 223 b64ee5 224 0 d93b95 223 0
ad93b9 142 56c9dc 141 0 b1f14e 141 0
15b277 219 8ad93b 219 1 456c9e 220 0
62b64e 178 b15b27 177 1 0a08ba 178 0
2c56c9 26 162b64 26 0 214116 27 0
458ad9 190 22c56c 191 0 62c56c 192 0
c8b15b 19 e458ad 19 0 d68504 20 0
79162b 202 3c8b15 203 0 7c8b15 204 0
cf22c5 67 e79162 67 1 3c8b18 64 0
79e458 21 bcf22c 21 0 db5a10 19 0
6f3c8b 4 b79e45 5 0 de7915 4 0
ede791 168 f6f3c8 168 0 f26dac 169 0
7dbcf2 56 bede79 56 0 f26dac 54 0
6fb79e 44 b7dbcf 45 1 000000 45 0
edf6f3 55 76fb79 55 0 c9e4d8 54 0
5dbede 113 2edf6f 113 1 bb7dbc 111 0
4bb7db 143 a5dbed 142 0 3d4ba3 142 0
2976fb 219 94bb7d 218 0 73d4ba 219 0
252edf 204 12976f 205 1 800000 205 0
c4a5db 239 6252ed 238 0 eb9ea3 238 0
1894bb 144 0c4a5d 144 0 126f8c 145 0
431297 68 21894b 69 1 800000 69 0
c86252 222 643129 223 0 218948 221 0
990c4a 175 4c8625 176 0 321894 175 0
d32189 154 e990c4 155 0 a990c4 156 0
ba6431 236 5d3218 237 0 74c861 236 0
974c86 207 4ba643 208 1 800000 209 0
d2e990 202 6974c8 203 0 4ba640 201 0
da5d32 216 6d2e99 217 0 6974c8 215 0
db4ba6 174 eda5d3 173 1 c8f179 173 0
3b6974 72 1db4ba 73 1 800000 73 0
876d2e 177 c3b697 178 1 000000 177 0
b0eda5 57 d876d2 56 1 896478 56 0
361db4 233 1b0eda 234 1 800000 234 0
86c3b6 8 4361db 9 1 800000 10 0
d0d876 99 e86c3b 98 1 b944b1 98 0
3a1b0e 222 9d0d87 223 1 000000 223 0
a74361 142 53a1b0 141 0 a22872 141 0
14e86c 15 8a7436 14 1 67d728 16 0
229d0d 169 914e86 169 1 48a744 170 0
6453a1 97 b229d0 98 0 c8a741 97 0
ec8a74 64 76453a 65 1 800000 66 0
9d914e 238 cec8a7 239 1 000000 238 0
f3b229 96 79d914 97 0 3b2288 93 0
de7645 135 ef3b22 136 1 000001 135 0
bbcec8 179 dde764 179 0 ccdb16 180 0
7779d9 87 3bbcec 88 0 7bbcec 89 0
ceef3b 172 67779d 171 0 82ab0a 172 0
19dde7 95 0ceef3 94 1 26ccdb 94 0
033bbc 68 819dde 67 1 613666 69 0
206777 82 1033bb 83 1 800000 83 0
c40cee 105 620677 105 1 b1033c 106 0
58819d 80 2c40ce 81 1 800000 81 0
8b1033 109 458819 110 0 162065 109 0
d16206 25 e8b103 26 1 000000 25 0
fa2c40 163 fd1620 162 0 bc5ba8 164 0
3f4588 22 9fa2c4 23 0 fd1620 21 0
a7e8b1 162 53f458 163 0 4fd161 162 0
d4fd16 31 6a7e8b 31 1 b53f46 32 0
5a9fa2 54 2d4fd1 55 0 6d4fd1 56 0
cb53f4 75 65a9fa 76 1 800000 77 0
996a7e 240 4cb53f 241 1 800000 242 0
932d4f 65 c996a7 66 1 000001 65 0
b265a9 103 d932d4 103 0 c5cc3e 104 0
764cb5 144 bb265a 145 1 000000 145 0
aec996 22 5764cb 22 1 abb266 23 0
55d932 149 2aec99 150 0 6aec99 151 0
cabb26 245 e55d93 245 1 2aec98 242 0
795764 49 bcabb2 48 1 1b018b 49 0
2f2aec 48 979576 48 1 4bcabb 49 0
65e55d 238 b2f2ae 237 1 0c6c06 238 0
2cbcab 82 965e55 83 0 b2f2aa 81 0
a59795 85 d2cbca 85 1 4b2f2c 83 0
74b2f2 31 ba5979 32 0 e965e4 31 0
ee965e 41 f74b2f 41 1 74b2f0 37 0
7dd2cb 150 3ee965 150 0 5e5e18 151 0
4fba59 30 a7dd2c 31 0 9f74b1 30 0
a9f74b 236 54fba5 237 0 53ee95 236 0
953ee9 229 4a9f74 230 0 2a7dd1 229 0
92a7dd 190 c953ee 191 1 000001 190 0
b254fb 20 d92a7d 21 0 992a7d 22 0
f64a9f 148 7b254f 147 1 9c5bfc 149 0
1ec953 114 8f64a9 114 0 5c5bf8 113 0
63d92a 128 31ec95 128 0 4ae2e0 129 0
4c7b25 6 a63d92 6 1 531eca 7 0
698f64 227 34c7b2 226 1 3cae2c 225 0
0d31ec 71 8698f6 72 1 000000 72 0
a1a63d 209 50d31e 210 1 800000 211 0
d434c7 141 ea1a63 142 1 000001 141 0
fa8698 231 7d434c 232 0 50d300 227 0
df50d3 188 6fa869 189 0 7d434a 187 0
dbea1a 33 6df50d 34 0 6fa868 32 0
9b7d43 152 cdbea1 152 0 b49df2 153 0
736fa8 227 b9b7d4 228 0 e6df50 227 0
ae6df5 156 d736fa 157 1 000001 156 0
b5cdbe 39 5ae6df 39 1 ad7370 40 0
56b9b7 246 ab5cdb 245 1 010b4a 246 0
2ad736 221 156b9b 221 1 ab5cd8 218 0
455ae6 221 22ad73 220 1 680859 220 0
08ab5c 16 8455ae 16 1 422ad7 17 0
61156b 12 308ab5 13 0 708ab5 14 0
cc22ad 242 e61156 241 1 b23404 241 0
398455 209 1cc22a 210 1 800000 210 0
87308a 189 c39845 189 0 a56468 190 0
70e611 251 b87308 251 0 a56464 249 0
6e1cc2 209 b70e61 210 0 dc3984 209 0
adc398 221 d6e1cc 222 0 96e1cc 223 0
f5b873 155 7adc39 156 0 5b8728 152 0
9eb70e 195 cf5b87 195 1 3d6e1c 193 0
73d6e1 248 b9eb70 248 0 b70944 246 0
6e7adc 115 373d6e 114 1 4b7094 113 0
0dcf5b 150 06e7ad 151 0 46e7ad 152 0
c1b9eb 125 e0dcf5 124 0 991433 126 0
38373d 129 9c1b9e 129 1 4e0dd0 130 0
6706e7 92 b38373 91 1 0d452e 92 0
2ce0dc 12 96706e 11 1 70d452 13 0
259c1b 75 12ce0d 76 0 52ce0d 77 0
84b383 92 c259c1 93 0 8259c1 94 0
b09670 156 584b38 157 0 612ce0 156 0
d612ce 147 eb0967 148 1 000000 147 0
bac259 52 dd612c 53 0 9d612c 54 0
f7584b 90 7bac25 89 0 b52e5e 90 0
1eeb09 219 0f7584 220 0 4f7584 221 0
c3dd61 62 61eeb0 61 0 e9a972 61 0
187bac 249 8c3dd6 248 1 692e60 250 0
230f75 135 1187ba 135 1 8c3dd8 132 0
4461ee 251 a230f7 252 1 000000 252 0
e88c3d 177 f4461e 178 1 000001 177 0
bd1187 121 de88c3 120 1 9b9a4b 120 0
37a230 166 9bd118 165 0 0b1578 165 0
26f446 54 937a23 55 1 000000 55 0
a4de88 72 526f44 72 0 74dcc0 68 0
549bd1 137 2a4de8 136 0 74e162 138 0
0a937a 179 8549bd 180 0 a937a0 176 0
e1526f 217 70a937 218 1 800000 219 0
dc2a4d 27 6e1526 26 1 928fdd 28 0
1b8549 150 8dc2a4 151 0 dc2a44 148 0
e370a9 39 71b854 39 0 aa51fa 38 0
5c6e15 222 ae370a 223 1 000000 223 0
ab8dc2 24 d5c6e1 25 0 95c6e1 26 0
b571b8 72 5ab8dc 73 0 6ae370 72 0
d6ae37 10 eb571b 9 1 c20553 9 0
3ad5c6 65 9d6ae3 65 1 4eb572 66 0
675ab8 233 b3ad5c 233 0 d840a0 230 0
6ceb57 157 3675ab 157 1 d9d6b0 155 0
4d9d6a 202 a6ceb5 203 0 9b3ad4 202 0
a9b3ad 204 d4d9d6 205 1 000001 204 0
f53675 117 fa9b3a 118 1 000001 117 0
fea6ce 19 7f5367 20 1 800000 21 0
9fd4d9 180 cfea6c 179 0 83e508 181 0
33fa9b 241 19fd4d 242 0 59fd4d 243 0
867f53 16 433fa9 15 0 a07c9e 14 0
10cfea 171 8867f5 172 0 867f50 169 0
e219fd 74 f10cfe 73 1 d326fc 73 0
3c433f 46 1e219f 46 1 f10d00 43 0
478867 101 23c433 101 1 8f10d0 99 0
48f10c 195 247886 194 1 6d6992 194 0
091e21 98 048f10 99 0 448f10 100 0
c123c4 214 6091e2 213 1 886d6a 215 0
182478 194 8c123c 193 0 5e2d96 194 0
23048f 184 918247 185 1 000000 185 0
a46091 205 d23048 204 0 86bc5a 206 0
348c12 228 9a4609 229 0 d23048 227 0
e69182 65 7348c1 64 0 a035e2 65 0
1cd230 141 8e6918 141 0 567690 140 0
639a46 19 b1cd23 18 1 0ab3b4 19 0
2c7348 163 9639a4 164 0 b1cd20 162 0
e58e69 211 72c734 210 0 9ef203 211 0
1cb1cd 125 8e58e6 126 1 000000 126 0
a39639 170 d1cb1c 171 0 91cb1c 172 0
f472c7 239 7a3963 240 1 800000 241 0
de8e58 93 ef472c 94 0 af472c 95 0
bbd1cb 76 5de8e5 75 0 d58c7b 75 0
177a39 83 8bbd1c 83 0 466eaa 82 0
62ef47 77 3177a3 78 1 800000 78 0
8c5de8 2 462ef4 1 0 200000 0 2
118bbd 2 08c5de 3 1 800000 3 0
c23177 170 6118bb 170 1 b08c5e 171 0
58462e 243 ac2317 243 1 56118c 244 0
6b08c5 192 358462 192 1 d6118c 190 0
4d6118 60 26b08c 61 0 66b08c 62 0
89ac23 72 c4d611 73 0 84d611 74 0
b13584 240 d89ac2 240 1 626b08 238 0
7626b0 71 3b1358 70 0 13b05c 71 0
0ec4d6 232 07626b 233 1 800000 233 0
81d89a 126 40ec4d 127 0 03b134 126 0
d03b13 84 681d89 84 0 e16270 82 0
5a0762 116 2d03b1 115 0 78449d 117 0
0b40ec 68 05a076 69 1 800000 69 0
c1681d 144 e0b40e 145 1 000001 144 0
f82d03 125 fc1681 125 0 fa21c2 126 0
7f05a0 59 bf82d0 60 0 fe0b40 59 0
afe0b4 135 d7f05a 136 1 000000 135 0
f5fc16 120 7afe0b 121 1 800000 122 0
9ebf82 50 cf5fc1 49 0 8337b1 51 0
33d7f0 170 99ebf8 171 0 cf5fc0 169 0
a67afe 54 d33d7f 54 1 4cf5fc 52 0
74cf5f 9 ba67af 10 1 000000 10 0
ae99eb 25 574cf5 25 0 bcdc00 20 0
55d33d 46 aae99e 46 1 5574d0 47 0
6aba67 121 355d33 121 1 d574d0 119 0
4d574c 142 26aba6 142 1 9aae98 140 0
49aae9 186 24d574 186 0 37402e 187 0
49355d 99 249aae 100 1 800000 100 0
8926ab 143 449355 144 0 124d55 143 0
9124d5 227 c8926a 228 1 000001 227 0
f2249a 238 79124d 239 0 2249a0 235 0
9e4493 4 cf2249 5 0 8f2249 6 0
f3c892 137 79e449 137 0 db59b6 136 0
5e7912 102 2f3c89 102 0 46dace 103 0
4bcf22 177 25e791 178 0 65e791 179 0
8979e4 28 c4bcf2 28 1 12f3c8 26 0
712f3c 171 b8979e 172 1 000000 172 0
ee25e7 158 f712f3 159 1 000001 158 0
bdc4bc 83 dee25e 84 1 000000 83 0
f7b897 178 fbdc4b 179 1 000001 178 0
bef712 212 df7b89 212 0 cf394e 213 0
77dee2 79 bbef71 79 0 cf394c 77 0
6efbdc 174 377dee 173 1 4cf394 172 0
0ddf7b 158 06efbd 158 0 0a679c 159 0
41bbef 253 a0ddf7 253 1 506efc 254 0
68377d 190 341bbe 189 1 38a678 188 0
0d06ef 202 068377 201 1 138a67 201 0
01a0dd 113 00d06e 113 1 d06f00 105 0
40341b 216 a01a0d 215 0 208243 215 0
280683 39 940341 40 0 a01a0a 38 0
a500d0 181 d28068 182 0 928068 183 0
b4a01a 87 da500d 88 0 9a500d 89 0
b69403 158 db4a01 159 0 9b4a01 160 0
f6d280 164 fb6940 163 0 ba4390 165 0
3eda50 117 1f6d28 117 0 2f23bc 118 0
47db4a 111 23eda5 110 0 6ce90e 112 0
08fb69 130 847db4 131 0 8fb688 127 0
a11f6d 233 d08fb6 234 1 000001 233 0
f423ed 120 7a11f6 121 1 800000 122 0
de847d 146 6f423e 147 1 800000 148 0
dbd08f 15 6de847 15 1 b6f424 16 0
5b7a11 121 adbd08 120 0 64b12a 120 0
2b6f42 20 95b7a1 21 0 adbd08 19 0
a56de8 229 52b6f4 230 0 4adbd0 229 0
d4adbd 251 ea56de 251 1 52b6f8 248 0
7a95b7 146 bd4adb 147 1 000000 147 0
af52b6 208 57a95b 207 1 81bf04 209 0
15ea56 188 0af52b 189 1 800000 189 0
c2bd4a 106 e15ea5 107 0 a15ea5 108 0
b857a9 50 5c2bd4 51 0 70af51 50 0
970af5 247 cb857a 246 1 c520e0 245 0
32e15e 249 1970af 248 1 4c520d 248 0
065c2b 146 032e15 147 0 432e15 148 0
c0cb85 100 6065c2 100 1 b032e2 101 0
581970 33 2c0cb8 34 0 6c0cb8 35 0
8b032e 37 458197 38 1 800000 39 0
d16065 133 e8b032 134 1 000001 133 0
fa2c0c 234 fd1606 235 1 000000 234 0
ff4581 71 ffa2c0 71 0 ff7420 72 0
7fe8b0 211 3ff458 210 0 1fe2dc 211 0
0ffd16 123 07fe8b 124 1 800000 124 0
81ffa2 144 40ffd1 145 0 03ff44 144 0
903ff4 213 481ffa 214 1 800000 215 0
9207fe 194 4903ff 195 1 800000 196 0
9240ff 249 c9207f 250 1 000001 249 0
f2481f 189 f9240f 189 1 248200 184 0
7e4903 111 3f2481 112 0 7f2481 113 0
cfc920 246 e7e490 246 0 dbd6d8 247 0
79f924 127 3cfc92 128 1 800000 128 0
8f3f24 151 c79f92 151 1 1e7e48 149 0
71e7e4 156 b8f3f2 157 1 000000 157 0
ee3cfc 251 771e7e 251 1 bb8f3f 252 0
5dc79f 137 2ee3cf 137 1 bb8f40 135 0
4bb8f3 144 a5dc79 145 0 9771e5 144 0
a9771e 187 d4bb8f 187 1 52ee3c 185 0
752ee3 247 ba9771 248 0 ea5dc5 247 0
eea5dc 168 f752ee 168 1 752ee0 164 0
7dd4bb 62 3eea5d 61 0 1d49ea 62 0
0fba97 178 07dd4b 179 1 800000 179 0
81f752 54 40fba9 55 0 03eea4 54 0
903eea 154 481f75 155 0 207dd4 154 0
9207dd 120 c903ee 119 1 b61798 118 0
3240fb 115 19207d 114 0 5f689d 116 0
06481f 224 03240f 223 1 096c2f 223 0
00c903 250 806481 251 0 c90280 243 0
a01920 208 500c90 209 0 403240 208 0
940324 217 4a0192 218 1 800000 219 0
d28064 162 694032 163 1 800000 164 0
da500c 157 6d2806 156 1 91de04 158 0
1b4a01 252 0da500 251 0 510e40 253 0
036940 234 81b4a0 235 0 da5000 229 0
a06d28 62 503694 63 0 40da50 62 0
d40da5 72 ea06d2 71 1 be1478 71 0
3a81b4 29 9d40da 28 1 75f0a4 30 0
275036 141 93a81b 141 1 49d40e 142 0
64ea06 116 b27503 117 1 000000 117 0
ac9d40 192 d64ea0 193 0 964ea0 194 0
b593a8 120 5ac9d4 121 0 6b2750 120 0
96b275 206 4b593a 207 1 800000 208 0
92d64e 77 c96b27 76 1 b882ea 75 0
325ac9 156 192d64 155 0 5f78be 157 0
064b59 80 8325ac 81 0 c96b10 76 0
e0c96b 100 7064b5 100 0 a25c40 99 0
5c192d 149 2e0c96 148 1 144b88 147 0
0b8325 253 85c192 254 1 000000 254 0
e17064 36 70b832 36 1 b85c19 37 0
5c2e0c 205 2e1706 206 1 800000 206 0
cb85c1 194 65c2e0 193 0 fcce62 193 0
1970b8 37 0cb85c 37 0 13148a 38 0
432e17 101 a1970b 100 1 793149 102 0
2865c2 108 9432e1 109 0 a19708 107 0
e50cb8 192 72865c 193 0 2865c0 190 0
9ca197 215 ce50cb 214 1 d5e4c6 213 0
339432 59 99ca19 58 0 00f27d 58 0
267286 155 133943 156 1 800000 156 0
c4ce50 69 626728 69 0 9cd5e0 67 0
5899ca 105 ac4ce5 104 0 5d8079 104 0
2b1339 224 95899c 224 0 027354 222 0
656267 245 32b133 244 1 302736 243 0
0cac4c 150 865626 151 1 000000 151 0
e19589 218 70cac4 218 0 a4c09a 217 0
5c32b1 103 ae1958 102 0 667eba 102 0
2b8656 72 15c32b 73 1 800000 73 0
c570ca 27 e2b865 28 0 a2b865 29 0
f8ae19 198 fc570c 197 0 bb6cd0 199 0
3f15c3 171 1f8ae1 172 0 5f8ae1 173 0
c7e2b8 189 e3f15c 190 0 a3f15c 191 0
b8fc57 88 dc7e2b 88 1 71f8b0 86 0
771f8a 201 bb8fc5 202 0 ee3f14 201 0
eee3f1 172 f771f8 173 0 b771f8 174 0
bddc7e 104 5eee3f 104 1 af7720 105 0
57bb8f 158 2bddc7 159 1 800000 159 0
8af771 107 c57bb8 108 0 857bb8 109 0
f15eee 144 f8af77 143 1 ea0e65 143 0
3e2bdd 5 9f15ee 4 1 775073 6 0
27c57b 29 93e2bd 30 0 9f15ea 28 0
a4f8af 110 527c57 111 1 800000 112 0
949f15 172 4a4f8a 173 1 800000 174 0
d293e2 199 e949f1 200 0 a949f1 201 0
ba527c 252 dd293e 251 1 977bba 251 0
374a4f 136 1ba527 137 1 800000 137 0
c6e949 104 6374a4 105 0 1ba522 103 0
98dd29 144 cc6e94 143 0 ff1473 144 0
331ba5 172 198dd2 172 1 cc6e98 169 0
466374 113 2331ba 113 1 8cc6e8 111 0
48cc6e 183 246637 182 1 6d32a5 182 0
09198d 90 048cc6 91 1 800000 91 0
812331 47 409198 47 0 06d324 45 0
502466 90 a81233 91 1 000000 91 0
aa048c 61 d50246 62 1 000000 61 0
f54091 112 faa048 111 0 b9485a 113 0
3ea812 248 9f5409 248 0 77f06c 246 0
67d502 68 33ea81 69 0 73ea81 70 0
8cfaa0 46 467d50 46 0 4ddfc0 44 0
519f54 197 a8cfaa 196 1 7e9bc0 198 0
2a33ea 2 1519f5 3 0 5519f5 4 0
85467d 243 42a33e 243 1 a151a0 244 0
50a8cf 249 285467 250 1 800000 250 0
ca1519 31 e50a8c 32 0 a50a8c 33 0
b942a3 198 5ca151 199 0 728545 198 0
972854 232 4b942a 231 1 f15e3f 232 0
12e50a 102 897285 103 0 972850 100 0
e25ca1 97 f12e50 98 0 b12e50 99 0
fc4b94 126 7e25ca 127 1 800000 128 0
9f8972 56 4fc4b9 55 0 8ed79d 55 0
13f12e 187 09f897 188 1 800000 188 0
c27e25 73 613f12 74 1 800000 75 0
984fc4 132 cc27e2 132 1 309f88 130 0
7309f8 122 3984fc 121 0 0fcc76 122 0
0e613f 17 87309f 18 1 000000 18 0
e1cc27 89 70e613 89 1 b8730a 90 0
5c3984 138 ae1cc2 139 1 000000 139 0
eb8730 90 f5c398 89 0 b3347e 91 0
3d70e6 171 9eb873 171 1 4f5c3a 172 0
67ae1c 245 33d70e 246 1 800000 246 0
8cf5c3 167 c67ae1 168 0 867ae1 169 0
f19eb8 198 f8cf5c 198 0 f5370a 199 0
7e33d7 121 bf19eb 122 1 000000 122 0
afc67a 110 57e33d 111 0 5f8cf4 110 0
95f8cf 161 cafc67 161 1 2bf1a0 159 0
72bf19 234 395f8c 235 0 795f8c 236 0
8e57e3 168 472bf1 167 0 c7b76e 166 0
11cafc 39 88e57e 38 1 66ac1e 40 0
22395f 141 911caf 142 1 000000 142 0
a4472b 168 522395 169 0 488e55 168 0
9488e5 32 ca4472 32 1 2911cc 30 0
72911c 56 b9488e 57 1 000000 57 0
ee5223 112 f72911 111 0 b4f356 113 0
3dca44 97 1ee522 98 1 800000 98 0
87b948 53 c3dca4 52 0 e9a79a 53 0
30f729 198 187b94 199 0 587b94 200 0
c61ee5 91 630f72 92 1 800000 93 0
d8c3dc 134 ec61ee 134 1 630f70 131 0
7b187b 59 bd8c3d 60 0 f630f5 59 0
ef630f 58 f7b187 57 1 e71497 57 0
3dec61 71 1ef630 72 0 5ef630 73 0
87bd8c 116 43dec6 117 1 800000 118 0
90f7b1 118 c87bd8 118 0 acb9c4 119 0
721ef6 51 390f7b 51 1 e43dec 49 0
4e43de 183 a721ef 182 1 7d5973 184 0
29c87b 106 14e43d 105 0 5a1d4d 107 0
05390f 159 829c87 160 1 000000 160 0
a0a721 178 505390 178 0 0fab10 174 0
5414e4 98 2a0a72 99 1 800000 99 0
8a829c 179 45414e 179 1 a2a0a7 180 0
515053 128 a8a829 127 0 4b48cf 127 0
2a2a0a 99 951505 100 0 a8a828 98 0
a54541 2 d2a2a0 2 0 bbf3f0 3 0
74a8a8 154 3a5454 155 0 7a5454 156 0
ce9515 210 674a8a 211 1 800000 212 0
d9d2a2 14 6ce951 13 0 90474a 14 0
1b3a54 103 8d9d2a 102 1 6a35e0 104 0
23674a 149 91b3a5 150 0 8d9d28 148 0
e46ce9 8 f23674 9 0 b23674 10 0
bc8d9d 210 de46ce 210 1 791b3c 208 0
7791b3 86 3bc8d9 87 0 7bc8d9 88 0
cef236 188 e7791b 187 1 b66b51 187 0
39de46 26 9cef23 25 1 75b35a 27 0
273bc8 118 139de4 118 0 1d6cd6 119 0
44e779 206 a273bc 207 0 89cef1 206 0
a89cef 187 d44e77 187 1 5139e0 185 0
75139d 174 ba89ce 175 1 000000 175 0
eea273 41 775139 40 0 aa4b10 41 0
1dd44e 207 8eea27 207 1 477514 208 0
63ba89 123 b1dd44 123 0 acbe68 120 0
6c7751 131 363ba8 132 0 763ba8 133 0
8d8eea 170 46c775 171 0 1b1dd4 170 0
91b1dd 153 c8d8ee 153 1 2363bc 151 0
72363b 24 391b1d 25 0 791b1d 26 0
ce46c7 117 e72363 116 1 b56a2b 116 0
39c8d8 110 1ce46c 110 0 2b56a2 111 0
47391b 205 239c8d 205 0 356ad4 206 0
48e723 4 247391 4 0 36ad5a 5 0
491ce4 106 a48e72 107 1 000000 107 0
e9239c 117 7491ce 117 1 ba48e7 118 0
5d2473 57 2e9239 58 0 6e9239 59 0
cba48e 216 65d247 215 1 8c5db5 217 0
197491 251 8cba48 250 0 5fd1b5 251 0
232e92 84 919749 85 0 8cba48 83 0
a465d2 237 d232e9 236 0 86bfa3 238 0
348cba 194 9a465d 194 0 3b4c5c 192 0
669197 220 b348cb 221 1 000000 221 0
acd232 154 566919 153 0 b00d7d 153 0
159a46 167 0acd23 168 1 800000 168 0
82b348 134 4159a4 133 0 8d8068 132 0
105669 145 882b34 144 0 546c03 145 0
220acd 85 910566 84 1 6cc40d 86 0
244159 39 9220ac 38 0 6d51af 39 0
24882b 2 124415 3 0 524415 4 0
c49105 144 624882 143 1 89b662 145 0
189220 31 0c4910 32 0 4c4910 33 0
831244 100 418922 99 1 e24db3 100 0
106248 243 083124 242 0 4a3d6d 244 0
020c49 127 810624 128 0 831220 122 0
e04189 82 7020c4 83 0 020c44 80 0
dc0831 61 ee0418 62 0 ae0418 63 0
bb8106 185 ddc083 185 1 77020c 183 0
777020 168 3bb810 168 0 599418 169 0
4eee04 149 277702 150 1 800000 150 0
89ddc0 217 c4eee0 218 0 84eee0 219 0
b13bb8 218 d89ddc 219 0 989ddc 220 0
f62777 123 7b13bb 123 1 bd89de 124 0
5ec4ee 79 2f6277 80 1 800000 80 0
cbd89d 13 e5ec4e 14 1 000001 13 0
b97b13 227 dcbd89 228 0 9cbd89 229 0
b72f62 198 5b97b1 198 0 963898 195 0
56e5ec 78 2b72f6 77 1 04b1c4 76 0
0adcbd 146 056e5e 145 1 104b1c 145 0
015b97 221 80adcb 220 1 608259 222 0
202b72 52 9015b9 52 0 608256 51 0
64056e 59 b202b7 60 1 000000 60 0
ac80ad 152 d64056 153 1 000001 152 0
b59015 205 dac80a 204 1 905820 204 0
36b202 23 9b5901 22 0 08bd05 22 0
26d640 104 136b20 104 0 1d20b0 105 0
44dac8 141 a26d64 142 0 89b590 141 0
a89b59 82 544dac 82 0 3a4140 76 0
55136b 148 2a89b5 148 0 3fce90 149 0
4aa26d 155 255136 155 1 9544dc 153 0
49544d 127 24aa26 127 1 92a89c 125 0
492a89 179 249544 180 0 649544 181 0
c92551 106 e492a8 107 0 a492a8 108 0
f924aa 40 fc9255 41 0 bc9255 42 0
bf2495 105 5f924a 106 1 800000 107 0
97e492 176 4bf249 175 0 f776da 174 0
12fc92 60 897e49 59 0 57bbb6 60 0
225f92 77 912fc9 78 0 897e48 76 0
e44bf2 110 7225f9 109 0 9d5eee 110 0
1c897e 115 8e44bf 115 1 472260 116 0
63912f 96 31c897 97 1 800000 97 0
cc7225 99 663912 99 1 b31c8a 100 0
598e44 151 acc722 150 1 032ab3 151 0
2b31c8 93 1598e4 94 0 5598e4 95 0
856639 171 c2b31c 170 0 e6bfc7 171 0
30acc7 25 985663 26 1 000000 26 0
a61598 27 d30acc 26 0 87cd7f 28 0
34c2b3 5 1a6159 4 0 60f9b0 6 0
069856 169 834c2b 168 1 627920 170 0
20d30a 245 106985 244 0 5483e6 246 0
041a61 68 020d30 67 0 42907c 69 0
00834c 60 0041a6 61 1 800000 61 0
801069 111 400834 111 0 006274 109 0
50020d 240 280106 241 1 800000 241 0
ca0041 192 e50020 192 0 d78030 193 0
794008 179 3ca004 180 0 7ca004 181 0
8f2801 245 479400 245 0 5af004 243 0
51e500 200 28f280 200 0 3d6bc0 201 0
4a3ca0 153 251e50 152 0 6e65e4 154 0
094794 179 04a3ca 180 1 800000 180 0
8128f2 31 c09479 32 0 809479 33 0
f0251e 183 f8128f 184 1 000000 183 0
be04a3 41 5f0251 42 0 7c0945 41 0
97c094 111 cbe04a 112 1 000000 111 0
f2f812 86 797c09 87 0 2f8120 83 0
de5f02 190 ef2f81 191 0 af2f81 192 0
bbcbe0 156 dde5f0 157 0 9de5f0 158 0
b7797c 242 5bbcbe 242 1 adde5f 243 0
56ef2f 134 ab7797 134 1 55bbcc 135 0
6adde5 199 b56ef2 199 1 5ab77a 200 0
6d5bbc 195 36adde 194 1 481334 193 0
0dab77 67 06d5bb 68 1 800000 68 0
81b56e 135 c0dab7 135 1 036adc 133 0
7036ad 52 b81b56 53 1 000000 53 0
ae06d5 137 57036a 138 1 800000 139 0
d5c0da 172 6ae06d 171 0 8b3110 172 0
1ab81b 186 8d5c0d 186 0 502850 185 0
635703 97 b1ab81 96 0 785987 96 0
2c6ae0 181 163570 182 0 563570 183 0
c58d5c 245 62c6ae 246 1 800000 247 0
98b1ab 229 4c58d5 230 0 316355 229 0
931635 230 498b1a 231 1 800000 232 0
d262c6 112 e93163 112 1 498b18 109 0
7a4c58 2 bd262c 3 0 f498b0 2 0
af498b 33 d7a4c5 33 0 c37728 34 0
75e931 14 baf498 15 0 ebd261 14 0
aebd26 163 575e93 162 1 8186ee 164 0
15d7a4 134 8aebd2 133 1 6830de 135 0
22baf4 27 115d7a 27 1 8aebd0 24 0
44575e 109 222baf 108 1 66830d 108 0
088aeb 144 844575 145 0 88aea8 141 0
a1115d 5 5088ae 6 1 800000 7 0
94222b 179 4a1115 178 0 e4aad6 177 0
128445 232 894222 232 1 44a112 233 0
625088 81 312844 82 0 712844 83 0
8c4a11 43 462508 43 0 49bc64 41 0
518942 167 28c4a1 168 0 68c4a1 169 0
8a3128 121 451894 122 0 146250 121 0
d14625 111 e8a312 110 1 b9e938 110 0
3a28c4 192 9d1462 193 1 000000 193 0
e74518 129 73a28c 128 0 a1165e 129 0
1ce8a3 176 0e7451 177 0 4e7451 178 0
c39d14 158 e1ce8a 159 1 000000 158 0
f873a2 250 fc39d1 250 0 fa56ba 251 0
7f0e74 116 bf873a 116 1 5fc39d 117 0
6fe1ce 182 b7f0e7 182 1 5bf874 183 0
6dfc39 216 36fe1c 217 0 76fe1c 218 0
cdbf87 150 66dfc3 150 1 b36fe2 151 0
59b7f0 114 acdbf8 115 0 b36fe0 114 0
ab36fe 47 559b7f 48 1 800000 49 0
d566df 71 eab36f 72 1 000001 71 0
faacdb 159 7d566d 159 0 f00690 158 0
5f559b 126 2faacd 127 0 6faacd 128 0
8beab3 192 45f559 193 0 17d565 192 0
917d56 66 c8beab 65 1 b47802 64 0
322faa 74 9917d5 74 0 2d1dfc 72 0
6645f5 236 b322fa 236 1 59917e 237 0
6cc8be 248 b6645f 249 1 000000 249 0
ed9917 145 f6cc8b 144 1 e465a3 144 0
3db322 240 9ed991 240 0 7232cc 238 0
67b664 209 33db32 208 1 37232c 207 0
0cf6cc 194 867b66 194 1 433db3 195 0
619ed9 193 30cf6c 193 0 493722 194 0
4c33db 5 2619ed 6 0 6619ed 7 0
89867b 113 c4c33d 112 0 ebe81a 113 0
3130cf 183 189867 182 1 49c937 182 0
062619 79 83130c 80 0 c4c310 75 0
e0c4c3 85 f06261 86 0 b06261 87 0
bc1898 28 5e0c4c 27 0 d63d7c 27 0
178313 195 0bc189 196 0 4bc189 197 0
82f062 200 c17831 200 0 a2344a 201 0
705e0c 173 b82f06 174 1 000000 174 0
ee0bc1 157 f705e0 157 0 f288d0 158 0
7dc178 214 bee0bc 213 0 74c758 212 0
2fb82f 60 97dc17 61 1 000000 61 0
e5f705 197 f2fb82 198 1 000001 197 0
fcbee0 202 7e5f70 201 0 bbee98 202 0
1f97dc 27 0fcbee 28 1 800000 28 0
83f2fb 12 c1f97d 12 0 a2f63c 13 0
707e5f 203 b83f2f 204 1 000000 204 0
ee0fcb 120 f707e5 121 0 b707e5 122 0
bdc1f9 2 dee0fc 3 0 9ee0fc 4 0
b7b83f 106 dbdc1f 106 1 6f7080 104 0
76f707 69 3b7b83 69 1 edee10 67 0
4edee0 9 276f70 10 0 676f70 11 0
c9dbdc 97 64edee 97 1 b276f7 98 0
593b7b 21 ac9dbd 20 0 5f14b3 20 0
2b276f 236 9593b7 237 1 000000 237 0
e564ed 219 f2b276 220 1 000001 219 0
fcac9d 15 fe564e 16 1 000001 15 0
bf9593 62 5fcac9 61 0 def5ef 61 0
17f2b2 178 8bf959 179 0 bf9590 176 0
a2fe56 170 d17f2b 171 1 000000 170 0
b45fca 71 da2fe5 72 0 9a2fe5 73 0
f68bf9 77 7b45fc 77 0 e3a3ea 76 0
5ed17f 219 af68bf 218 1 071d20 219 0
2bda2f 115 95ed17 114 1 7071d2 116 0
257b45 173 92bda2 174 1 000000 174 0
a4af68 65 5257b4 64 0 9bb684 64 0
1495ed 168 8a4af6 169 1 000000 169 0
a292bd 96 d1495e 97 1 000001 96 0
f45257 48 7a292b 47 1 9b9ee1 49 0
1e8a4a 157 0f4525 157 0 16e7b8 158 0
43d149 9 21e8a4 9 0 32dcf6 10 0
487a29 84 243d14 85 0 643d14 86 0
890f45 188 c487a2 189 1 000001 188 0
b121e8 83 5890f4 84 0 6243d0 83 0
96243d 233 4b121e 233 1 a58910 234 0
52c487 231 a96243 230 1 7f09b3 232 0
2a5890 61 152c48 62 0 552c48 63 0
c54b12 230 e2a589 231 0 a2a589 232 0
f8a962 144 7c54b1 145 0 152c40 140 0
df152c 245 ef8a96 244 1 ce9fc2 244 0
3be2a5 230 1df152 231 1 800000 231 0
c77c54 41 e3be2a 42 1 000000 41 0
f8ef8a 205 7c77c5 206 0 1df140 201 0
9f1df1 47 4f8ef8 46 0 8dcada 46 0
13e3be 89 09f1df 90 1 800000 90 0
827c77 61 413e3b 62 1 800000 63 0
d04f8e 63 6827c7 64 1 800000 65 0
da09f1 11 ed04f8 12 0 ad04f8 13 0
fb413e 61 fda09f 60 1 f8e1dd 60 0
3f6827 216 9fb413 217 1 000000 217 0
e7ed04 19 73f682 18 1 96f8e2 20 0
1cfda0 76 0e7ed0 76 0 15be38 77 0
439fb4 11 21cfda 11 1 873f68 9 0
4873f6 200 a439fb 200 1 521cfe 201 0
690e7e 155 34873f 155 1 d21cfc 153 0
4d21cf 134 2690e7 135 1 800000 135 0
89a439 175 c4d21c 174 0 ec0d47 175 0
313487 90 189a43 90 1 c4d220 87 0
462690 233 a31348 233 0 49cec0 230 0
68c4d2 157 b46269 156 0 0bd81a 155 0
2d189a 104 168c4d 103 0 5c2f60 105 0
05a313 51 02d189 51 0 043a4e 52 0
40b462 88 a05a31 89 0 8168c4 88 0
a8168c 222 540b46 223 1 800000 224 0
9502d1 37 ca8168 38 0 8a8168 39 0
b2a05a 9 d9502d 10 0 99502d 11 0
f6540b 6 7b2a05 5 0 b3e90e 6 0
1eca81 51 8f6540 51 0 5c5f82 50 0
63d950 73 31eca8 73 0 4ae2fc 74 0
4c7b2a 232 a63d95 232 0 2b8bf0 228 0
698f65 208 34c7b2 207 1 3cae30 206 0
0d31ec 221 8698f6 222 1 000000 222 0
e1a63d 101 70d31e 100 1 949e57 102 0
1c34c7 65 8e1a63 65 1 470d32 66 0
638698 222 b1c34c 222 0 aa4f20 219 0
6c70d3 124 363869 124 0 51549e 125 0
4d8e1a 152 26c70d 153 0 66c70d 154 0
c9b1c3 135 64d8e1 136 0 26c70a 134 0
993638 35 cc9b1c 35 0 b2e8aa 36 0
7326c7 69 399363 70 1 800000 70 0
ce64d8 135 e7326c 135 0 dacba2 136 0
79cc9b 208 3ce64d 209 0 7ce64d 210 0
cf3993 162 e79cc9 161 0 a183fc 163 0
39e732 31 1cf399 31 0 2b6d66 32 0
473ce6 152 a39e73 152 1 51cf3a 153 0
68e79c 69 3473ce 70 1 800000 70 0
cd1cf3 208 e68e79 207 0 a03218 209 0
39a39e 109 1cd1cf 110 1 800000 110 0
873473 79 c39a39 79 0 a56756 80 0
70e68e 21 b87347 21 1 5c39a4 22 0
6e1cd1 163 b70e68 164 0 dc39a1 163 0
adc39a 199 d6e1cd 198 0 8c9a40 200 0
35b873 157 1adc39 156 0 619348 158 0
06b70e 228 035b87 229 1 800000 229 0
80d6e1 252 406b70 251 0 843264 250 0
101adc 21 880d6e 21 1 4406b7 22 0
62035b 43 3101ad 44 0 7101ad 45 0
8c406b 17 c62035 18 0 862035 19 0
f1880d 178 f8c406 177 1 ea4c14 177 0
3e3101 130 1f1880 131 0 5f1880 132 0
c7c620 76 63e310 77 0 1f1880 75 0
d8f8c4 137 6c7c62 138 1 800000 139 0
db1f18 152 6d8f8c 151 0 91e6de 152 0
1b63e3 84 0db1f1 85 0 4db1f1 86 0
836c7c 210 c1b63e 210 1 06d8f8 208 0
706d8f 4 b836c7 5 1 000000 5 0
ee0db1 119 7706d8 118 0 a9911d 119 0
1dc1b6 178 0ee0db 179 1 800000 179 0
c3b836 230 61dc1b 229 1 896514 231 0
187706 112 8c3b83 111 1 692ca2 113 0
230ee0 192 118770 192 0 1a4b28 193 0
4461dc 152 a230ee 153 1 000000 153 0
a88c3b 154 54461d 154 0 349600 148 0
551187 126 2a88c3 127 1 800000 127 0
8aa230 174 c55118 175 0 855118 176 0
b15446 181 58aa23 182 1 800000 183 0
962a88 88 cb1544 87 0 fbb52a 88 0
32c551 234 1962a8 235 0 5962a8 236 0
8658aa 159 432c55 159 0 2613fc 157 0
50cb15 57 28658a 56 1 7930a0 56 0
0a1962 44 850cb1 43 0 4c9fba 44 0
21432c 75 10a196 74 1 31e4c2 74 0
042865 114 021432 114 1 850cc0 108 0
40850c 27 a04286 28 1 000000 28 0
a810a1 77 540850 76 0 a42992 76 0
150214 54 8a810a 55 1 000000 55 0
a2a042 205 515021 204 0 9690a5 204 0
145408 174 8a2a04 174 0 3cfc18 173 0
628a81 118 b14540 118 0 9e7e08 115 0
6c5150 184 3628a8 184 0 513cfc 185 0
4d8a2a 151 a6c515 152 0 9b1454 151 0
a9b145 166 d4d8a2 165 1 fd13d0 164 0
353628 184 1a9b14 183 0 6141d9 185 0
06a6c5 88 835362 88 1 41a9b2 89 0
60d4d8 23 306a6c 23 0 489fa2 24 0
4c1a9b 36 a60d4d 36 0 227e80 32 0
698353 46 b4c1a9 47 0 d306a5 46 0
ed306a 79 769835 80 0 698350 77 0
dda60d 31 eed306 31 1 769838 28 0
7bb4c1 72 bdda60 73 0 f76981 72 0
ef7698 37 f7bb4c 37 0 f398f2 38 0
7deed3 6 bef769 6 0 f398f0 4 0
6fbdda 50 37deed 51 0 77deed 52 0
cdf7bb 59 e6fbdd 58 0 a0bad5 60 0
39bef7 184 1cdf7b 185 1 800000 185 0
c737de 110 639bef 111 1 800000 112 0
d8e6fb 175 6c737d 176 0 639bea 174 0
db1cdf 72 6d8e6f 73 1 800000 74 0
9b639b 104 4db1cd 103 0 847903 103 0
136c73 222 89b639 222 0 3a4558 221 0
626d8e 46 b136c7 45 1 09d22a 46 0
2c4db1 198 9626d8 199 0 b136c2 197 0
a589b6 235 52c4db 235 1 a9626e 236 0
54b136 206 aa589b 207 1 000000 207 0
aa9626 140 d54b13 140 1 552c4c 138 0
7552c4 132 baa962 132 1 5d54b1 133 0
6eaa58 153 37552c 154 0 77552c 155 0
8dd54b 52 46eaa5 52 0 52ffc0 50 0
51baa9 143 a8dd54 144 0 a37551 143 0
ea3755 84 f51baa 85 1 000001 84 0
bd46ea 70 dea375 71 0 9ea375 72 0
b7a8dd 141 dbd46e 140 1 937d4c 140 0
36f51b 15 9b7a8d 16 0 dbd46a 14 0
e6dea3 179 736f51 178 0 a0964c 179 0
1cdbd4 41 0e6dea 40 1 2b49be 40 0
039b7a 173 81cdbd 172 0 448258 173 0
20736f 75 1039b7 74 1 30ad27 74 0
040e6d 192 020736 193 1 800000 193 0
c081cd 75 6040e6 76 1 800000 77 0
981039 38 4c081c 39 0 302071 38 0
930207 57 498103 58 1 800000 59 0
d26040 7 693020 8 0 498100 6 0
9a4c08 97 4d2604 96 0 81be14 96 0
134981 172 09a4c0 171 0 4c0df0 173 0
026930 33 813498 33 0 073b90 32 0
604d26 132 b02693 131 1 0839dc 132 0
2c09a4 19 9604d2 18 1 70839e 20 0
258134 234 92c09a 234 1 49604d 235 0
64b026 198 325813 199 1 800000 199 0
cc9604 186 e64b02 187 1 000000 186 0
f992c0 96 7cc960 95 0 b7f770 96 0
1f3258 77 0f992c 78 0 4f992c 79 0
83e64b 169 c1f325 169 0 a2ecb8 170 0
707cc9 102 383e64 101 0 0c9bfb 102 0
0e0f99 143 8707cc 142 0 51937f 143 0
21c1f3 6 90e0f9 6 0 6545d8 5 0
64383e 232 b21c1f 232 1 590e10 233 0
6c8707 221 364383 221 1 d90e10 219 0
4d90e0 210 a6c870 211 0 9b21c0 210 0
e9b21c 122 74d90e 121 1 97a2ca 123 0
1d3643 56 0e9b21 57 0 4e9b21 58 0
c3a6c8 50 61d364 51 0 0e9b20 49 0
d874d9 197 6c3a6c 198 0 61d362 196 0
9b0e9b 4 cd874d 3 0 80e921 5 0
3361d3 232 99b0e9 233 0 cd874a 231 0
a66c3a 229 53361d 230 0 4cd874 229 0
d4cd87 113 6a66c3 112 1 8fcd13 114 0
1a99b0 78 0d4cd8 79 0 4d4cd8 80 0
c35336 74 e1a99b 75 1 000000 74 0
f86a66 11 7c3533 11 1 be1a9a 12 0
5f0d4c 116 af86a6 115 1 0749f9 116 0
2be1a9 88 95f0d4 89 0 af86a2 87 0
a57c35 118 52be1a 117 1 fc1d28 118 0
14af86 51 0a57c3 52 1 800000 52 0
8295f0 184 c14af8 184 0 a1f074 185 0
7052be 56 38295f 57 1 800000 57 0
ce0a57 167 67052b 166 1 8d43e1 168 0
19c14a 77 8ce0a5 77 0 4d43de 76 0
633829 157 b19c14 158 0 c67051 157 0
ec6705 7 763382 6 1 98a6a2 8 0
1d8ce0 61 8ec670 61 0 58a6a0 60 0
63b19c 9 b1d8ce 8 1 0ac535 9 0
2c7633 105 163b19 106 0 563b19 107 0
c58ec6 151 e2c763 152 1 000000 151 0
f8b1d8 242 fc58ec 243 0 bc58ec 244 0
bf163b 63 5f8b1d 64 0 7e2c75 63 0
97e2c7 239 4bf163 239 1 a5f8b2 240 0
52fc58 149 a97e2c 149 0 1ea100 143 0
6a5f8b 20 352fc5 20 0 4fc7a8 21 0
4d4bf1 139 a6a5f8 140 0 9a97e1 139 0
e9a97e 210 74d4bf 211 1 800000 212 0
9d352f 171 4e9a97 172 1 800000 173 0
93a6a5 77 49d352 78 1 800000 79 0
d274d4 211 e93a6a 212 1 000000 211 0
ba4e9a 100 5d274d 99 0 d1c481 99 0
1749d3 66 0ba4e9 67 0 4ba4e9 68 0
c2e93a 50 e1749d 50 0 d22eec 51 0
785d27 91 3c2e93 92 1 800000 92 0
8f0ba4 138 4785d2 139 1 800000 140 0
91e174 122 48f0ba 121 1 ed6917 122 0
123c2e 216 091e17 217 1 800000 217 0
824785 62 4123c2 63 1 800000 64 0
d048f0 233 e82478 232 0 a22d96 234 0
3a091e 94 1d048f 94 1 e82478 91 0
474123 109 23a091 110 0 63a091 111 0
c8e824 56 e47412 56 1 23a090 53 0
791d04 48 3c8e82 48 1 f23a08 46 0
4f23a0 80 2791d0 80 0 3b5ab8 81 0
49e474 138 a4f23a 138 1 52791d 139 0
693c8e 26 b49e47 27 1 000000 27 0
ed2791 196 7693c8 197 0 693c84 194 0
9da4f2 211 4ed279 210 0 8a1c5d 210 0
13b49e 127 09da4f 128 1 800000 128 0
c27693 192 e13b49 193 0 a13b49 194 0
b84ed2 193 dc2769 194 0 9c2769 195 0
f709da 140 fb84ed 140 0 f94764 141 0
7ee13b 150 3f709d 151 0 7f709d 152 0
cfdc27 5 67ee13 4 1 8df28f 6 0
19fb84 120 8cfdc2 119 1 69be52 121 0
233f70 215 119fb8 216 0 519fb8 217 0
8467ee 123 c233f7 124 1 000000 123 0
b08cfd 49 d8467e 50 1 000001 49 0
f6119f 97 fb08cf 96 1 f11a6f 96 0
3ec233 163 1f6119 164 0 5f6119 165 0
87d846 63 43ec23 64 1 800000 65 0
90fb08 10 487d84 11 0 21f610 10 0
d21f61 192 690fb0 192 0 ecbc44 190 0
5a43ec 154 2d21f6 153 1 0ecbc4 152 0
0b487d 60 85a43e 60 1 42d220 61 0
61690f 115 30b487 116 1 800000 116 0
8c2d21 70 461690 71 0 185a41 70 0
9185a4 203 48c2d2 204 1 800000 205 0
9230b4 34 c9185a 34 1 246168 32 0
724616 173 39230b 174 1 800000 174 0
8e48c2 25 472461 26 0 1c9184 25 0
d1c918 103 68e48c 104 0 472460 102 0
9a3923 109 4d1c91 110 0 347245 109 0
d34724 189 e9a392 189 1 4d1c90 186 0
7a68e4 33 3d3472 33 1 f4d1c8 31 0
4f4d1c 173 a7a68e 174 1 000000 174 0
e9e9a3 95 74f4d1 95 0 bdbce8 94 0
5d3d34 158 2e9e9a 159 1 800000 159 0
cba7a6 92 65d3d3 92 1 b2e9ea 93 0
5974f4 110 2cba7a 111 1 800000 111 0
cb2e9e 55 e5974f 54 1 b0c5ed 54 0
3965d3 232 1cb2e9 233 0 5cb2e9 234 0
c72cba 174 63965d 175 0 1cb2e8 173 0
98e597 138 cc72cb 139 1 000001 138 0
f31cb2 17 f98e59 18 0 b98e59 19 0
be6396 86 df31cb 85 1 9d9561 85 0
37cc72 61 9be639 60 0 0b7f1d 60 0
26f98e 203 137cc7 202 1 3a7655 202 0
04df31 139 826f98 138 0 4616fd 139 0
209be6 70 104df3 69 1 30e9d9 69 0
04137c 154 8209be 155 1 000000 155 0
e0826f 92 704137 93 1 800000 94 0
dc104d 43 6e0826 44 1 800000 45 0
db8209 17 edc104 18 0 adc104 19 0
fb7041 54 7db820 54 0 f250c2 53 0
5f6e08 129 afb704 130 0 bedc10 129 0
ebedc1 17 75f6e0 18 0 5f6e04 15 0
dd7db8 171 eebedc 172 0 aebedc 173 0
bbafb7 149 ddd7db 150 1 000001 149 0
b775f6 240 dbbafb 241 1 000000 240 0
b6eebe 223 5b775f 222 1 849987 224 0
16ddd7 206 0b6eeb 205 1 224cc3 205 0
02dbba 58 816ddd 59 0 b6ee80 53 0
e05b77 249 f02dbb 250 1 000001 249 0
bc0b6e 55 5e05b7 56 1 800000 57 0
d7816d 10 6bc0b6 11 1 800000 12 0
9af02d 37 cd7816 36 1 d0d088 35 0
335e05 2 99af02 2 1 4cd782 3 0
666bc0 29 b335e0 29 0 cd0d00 26 0
6ccd78 5 b666bc 5 0 8cd0d0 3 0
6d99af 2 b6ccd7 1 1 123344 2 0
2db335 64 16d99a 64 1 b6ccd8 61 0
45b666 186 22db33 185 1 689199 185 0
08b6cc 233 845b66 233 1 422db3 234 0
6116d9 134 b08b6c 135 0 c22db1 134 0
ec22db 250 76116d 251 0 6116d4 248 0
dd845b 175 6ec22d 175 0 988d10 174 0
5bb08b 159 add845 160 0 b76115 159 0
ab7611 125 55bb08 124 0 aca72a 124 0
156ec2 51 0ab761 50 0 4d6539 52 0
02add8 107 8156ec 108 0 ab7600 102 0
e055bb 204 f02add 203 0 ac3595 205 0
3c0ab7 75 9e055b 74 1 768405 76 0
278156 97 93c0ab 98 1 000000 98 0
e4f02a 110 f27815 111 0 b27815 112 0
bc9e05 177 5e4f02 178 1 800000 179 0
d793c0 177 ebc9e0 178 0 abc9e0 179 0
faf278 23 fd793c 24 0 bd793c 25 0
ff5e4f 67 7faf27 66 1 9fc35e 68 0
1febc9 9 0ff5e4 8 0 53f35e 10 0
03fd79 172 01febc 173 0 41febc 174 0
c07faf 80 e03fd7 81 1 000001 80 0
b80ff5 192 5c07fa 193 1 800000 194 0
d701fe 75 eb80ff 76 1 000000 75 0
bae03f 92 5d701f 93 1 800000 94 0
975c07 233 4bae03 233 1 a5d702 234 0
52eb80 85 2975c0 86 0 6975c0 87 0
8a5d70 170 452eb8 169 0 b3d330 168 0
114bae 23 08a5d7 24 1 800000 24 0
c22975 68 e114ba 67 1 a33e30 67 0
38452e 195 9c2297 194 1 7519f1 196 0
2708a5 234 938452 234 1 49c22a 235 0
64e114 160 b2708a 159 1 0ba8cf 160 0
2c9c22 189 164e11 189 0 21751a 190 0
459384 235 a2c9c2 236 1 000000 236 0
e8b270 228 f45938 229 0 b45938 230 0
bd164e 251 de8b27 251 1 7a2c9c 249 0
77a2c9 2 3bd164 1 0 158b7b 2 0
0ef459 53 877a2c 52 0 52b16f 53 0
21de8b 129 90ef45 128 0 6a562e 129 0
243bd1 216 121de8 216 0 1b2cdc 217 0
44877a 157 2243bd 158 0 6243bd 159 0
8890ef 183 c44877 184 1 000001 183 0
b1121d 181 d8890e 182 1 000001 181 0
b62243 137 db1121 137 0 c899b2 138 0
76c448 187 3b6224 187 0 591336 188 0
4ed889 183 a76c44 183 0 644cd0 179 0
69db11 34 b4ed88 35 0 d3b621 34 0
ad3b62 150 d69db1 150 0 c1ec8a 151 0
75a76c 119 3ad3b6 118 1 60f644 117 0
0eb4ed 246 875a76 245 1 6583d9 247 0
21d69d 12 10eb4e 13 1 800000 13 0
c43ad3 188 621d69 189 0 10eb4a 187 0
d8875a 193 ec43ad 194 0 ac43ad 195 0
bb10eb 77 dd8875 78 0 9d8875 79 0
f7621d 59 fbb10e 60 1 000001 59 0
feec43 146 7f7621 146 0 fcc4c8 145 0
5fdd88 196 2feec4 197 0 6feec4 198 0
8bfbb1 89 c5fdd8 89 0 a8fcc4 90 0
717f76 212 38bfbb 211 1 547e62 210 0
0e2fee 235 8717f7 236 1 000000 236 0
a1c5fd 112 50e2fe 112 1 a87180 113 0
5438bf 50 2a1c5f 50 1 a87180 48 0
4a8717 157 25438b 156 1 6fcaa3 156 0
0950e2 139 04a871 139 0 06fcaa 140 0
412a1c 70 20950e 70 1 825438 68 0
482543 208 a412a1 208 0 61bf20 205 0
6904a8 101 348254 101 0 4ec37e 102 0
4d2095 109 a6904a 109 1 534826 110 0
69a412 65 34d209 66 0 74d209 67 0
8d3482 14 c69a41 14 0 a9e762 15 0
71a690 71 b8d348 70 0 3840d0 69 0
2e34d2 137 971a69 136 0 79c206 137 0
25c69a 228 92e34d 229 0 971a68 227 0
a4b8d3 224 525c69 225 0 4971a5 224 0
d4971a 204 6a4b8d 203 0 89bce0 204 0
1a92e3 79 8d4971 80 0 d49714 77 0
e3525c 249 f1a92e 249 1 1a92e0 245 0
7c6a4b 167 3e3525 166 0 1b84de 167 0
0f8d49 33 07c6a4 34 0 47c6a4 35 0
81f1a9 110 c0f8d4 111 0 80f8d4 112 0
f03e35 96 781f1a 95 1 9a1754 97 0
1e07c6 167 8f03e3 166 1 6b42ea 168 0
23c0f8 104 11e07c 105 0 51e07c 106 0
c4781f 14 623c0f 15 1 800000 16 0
d88f03 152 6c4781 151 0 8eb2c4 152 0
1b11e0 228 8d88f0 228 0 5135a0 227 0
63623c 188 b1b11e 188 1 58d88f 189 0
6c6c47 222 b63623 222 1 5b1b12 223 0
6d8d88 210 b6c6c4 209 0 23c3a8 208 0
2db1b1 186 16d8d8 185 0 5c8f0e 187 0
05b636 27 82db1b 28 1 000000 28 0
e0b6c6 211 705b63 210 1 94448a 212 0
1c16d8 78 0e0b6c 79 0 4e0b6c 80 0
8382db 11 41c16d 12 0 0705b5 11 0
90705b 106 48382d 106 0 62a220 104 0
520e0b 182 290705 181 0 7348c7 183 0
0a41c1 2 8520e0 3 0 200000 0 2
a14838 35 50a41c 36 0 429070 35 0
942907 227 4a1483 228 1 800000 229 0
928520 155 494290 156 0 250a40 155 0
9250a4 242 c92852 241 1 b6f1ec 240 0
324a14 229 19250a 229 1 c92850 226 0
464942 71 a324a1 70 0 2fb725 70 0
28c928 252 946494 251 0 72fb72 252 0
251925 128 128c92 128 1 946498 125 0
44a324 194 225192 195 1 800000 195 0
889464 98 444a32 97 1 e66f4b 98 0
11128c 213 088946 212 1 199bd2 212 0
022251 6 011128 7 0 411128 8 0
c0444a 76 e02225 76 0 d03338 77 0
780889 173 bc0444 172 0 582aac 171 0
2f0111 144 178088 143 0 5d60aa 145 0
05e022 196 82f011 197 0 bc0440 192 0
a0bc04 251 d05e02 250 1 e2340c 249 0
341780 41 1a0bc0 41 0 2711a0 42 0
4682f0 228 a34178 229 0 8d05e0 228 0
e8d05e 61 f4682f 62 1 000000 61 0
fd1a0b 41 7e8d05 41 0 f74e20 40 0
5fa341 48 2fd1a0 47 0 7bc608 49 0
0bf468 144 05fa34 143 0 4778c1 145 0
017e8d 83 80bf46 84 1 000000 84 0
e02fd1 251 7017e8 252 0 017e84 249 0
9c05fa 123 ce02fd 124 0 8e02fd 125 0
b380bf 147 59c05f 146 1 835048 148 0
167017 19 8b380b 20 1 000000 20 0
a2ce02 34 516701 34 0 435030 30 0
5459c0 215 aa2ce0 216 0 a8b380 215 0
aa8b38 28 d5459c 27 0 8a9703 29 0
355167 100 1aa8b3 100 1 d545a0 97 0
46aa2c 171 235516 172 1 800000 172 0
c8d545 31 e46aa2 32 1 000001 31 0
f91aa8 87 fc8d54 87 0 fad3fe 88 0
7f2355 202 bf91aa 203 1 000000 203 0
efe46a 100 f7f235 101 0 b7f235 102 0
bdfc8d 208 5efe46 209 1 800000 210 0
97bf91 23 cbdfc8 24 0 8bdfc8 25 0
f2f7f2 189 f97bf9 188 0 b7daf7 190 0
3e5efe 219 9f2f7f 220 1 000000 220 0
e7cbdf 235 f3e5ef 236 1 000001 235 0
fcf97b 53 7e7cbd 52 0 bc37da 53 0
1f9f2f 113 8fcf97 112 1 6bdbb2 114 0
23f3e5 236 11f9f2 237 1 800000 237 0
847e7c 144 c23f3e 144 1 08fcf8 142 0
708fcf 250 b847e7 251 1 000000 251 0
ee11f9 31 7708fc 32 0 708fc4 29 0
ddc23f 103 6ee11f 102 1 9328d8 104 0
1bb847 140 0ddc23 139 1 29946b 139 0
037708 113 81bb84 114 0 ddc200 108 0
a06ee1 205 503770 206 0 40ddc1 205 0
940ddc 187 4a06ee 188 1 800000 189 0
9281bb 32 4940dd 32 0 6f0a60 30 0
525037 174 29281b 175 1 800000 175 0
8a4a06 180 c52503 181 1 000000 180 0
b14940 89 d8a4a0 90 0 98a4a0 91 0
f62928 12 fb1494 12 0 f89ede 13 0
7ec525 161 bf6292 162 1 000000 162 0
afd8a4 8 57ec52 8 1 abf629 9 0
55fb14 75 aafd8a 75 1 557ec5 76 0
6abf62 20 b55fb1 19 0 15bcea 18 0
2d57ec 214 96abf6 213 1 7100f8 215 0
25aafd 68 12d57e 68 1 96abf8 65 0
44b55f 211 a25aaf 212 1 000000 212 0
e896ab 50 744b55 49 0 a2bc56 50 0
1d12d5 81 8e896a 82 1 000000 82 0
a3a25a 220 51d12d 220 0 573870 216 0
54744b 2 2a3a25 2 0 3f5738 3 0
4a8e89 169 a54744 168 0 3a6456 168 0
2951d1 88 94a8e8 89 0 a54742 87 0
e52a3a 30 72951d 30 0 af7eae 29 0
5ca547 199 2e52a3 198 1 15efd6 197 0
0b94a8 152 05ca54 152 0 08af7e 153 0
417295 147 a0b94a 147 1 505ca6 148 0
682e52 62 341729 62 0 4e22be 63 0
4d05ca 172 2682e5 173 0 6682e5 174 0
c9a0b9 122 64d05c 123 0 2682e2 121 0
993417 74 cc9a0b 74 1 326830 72 0
732682 65 399341 64 0 0ff022 65 0
0e64d0 61 073268 61 0 0acb9c 62 0
41cc9a 104 20e64d 105 0 60e64d 106 0
c83993 160 641cc9 159 0 f48fef 159 0
190732 7 8c8399 8 0 c83990 5 0
a320e6 117 d19073 118 1 000000 117 0
f4641c 159 7a320e 158 1 9ba58a 160 0
1e8c83 220 0f4641 221 0 4f4641 222 0
c3d190 15 61e8c8 14 0 e98be8 14 0
187a32 225 8c3d19 224 0 5e98be 225 0
230f46 239 9187a3 240 1 000000 240 0
a461e8 48 5230f4 48 0 692dc0 44 0
548c3d 134 2a461e 135 1 800000 135 0
ca9187 60 e548c3 61 1 000001 60 0
f95230 197 7ca918 198 0 2a4600 193 0
df2a46 247 ef9523 247 1 7ca918 244 0
7be548 128 bdf2a4 128 0 e75fb0 126 0
6f7ca9 49 37be54 50 0 77be54 51 0
8def95 41 c6f7ca 42 1 000001 41 0
f1bdf2 96 f8def9 95 0 b716b7 97 0
3e37be 208 1f1bdf 209 1 800000 209 0
87c6f7 234 43e37b 235 1 800000 236 0
d0f8de 53 687c6f 54 1 800000 55 0
9a1f1b 10 cd0f8d 10 0 b39754 11 0
7343e3 115 39a1f1 116 0 79a1f1 117 0
ce687c 222 e7343e 223 1 000000 222 0
f9cd0f 5 fce687 4 1 f6b397 4 0
3f39a1 25 9f9cd0 25 0 7b59c4 23 0
67e734 71 b3f39a 71 1 59f9cd 72 0
6cfce6 239 367e73 239 1 d9f9cc 237 0
4d9f9c 160 26cfce 161 1 800000 161 0
89b3f3 188 44d9f9 187 0 b083be 186 0
11367e 75 889b3f 76 1 000000 76 0
a226cf 43 511367 43 1 a889b4 44 0
5444d9 251 aa226c 251 0 33a280 244 0
6a889b 36 b5444d 37 0 d51135 36 0
ed5113 243 f6a889 242 0 b452ac 244 0
3daa22 136 9ed511 135 0 1a2955 135 0
27b544 102 13daa2 103 1 800000 103 0
84f6a8 22 427b54 22 0 1dc7f0 20 0
509ed5 194 284f6a 195 1 800000 195 0
ca13da 194 e509ed 195 0 a509ed 196 0
f9427b 93 7ca13d 94 0 284f50 89 0
df284f 85 ef9427 84 1 cebc77 84 0
3be509 35 1df284 36 0 5df284 37 0
c77ca1 48 63be50 48 0 acebc4 46 0
58ef94 65 2c77ca 65 1 b1df28 63 0
4b1df2 17 a58ef9 18 0 963be4 17 0
e963be 118 74b1df 117 1 978567 119 0
1d2c77 160 8e963b 160 1 474b1e 161 0
63a58e 139 31d2c7 139 1 c74b1c 137 0
4c74b1 21 a63a58 22 0 98e961 21 0
a98e96 189 54c74b 190 1 800000 191 0
d531d2 10 6a98e9 9 0 8a7e46 10 0
1aa63a 7 0d531d 7 0 13fcac 8 0
4354c7 7 21aa63 8 1 800000 8 0
886a98 254 c4354c 254 0 a64ff2 255 0
710d53 128 b886a9 127 0 35429e 126 0
2e21aa 121 9710d5 122 0 b886a8 120 0
e5c435 131 f2e21a 131 1 2e21b0 127 0
7cb886 211 be5c43 212 1 000000 212 0
af9710 109 57cb88 109 0 ec5300 104 0
55f2e2 110 aaf971 110 0 ec5300 102 0
6abe5c 3 b55f2e 2 1 100ec5 3 0
2d57cb 10 16abe5 9 0 5c56df 11 0
05aaf9 45 82d57c 46 0 b55f10 41 0
a0b55f 143 d05aaf 142 1 e2201e 141 0
3416ab 232 9a0b55 233 0 d05aaa 231 0
e682d5 79 73416a 78 1 967110 80 0
1cd05a 252 0e682d 253 0 4e682d 254 0
839a0b 69 c1cd05 69 0 a2b388 70 0
707341 114 b839a0 113 0 324044 112 0
2e0e68 176 170734 177 0 570734 178 0
85c1cd 213 42e0e6 213 1 a17074 214 0
50b839 173 a85c1c 174 0 a17071 173 0
ea1707 18 750b83 18 1 ba85c2 19 0
5d42e0 224 2ea170 223 0 7a49cc 225 0
0ba85c 93 85d42e 94 1 000000 94 0
e1750b 178 70ba85 178 0 a45f20 177 0
5c2ea1 129 ae1750 130 0 b85d41 129 0
ab85d4 27 d5c2ea 27 1 570ba8 25 0
7570ba 107 3ab85d 106 0 12cce8 107 0
0eae17 225 07570b 225 1 eae180 220 0
41d5c2 84 20eae1 85 0 60eae1 86 0
c83ab8 31 e41d5c 31 0 d62c0a 32 0
790757 195 bc83ab 196 1 000000 196 0
ef20ea 119 f79075 120 0 b79075 121 0
bde41d 162 def20e 162 1 7bc83c 160 0
77bc83 49 3bde41 48 0 15aba4 49 0
0ef790 26 877bc8 27 0 ef7900 23 0
a1def2 36 50ef79 35 0 94ad5d 35 0
143bde 89 8a1def 90 1 000000 90 0
e2877b 29 f143bd 30 0 b143bd 31 0
fc50ef 204 fe2877 204 1 143c00 197 0
7f8a1d 89 3fc50e 90 1 800000 90 0
cff143 157 67f8a1 158 0 3fc50a 156 0
d9fe28 31 ecff14 32 0 acff14 33 0
fb3fc5 68 fd9fe2 67 1 f8dfa8 67 0
3f67f8 155 1fb3fc 156 0 5fb3fc 157 0
c7ecff 52 63f67f 51 1 8af8e0 53 0
18fd9f 31 8c7ecf 31 1 463f68 32 0
631fb3 99 318fd9 100 0 718fd9 101 0
8c63f6 55 4631fb 56 1 800000 57 0
d18c7e 72 68c63f 73 1 800000 74 0
9a318f 155 4d18c7 156 1 800000 157 0
d34631 209 e9a318 210 0 a9a318 211 0
ba68c6 157 dd3463 158 1 000000 157 0
f74d18 164 7ba68c 164 0 e5e748 163 0
5ee9a3 22 2f74d1 23 0 6f74d1 24 0
8bdd34 139 c5ee9a 140 1 000000 139 0
f17ba6 216 78bdd3 217 1 800000 218 0
de2f74 125 6f17ba 124 1 9351cc 126 0
1bc5ee 26 8de2f7 25 1 6a6a39 27 0
2378bd 7 11bc5e 8 1 800000 8 0
846f17 5 42378b 6 1 800000 7 0
d08de2 56 e846f1 55 0 a258ad 57 0
3a11bc 123 9d08de 123 1 4e846f 124 0
674237 88 33a11b 88 1 ce8470 86 0
4ce846 225 267423 224 1 735c69 224 0
099d08 32 84ce84 32 0 1cd718 31 0
6133a1 37 3099d0 38 0 7099d0 39 0
8c2674 166 c6133a 165 1 a4735c 164 0
3184ce 93 98c267 94 1 000000 94 0
e63099 236 73184c 237 0 3184c4 234 0
dcc613 26 6e6309 27 0 73184a 25 0
db98c2 147 edcc61 148 0 adcc61 149 0
bb7318 8 5db98c 9 0 76e630 8 0
d76e63 2 ebb731 3 0 abb731 4 0
faedcc 49 fd76e6 49 1 5db980 43 0
7f5db9 142 3faedc 143 0 7faedc 144 0
8febb7 212 c7f5db 212 1 1fd770 210 0
71fd76 90 38febb 90 1 e3faec 88 0
4e3fae 173 271fd7 173 1 9c7f5c 171 0
49c7f5 73 a4e3fa 74 1 000000 74 0
e938fe 171 f49c7f 172 1 000000 171 0
fd271f 167 fe938f 166 1 fbbaaf 166 0
3fa4e3 53 9fd271 54 0 fe938a 52 0
e7f49c 207 f3fa4e 207 1 3fa4e0 203 0
7cfe93 225 3e7f49 226 0 7e7f49 227 0
cf9fd2 166 e7cfe9 167 0 a7cfe9 168 0
b9f3fa 42 dcf9fd 41 0 94387c 43 0
373e7f 138 1b9f3f 139 1 800000 139 0
c6e7cf 112 e373e7 112 1 1b9f40 109 0
78dcf9 204 3c6e7c 204 0 5aa5ba 205 0
4f1b9f 220 278dcf 219 1 76a96f 219 0
09e373 123 84f1b9 124 0 9e3728 120 0
a13c6e 34 d09e37 35 1 000000 34 0
b4278d 196 da13c6 196 1 684f1c 194 0
7684f1 21 3b4278 22 0 7b4278 23 0
8ed09e 213 47684f 212 1 eb1c76 213 0
11da13 77 08ed09 76 0 4b284c 78 0
023b42 116 011da1 116 0 01ac72 117 0
404768 131 2023b4 130 0 682ca1 132 0
0808ed 113 840476 114 1 000000 114 0
e1011d 65 f0808e 64 1 d181ac 64 0
3c2023 203 1e1011 203 0 2d181a 204 0
478404 227 a3c202 227 1 51e101 228 0
68f080 101 b47840 102 0 d1e100 101 0
ad1e10 77 568f08 78 0 5a3c20 77 0
d5a3c2 232 6ad1e1 233 0 568f08 231 0
9ab478 113 4d5a3c 114 0 3568f0 113 0
93568f 47 49ab47 46 1 ee80ec 47 0
126ad1 133 093568 134 0 493568 135 0
c24d5a 250 6126ad 250 0 8dd01c 248 0
5849ab 100 2c24d5 101 0 6c24d5 102 0
cb0935 62 e5849a 63 1 000001 62 0
f96126 178 fcb093 177 1 f611b9 177 0
3f2c24 137 1f9612 137 1 fcb090 134 0
47e584 217 23f2c2 216 1 6bd846 216 0
08fcb0 133 847e58 134 0 8fcb00 130 0
a11f96 81 d08fcb 80 1 e35ec2 79 0
3423f2 234 1a11f9 235 0 5a11f9 236 0
c6847e 224 63423f 225 1 800000 226 0
d8d08f 46 ec6847 45 1 c538d7 45 0
3b1a11 125 9d8d08 125 0 629c64 123 0
676342 210 33b1a1 211 0 73b1a1 212 0
8cec68 158 c67634 158 0 a9b14e 159 0
719d8d 116 38cec6 116 1 e33b1c 114 0
4e33b1 66 2719d8 67 0 6719d8 68 0
89c676 5 44e33b 6 1 800000 7 0
d138ce 240 689c67 239 1 8e754d 241 0
1a2719 50 0d138c 51 0 4d138c 52 0
8344e3 3 c1a271 3 0 a273aa 4 0
70689c 18 b8344e 19 1 000000 19 0
ae0d13 43 d70689 44 0 970689 45 0
b5c1a2 175 5ae0d1 175 0 851398 172 0
56b834 170 2b5c1a 170 1 ad7068 168 0
4ad706 94 256b83 95 1 800000 95 0
895ae0 110 44ad70 111 0 12b5c0 110 0
d12b5c 78 e895ae 79 1 000000 78 0
fa256b 18 fd12b5 19 0 bd12b5 20 0
bf44ad 77 5fa256 76 1 87b9c1 78 0
17e895 62 8bf44a 61 1 68f738 63 0
22fd12 171 917e89 170 0 6bbc56 171 0
245fa2 249 922fd1 250 0 917e88 248 0
e48bf4 5 f245fa 4 1 d6d1ee 4 0
3c917e 200 1e48bf 199 1 5ada3d 199 0
07922f 187 03c917 187 1 f24600 181 0
40f245 87 207922 87 1 81e48c 85 0
481e48 23 a40f24 24 0 903c90 23 0
e903c9 67 7481e4 67 0 bb0b5a 66 0
5d2079 170 ae903c 171 0 ba40f1 170 0
aba40f 167 55d207 166 1 805d86 168 0
157481 77 8aba40 77 0 405d82 76 0
62ae90 22 b15748 21 0 76b468 21 0
2c55d2 36 962ae9 35 0 776b46 36 0
258aba 247 92c55d 246 0 6eed68 247 0
24b157 132 1258ab 132 1 92c560 129 0
44962a 175 a24b15 176 0 892c54 175 0
e892c5 232 f44962 232 1 449630 228 0
7d1258 121 3e892c 122 0 7e892c 123 0
cfa24b 111 e7d125 112 0 a7d125 113 0
f9f449 213 7cfa24 213 0 eddcda 212 0
5f3e89 125 2f9f44 124 0 7b8716 126 0
0be7d1 162 05f3e8 162 0 08eddc 163 0
417cfa 198 a0be7d 198 0 11dbb8 195 0
682f9f 125 3417cf 125 1 d05f40 123 0
4d05f3 16 2682f9 17 0 6682f9 18 0
c9a0be 147 64d05f 146 1 8b9c47 148 0
193417 21 8c9a0b 22 1 000000 22 0
e32682 216 719341 217 0 193410 214 0
dc64d0 174 6e3268 173 0 937e04 174 0
1b8c9a 150 0dc64d 151 0 4dc64d 152 0
c37193 229 61b8c9 230 0 0dc64a 228 0
986e32 110 4c3719 111 0 30dc64 110 0
d30dc6 193 6986e3 192 1 8f252a 194 0
1a61b8 201 0d30dc 200 0 507d13 202 0
034c37 185 81a61b 186 1 000000 186 0
a06986 47 d034c3 48 1 000000 47 0
f40d30 167 fa0698 168 0 ba0698 169 0
be81a6 22 5f40d3 23 1 800000 24 0
d7d034 226 6be81a 226 1 b5f40d 227 0
5afa06 70 ad7d03 71 1 000000 71 0
eb5f40 75 f5afa0 76 0 b5afa0 77 0
fd6be8 200 7eb5f4 201 0 5afa00 195 0
dfad7d 26 efd6be 26 1 7eb5f8 23 0
7bf5af 23 bdfad7 23 1 5efd6c 24 0
6f7eb5 98 37bf5a 99 1 800000 99 0
8defd6 119 c6f7eb 119 1 1bdfac 117 0
71bdfa 161 38defd 160 0 0e2d78 161 0
0e37bf 184 071bdf 184 1 e37c00 179 0
41c6f7 237 20e37b 237 1 838df0 235 0
4838de 30 a41c6f 30 1 520e38 31 0
69071b 197 b4838d 198 0 d20e35 197 0
ed20e3 43 769071 44 0 690714 41 0
dda41c 213 6ed20e 213 1 b76907 214 0
5bb483 131 adda41 130 0 654347 130 0
2b7690 60 95bb48 61 0 adda40 59 0
e56ed2 40 f2b769 41 0 b2b769 42 0
fcadda 57 7e56ed 58 0 2b7680 52 0
df95bb 76 efcadd 77 0 afcadd 78 0
bbf2b7 154 5df95b 155 1 800000 156 0
977e56 233 4bbf2b 234 1 800000 235 0
d2efca 222 e977e5 221 0 a3d5de 223 0
3a5df9 65 9d2efc 65 0 5e33d4 63 0
674bbf 249 b3a5df 250 1 000000 250 0
ece977 118 f674bb 117 1 e35e33 117 0
3d9d2e 205 9ece97 204 1 771af1 206 0
27b3a5 61 13d9d2 60 1 3b8d78 60 0
04f674 202 027b3a 203 1 800000 203 0
809ece 99 404f67 100 1 800000 101 0
d013d9 142 6809ec 141 0 8418cf 142 0
1a027b 15 8d013d 15 0 4e0770 14 0
63404f 146 31a027 147 1 800000 147 0
8c6809 232 463404 232 0 4a7034 230 0
518d01 168 28c680 169 0 68c680 170 0
8a31a0 143 4518d0 144 0 146340 143 0
914634 114 48a31a 114 1 a4518d 115 0
5228c6 118 a91463 117 1 7ecf4a 119 0
2a4518 145 95228c 145 0 7ecf48 144 0
6548a3 146 b2a451 147 0 ca9145 146 0
aca914 186 d6548a 186 1 595228 184 0
759522 254 3aca91 255 0 800000 0 5
ceb2a4 211 e75952 210 1 b60bf6 210 0
39d654 36 9ceb2a 37 1 000000 37 0
e73aca 236 739d65 237 0 39d650 234 0
9ce759 209 ce73ac 209 0 b5ad82 210 0
739ceb 14 b9ce75 13 0 421096 12 0
2e739d 170 9739ce 170 1 4b9ce8 171 0
65ce73 192 32e739 193 0 72e739 194 0
8cb9ce 75 c65ce7 76 1 000000 75 0
f19739 106 78cb9c 106 0 d4c5aa 105 0
5e32e7 129 2f1973 130 1 800000 130 0
8bc65c 206 c5e32e 205 1 a35314 204 0
3178cb 36 98bc65 36 0 28d4c0 34 0
662f19 24 b3178c 24 0 ca3528 21 0
6cc5e3 109 b662f1 108 0 1fdd6e 107 0
2d98bc 87 16cc5e 87 1 b662f0 84 0
45b317 52 22d98b 53 1 800000 53 0
88b662 157 445b31 158 0 116cc4 157 0
d116cc 135 688b66 135 1 b445b3 136 0
5a22d9 58 ad116c 58 0 e688a0 53 0
6b445b 170 35a22d 171 0 75a22d 172 0
cd688b 165 66b445 164 0 80c2ae 165 0
19ad11 158 8cd688 158 0 4d0732 157 0
6335a2 118 319ad1 119 0 719ad1 120 0
8c66b4 20 c6335a 19 1 a5341c 18 0
318cd6 107 98c66b 108 1 000000 108 0
e6319a 48 7318cd 49 0 318cd0 46 0
dcc633 11 ee6319 10 0 a9fbe0 12 0
3b98c6 107 1dcc63 108 1 800000 108 0
877318 142 c3b98c 143 0 83b98c 144 0
f0ee63 240 f87731 240 0 f4b2ca 241 0
7e1dcc 198 3f0ee6 199 1 800000 199 0
cfc3b9 97 e7e1dc 98 0 a7e1dc 99 0
f9f877 206 7cfc3b 205 1 9dbd2d 207 0
1f3f0e 58 0f9f87 59 1 800000 59 0
c3e7e1 42 e1f3f0 43 0 a1f3f0 44 0
b87cfc 160 5c3e7e 160 1 ae1f3f 161 0
570f9f 187 ab87cf 188 1 000000 188 0
eae1f3 47 7570f9 48 0 570f94 45 0
9d5c3e 175 4eae1f 175 1 a75710 176 0
53ab87 214 a9d5c3 215 1 000000 215 0
ea7570 82 f53ab8 82 0 efd814 83 0
7d4eae 233 3ea757 234 1 800000 234 0
8fa9d5 221 c7d4ea 220 1 aefd80 219 0
31f53a 56 18fa9d 57 0 58fa9d 58 0
c63ea7 234 e31f53 234 1 18faa0 231 0
78c7d4 85 3c63ea 85 1 f18fa8 83 0
4f18fa 84 a78c7d 83 0 45be71 83 0
29e31f 222 14f18f 223 1 800000 223 0
c53c63 178 629e31 179 0 14f18a 177 0
98a78c 41 4c53c6 42 1 800000 43 0
9314f1 46 498a78 47 0 2629e1 46 0
d2629e 10 69314f 10 1 b498a8 11 0
5a4c53 83 ad2629 82 0 61becf 82 0
2b498a 85 95a4c5 85 0 03b93c 83 0
656931 127 32b498 128 0 72b498 129 0
8cad26 43 c65693 42 1 a60772 41 0
3195a4 24 18cad2 25 1 800000 25 0
c632b4 234 63195a 235 1 800000 236 0
98c656 103 4c632b 103 1 a63196 104 0
5318ca 143 298c65 144 0 698c65 145 0
ca6319 181 e5318c 182 0 a5318c 183 0
b94c63 200 5ca631 199 0 cf3ef7 199 0
17298c 225 0b94c6 226 1 800000 226 0
c2e531 132 617298 131 0 e73cfa 131 0
185ca6 148 0c2e53 149 1 800000 149 0
c30b94 163 6185ca 163 1 b0c2e5 164 0
586172 157 ac30b9 158 0 b0c2e4 157 0
ab0c2e 199 d58617 198 1 809245 198 0
356185 170 9ab0c2 171 1 000000 171 0
e6ac30 207 735618 206 0 a0573c 207 0
1cd586 249 0e6ac3 250 1 800000 250 0
c39ab0 33 61cd58 34 0 0e6ac0 32 0
987356 37 4c39ab 38 1 800000 39 0
930e6a 70 498735 71 0 261cd4 70 0
d261cd 77 e930e6 76 1 bb92b4 76 0
3a4c39 7 1d261c 8 0 5d261c 9 0
c74987 29 63a4c3 28 1 8abb93 30 0
18e930 194 8c7498 195 0 c74980 192 0
e31d26 120 718e93 120 1 b8c74a 121 0
5c63a4 49 ae31d2 50 1 000000 50 0
ab8c74 174 55c63a 175 1 800000 176 0
95718e 222 cab8c7 223 1 000000 222 0
f2ae31 94 f95718 94 0 f602a4 95 0
7e55c6 230 bf2ae3 230 1 5f9572 231 0
6fcab8 142 b7e55c 142 0 9ec050 140 0
6df957 114 b6fcab 115 1 000000 115 0
adbf2a 133 56df95 132 0 b25de9 132 0
15b7e5 196 8adbf2 197 1 000000 197 0
a2b6fc 53 d15b7e 53 1 456df8 51 0
7456df 207 3a2b6f 206 1 5d049e 205 0
0e8adb 153 87456d 153 0 2ba090 152 0
61d15b 220 b0e8ad 221 0 c3a2b5 220 0
ec3a2b 235 761d15 234 0 a748b6 235 0
1d8745 230 0ec3a2 231 1 800000 231 0
c3b0e8 41 e1d874 40 0 9a4e91 42 0
38761d 70 1c3b0e 69 1 54b12c 69 0
070ec3 116 838761 116 0 152c48 115 0
60e1d8 34 3070ec 33 0 7c8d27 35 0
0c1c3b 6 060e1d 7 0 460e1d 8 0
c18387 18 60c1c3 17 1 889153 19 0
183070 90 0c1838 90 0 122454 91 0
43060e 76 a18307 77 1 000000 77 0
a860c1 138 543060 139 0 50c181 138 0
950c18 196 ca860c 195 0 fa4f1e 196 0
32a183 121 1950c1 120 0 5fa4f2 122 0
065430 128 032a18 128 0 04bf24 129 0
40ca86 144 206543 145 1 800000 145 0
c81950 178 640ca8 179 0 206540 177 0
d9032a 213 ec8195 213 0 e2c260 214 0
7b2065 174 3d9032 175 1 800000 175 0
8f640c 153 c7b206 154 1 000000 153 0
b1ec81 156 58f640 157 0 63d901 156 0
963d90 95 4b1ec8 94 0 ef33d0 93 0
12c7b2 235 8963d9 235 0 385716 234 0
6258f6 240 312c7b 239 1 270ae2 238 0
0c4b1e 112 06258f 112 1 c4b1e0 107 0
418963 97 a0c4b1 98 0 8312c5 97 0
a8312c 94 d41896 95 1 000000 94 0
800000 127 800001 127 1 000000 103 0
800000 127 800001 127 0 800000 128 0
800000 127 800001 128 1 7ffffe 127 0
800000 127 800001 126 1 fffffe 125 0
800000 127 800002 127 1 000000 104 0
800000 127 800002 127 0 800001 128 0
800000 127 800002 128 1 7ffffc 127 0
800000 127 800002 126 1 fffffc 125 0
800000 127 800003 127 1 400000 105 0
800000 127 800003 127 0 800002 128 0
800000 127 800003 128 1 7ffffa 127 0
800000 127 800003 126 1 fffffa 125 0
800000 127 8000ff 127 1 010000 111 0
800000 127 8000ff 127 0 800080 128 0
800000 127 8000ff 128 1 7ffe02 127 0
800000 127 8000ff 126 1 fffe02 125 0
800000 127 80ffff 127 1 000100 119 0
800000 127 80ffff 127 0 808000 128 0
800000 127 80ffff 128 1 7e0002 127 0
800000 127 80ffff 126 1 fe0002 125 0
800000 127 000000 127 1 c00000 128 0
800000 127 000000 127 0 000000 126 0
800000 127 000000 128 1 a00000 129 0
800000 127 000000 126 1 800000 128 0
800000 127 400000 127 1 a00000 128 0
800000 127 400000 127 0 000000 125 0
800000 127 400000 128 1 800000 129 0
800000 127 400000 126 1 e00000 127 0
800000 177 800001 177 1 000000 153 0
800000 177 800001 177 0 800000 178 0
800000 177 800001 178 1 7ffffe 177 0
800000 177 800001 176 1 fffffe 175 0
800000 177 800002 177 1 000000 154 0
800000 177 800002 177 0 800001 178 0
800000 177 800002 178 1 7ffffc 177 0
800000 177 800002 176 1 fffffc 175 0
800000 177 800003 177 1 400000 155 0
800000 177 800003 177 0 800002 178 0
800000 177 800003 178 1 7ffffa 177 0
800000 177 800003 176 1 fffffa 175 0
800000 177 8000ff 177 1 010000 161 0
800000 177 8000ff 177 0 800080 178 0
800000 177 8000ff 178 1 7ffe02 177 0
800000 177 8000ff 176 1 fffe02 175 0
800000 177 80ffff 177 1 000100 169 0
800000 177 80ffff 177 0 808000 178 0
800000 177 80ffff 178 1 7e0002 177 0
800000 177 80ffff 176 1 fe0002 175 0
800000 177 000000 177 1 c00000 178 0
800000 177 000000 177 0 000000 176 0
800000 177 000000 178 1 a00000 179 0
800000 177 000000 176 1 800000 178 0
800000 177 400000 177 1 a00000 178 0
800000 177 400000 177 0 000000 175 0
800000 177 400000 178 1 800000 179 0
800000 177 400000 176 1 e00000 177 0
800000 2 800001 2 1 c00000 0 3
800000 2 800001 2 0 800000 3 0
800000 2 800001 3 1 7ffffe 2 0
800000 2 800001 1 1 200000 0 2
800000 2 800002 2 1 c00000 0 3
800000 2 800002 2 0 800001 3 0
800000 2 800002 3 1 7ffffc 2 0
800000 2 800002 1 1 200000 0 2
800000 2 800003 2 1 c00000 0 3
800000 2 800003 2 0 800002 3 0
800000 2 800003 3 1 7ffffa 2 0
800000 2 800003 1 1 200000 0 2
800000 2 8000ff 2 1 c00000 0 3
800000 2 8000ff 2 0 800080 3 0
800000 2 8000ff 3 1 7ffe02 2 0
800000 2 8000ff 1 1 200000 0 2
800000 2 80ffff 2 1 c00000 0 3
800000 2 80ffff 2 0 808000 3 0
800000 2 80ffff 3 1 7e0002 2 0
800000 2 80ffff 1 1 200000 0 2
800000 2 000000 2 1 c00000 3 0
800000 2 000000 2 0 000000 1 0
800000 2 000000 3 1 a00000 4 0
800000 2 000000 1 1 800000 3 0
800000 2 400000 2 1 a00000 3 0
800000 2 400000 2 0 c00000 0 3
800000 2 400000 3 1 800000 4 0
800000 2 400000 1 1 e00000 2 0
800000 254 800001 254 1 000000 230 0
800000 254 800001 254 0 800000 255 0
800000 254 800001 255 1 7ffffe 254 0
800000 254 800001 253 1 fffffe 252 0
800000 254 800002 254 1 000000 231 0
800000 254 800002 254 0 800001 255 0
800000 254 800002 255 1 7ffffc 254 0
800000 254 800002 253 1 fffffc 252 0
800000 254 800003 254 1 400000 232 0
800000 254 800003 254 0 800002 255 0
800000 254 800003 255 1 7ffffa 254 0
800000 254 800003 253 1 fffffa 252 0
800000 254 8000ff 254 1 010000 238 0
800000 254 8000ff 254 0 800080 255 0
800000 254 8000ff 255 1 7ffe02 254 0
800000 254 8000ff 253 1 fffe02 252 0
800000 254 80ffff 254 1 000100 246 0
800000 254 80ffff 254 0 808000 255 0
800000 254 80ffff 255 1 7e0002 254 0
800000 254 80ffff 253 1 fe0002 252 0
800000 254 000000 254 1 c00000 255 0
800000 254 000000 254 0 000000 253 0
800000 254 000000 255 1 400000 0 4
800000 254 000000 253 1 800000 255 0
800000 254 400000 254 1 a00000 255 0
800000 254 400000 254 0 000000 252 0
800000 254 400000 255 1 400000 0 4
800000 254 400000 253 1 e00000 254 0
000000 127 000001 127 1 000000 103 0
000000 127 000001 127 0 000000 128 0
000000 127 000001 128 1 fffffe 127 0
000000 127 000001 126 1 000000 126 0
000000 127 000002 127 1 000000 104 0
000000 127 000002 127 0 000001 128 0
000000 127 000002 128 1 fffffc 127 0
000000 127 000002 126 1 7fffff 127 0
000000 127 000003 127 1 400000 105 0
000000 127 000003 127 0 000002 128 0
000000 127 000003 128 1 fffffa 127 0
000000 127 000003 126 1 7ffffe 127 0
000000 127 0000ff 127 1 010000 111 0
000000 127 0000ff 127 0 000080 128 0
000000 127 0000ff 128 1 fffe02 127 0
000000 127 0000ff 126 1 7fff80 127 0
000000 127 00ffff 127 1 000100 119 0
000000 127 00ffff 127 0 008000 128 0
000000 127 00ffff 128 1 fe0002 127 0
000000 127 00ffff 126 1 7f8000 127 0
000000 127 800000 127 1 400000 128 0
000000 127 800000 127 0 000000 126 0
000000 127 800000 128 1 000000 128 0
000000 127 800000 126 1 600000 128 0
000000 127 c00000 127 1 200000 128 0
000000 127 c00000 127 0 000000 125 0
000000 127 c00000 128 1 600000 129 0
000000 127 c00000 126 1 500000 128 0
000000 177 000001 177 1 000000 153 0
000000 177 000001 177 0 000000 178 0
000000 177 000001 178 1 fffffe 177 0
000000 177 000001 176 1 000000 176 0
000000 177 000002 177 1 000000 154 0
000000 177 000002 177 0 000001 178 0
000000 177 000002 178 1 fffffc 177 0
000000 177 000002 176 1 7fffff 177 0
000000 177 000003 177 1 400000 155 0
000000 177 000003 177 0 000002 178 0
000000 177 000003 178 1 fffffa 177 0
000000 177 000003 176 1 7ffffe 177 0
000000 177 0000ff 177 1 010000 161 0
000000 177 0000ff 177 0 000080 178 0
000000 177 0000ff 178 1 fffe02 177 0
000000 177 0000ff 176 1 7fff80 177 0
000000 177 00ffff 177 1 000100 169 0
000000 177 00ffff 177 0 008000 178 0
000000 177 00ffff 178 1 fe0002 177 0
000000 177 00ffff 176 1 7f8000 177 0
000000 177 800000 177 1 400000 178 0
000000 177 800000 177 0 000000 176 0
000000 177 800000 178 1 000000 178 0
000000 177 800000 176 1 600000 178 0
000000 177 c00000 177 1 200000 178 0
000000 177 c00000 177 0 000000 175 0
000000 177 c00000 178 1 600000 179 0
000000 177 c00000 176 1 500000 178 0
000000 2 000001 2 1 c00000 0 3
000000 2 000001 2 0 000000 3 0
000000 2 000001 3 1 fffffe 2 0
000000 2 000001 1 1 000000 1 0
000000 2 000002 2 1 c00000 0 3
000000 2 000002 2 0 000001 3 0
000000 2 000002 3 1 fffffc 2 0
000000 2 000002 1 1 7fffff 2 0
000000 2 000003 2 1 c00000 0 3
000000 2 000003 2 0 000002 3 0
000000 2 000003 3 1 fffffa 2 0
000000 2 000003 1 1 7ffffe 2 0
000000 2 0000ff 2 1 c00000 0 3
000000 2 0000ff 2 0 000080 3 0
000000 2 0000ff 3 1 fffe02 2 0
000000 2 0000ff 1 1 7fff80 2 0
000000 2 00ffff 2 1 c00000 0 3
000000 2 00ffff 2 0 008000 3 0
000000 2 00ffff 3 1 fe0002 2 0
000000 2 00ffff 1 1 7f8000 2 0
000000 2 800000 2 1 400000 3 0
000000 2 800000 2 0 000000 1 0
000000 2 800000 3 1 000000 3 0
000000 2 800000 1 1 600000 3 0
000000 2 c00000 2 1 200000 3 0
000000 2 c00000 2 0 c00000 0 3
000000 2 c00000 3 1 600000 4 0
000000 2 c00000 1 1 500000 3 0
000000 254 000001 254 1 000000 230 0
000000 254 000001 254 0 000000 255 0
000000 254 000001 255 1 fffffe 254 0
000000 254 000001 253 1 000000 253 0
000000 254 000002 254 1 000000 231 0
000000 254 000002 254 0 000001 255 0
000000 254 000002 255 1 fffffc 254 0
000000 254 000002 253 1 7fffff 254 0
000000 254 000003 254 1 400000 232 0
000000 254 000003 254 0 000002 255 0
000000 254 000003 255 1 fffffa 254 0
000000 254 000003 253 1 7ffffe 254 0
000000 254 0000ff 254 1 010000 238 0
000000 254 0000ff 254 0 000080 255 0
000000 254 0000ff 255 1 fffe02 254 0
000000 254 0000ff 253 1 7fff80 254 0
000000 254 00ffff 254 1 000100 246 0
000000 254 00ffff 254 0 008000 255 0
000000 254 00ffff 255 1 fe0002 254 0
000000 254 00ffff 253 1 7f8000 254 0
000000 254 800000 254 1 400000 255 0
000000 254 800000 254 0 000000 253 0
000000 254 800000 255 1 000000 255 0
000000 254 800000 253 1 600000 255 0
000000 254 c00000 254 1 200000 255 0
000000 254 c00000 254 0 000000 252 0
000000 254 c00000 255 1 800000 0 5
000000 254 c00000 253 1 500000 255 0
c00000 127 c00001 127 1 000000 103 0
c00000 127 c00001 127 0 c00000 128 0
c00000 127 c00001 128 1 3ffffe 127 0
c00000 127 c00001 126 1 bfffff 126 0
c00000 127 c00002 127 1 000000 104 0
c00000 127 c00002 127 0 c00001 128 0
c00000 127 c00002 128 1 3ffffc 127 0
c00000 127 c00002 126 1 bffffe 126 0
c00000 127 c00003 127 1 400000 105 0
c00000 127 c00003 127 0 c00002 128 0
c00000 127 c00003 128 1 3ffffa 127 0
c00000 127 c00003 126 1 bffffd 126 0
c00000 127 c000ff 127 1 010000 111 0
c00000 127 c000ff 127 0 c00080 128 0
c00000 127 c000ff 128 1 3ffe02 127 0
c00000 127 c000ff 126 1 bfff01 126 0
c00000 127 c0ffff 127 1 000100 119 0
c00000 127 c0ffff 127 0 c08000 128 0
c00000 127 c0ffff 128 1 3e0002 127 0
c00000 127 c0ffff 126 1 bf0001 126 0
c00000 127 400000 127 1 c00000 128 0
c00000 127 400000 127 0 000000 0 1
c00000 127 400000 128 1 900000 129 0
c00000 127 400000 126 1 900000 128 0
c00000 127 800000 127 1 800000 126 0
c00000 127 800000 127 0 a00000 128 0
c00000 127 800000 128 1 000000 125 0
c00000 127 800000 126 1 800000 127 0
400000 127 400001 127 1 000000 103 0
400000 127 400001 127 0 400000 128 0
400000 127 400001 128 1 bffffe 127 0
400000 127 400001 126 1 3fffff 126 0
400000 127 400002 127 1 000000 104 0
400000 127 400002 127 0 400001 128 0
400000 127 400002 128 1 bffffc 127 0
400000 127 400002 126 1 3ffffe 126 0
400000 127 400003 127 1 400000 105 0
400000 127 400003 127 0 400002 128 0
400000 127 400003 128 1 bffffa 127 0
400000 127 400003 126 1 3ffffd 126 0
400000 127 4000ff 127 1 010000 111 0
400000 127 4000ff 127 0 400080 128 0
400000 127 4000ff 128 1 bffe02 127 0
400000 127 4000ff 126 1 3fff01 126 0
400000 127 40ffff 127 1 000100 119 0
400000 127 40ffff 127 0 408000 128 0
400000 127 40ffff 128 1 be0002 127 0
400000 127 40ffff 126 1 3f0001 126 0
400000 127 c00000 127 1 400000 128 0
400000 127 c00000 127 0 000000 0 1
400000 127 c00000 128 1 700000 129 0
400000 127 c00000 126 1 700000 128 0
400000 127 000000 127 1 800000 126 0
400000 127 000000 127 0 200000 128 0
400000 127 000000 128 1 a00000 128 0
400000 127 000000 126 1 000000 125 0
ffffff 127 000000 127 1 800000 129 0
ffffff 127 000000 127 0 000000 103 0
ffffff 127 000000 128 1 c00000 129 0
ffffff 127 000000 126 1 c00000 128 0
ffffff 127 000001 127 1 ffffff 128 0
ffffff 127 000001 127 0 000000 0 1
ffffff 127 000001 128 1 bfffff 129 0
ffffff 127 000001 126 1 bfffff 128 0
ffffff 127 000002 127 1 fffffe 128 0
ffffff 127 000002 127 0 800000 104 0
ffffff 127 000002 128 1 bfffff 129 0
ffffff 127 000002 126 1 bfffff 128 0
ffffff 127 0000fe 127 1 ffff80 128 0
ffffff 127 0000fe 127 0 fd0000 111 0
ffffff 127 0000fe 128 1 bfff81 129 0
ffffff 127 0000fe 126 1 bfffc0 128 0
ffffff 127 00fffe 127 1 ff8000 128 0
ffffff 127 00fffe 127 0 fffd00 119 0
ffffff 127 00fffe 128 1 bf8001 129 0
ffffff 127 00fffe 126 1 bfc000 128 0
ffffff 127 7fffff 127 1 c00000 128 0
ffffff 127 7fffff 127 0 fffffc 126 0
ffffff 127 7fffff 128 1 800000 129 0
ffffff 127 7fffff 126 1 a00000 128 0
ffffff 127 bfffff 127 1 800000 126 0
ffffff 127 bfffff 127 0 dfffff 128 0
ffffff 127 bfffff 128 1 000002 126 0
ffffff 127 bfffff 126 1 a00000 127 0
000001 127 000002 127 1 000000 103 0
000001 127 000002 127 0 000002 128 0
000001 127 000002 128 1 fffffd 127 0
000001 127 000002 126 1 000000 126 0
000001 127 000003 127 1 000000 104 0
000001 127 000003 127 0 000002 128 0
000001 127 000003 128 1 fffffb 127 0
000001 127 000003 126 1 000000 126 0
000001 127 000004 127 1 400000 105 0
000001 127 000004 127 0 000002 128 0
000001 127 000004 128 1 fffff9 127 0
000001 127 000004 126 1 7fffff 127 0
000001 127 000100 127 1 010000 111 0
000001 127 000100 127 0 000080 128 0
000001 127 000100 128 1 fffe01 127 0
000001 127 000100 126 1 7fff81 127 0
000001 127 010000 127 1 000100 119 0
000001 127 010000 127 0 008000 128 0
000001 127 010000 128 1 fe0001 127 0
000001 127 010000 126 1 7f8001 127 0
000001 127 800001 127 1 400000 128 0
000001 127 800001 127 0 000004 126 0
000001 127 800001 128 1 000000 128 0
000001 127 800001 126 1 600000 128 0
000001 127 c00001 127 1 200000 128 0
000001 127 c00001 127 0 000008 125 0
000001 127 c00001 128 1 600000 129 0
000001 127 c00001 126 1 500000 128 0
800001 137 800002 137 1 000000 113 0
800001 137 800002 137 0 800002 138 0
800001 137 800002 138 1 7ffffd 137 0
800001 137 800002 136 1 800000 136 0
800001 137 800003 137 1 000000 114 0
800001 137 800003 137 0 800002 138 0
800001 137 800003 138 1 7ffffb 137 0
800001 137 800003 136 1 fffffe 135 0
800001 137 800004 137 1 400000 115 0
800001 137 800004 137 0 800002 138 0
800001 137 800004 138 1 7ffff9 137 0
800001 137 800004 136 1 fffffc 135 0
800001 137 800100 137 1 010000 121 0
800001 137 800100 137 0 800080 138 0
800001 137 800100 138 1 7ffe01 137 0
800001 137 800100 136 1 fffe04 135 0
800001 137 810000 137 1 000100 129 0
800001 137 810000 137 0 808000 138 0
800001 137 810000 138 1 7e0001 137 0
800001 137 810000 136 1 fe0004 135 0
800001 137 000001 137 1 c00000 138 0
800001 137 000001 137 0 000004 136 0
800001 137 000001 138 1 a00000 139 0
800001 137 000001 136 1 800000 138 0
800001 137 400001 137 1 a00000 138 0
800001 137 400001 137 0 000008 135 0
800001 137 400001 138 1 800000 139 0
800001 137 400001 136 1 e00000 137 0
7fffff 137 800000 137 1 000000 137 0
7fffff 137 800000 137 0 000000 113 0
7fffff 137 800000 138 1 400000 138 0
7fffff 137 800000 136 1 3fffff 137 0
7fffff 137 800001 137 1 7fffff 138 0
7fffff 137 800001 137 0 000000 0 1
7fffff 137 800001 138 1 3ffffe 138 0
7fffff 137 800001 136 1 3ffffe 137 0
7fffff 137 800002 137 1 7ffffe 138 0
7fffff 137 800002 137 0 800000 114 0
7fffff 137 800002 138 1 3ffffe 138 0
7fffff 137 800002 136 1 3ffffe 137 0
7fffff 137 8000fe 137 1 7fff80 138 0
7fffff 137 8000fe 137 0 fd0000 121 0
7fffff 137 8000fe 138 1 3fff02 138 0
7fffff 137 8000fe 136 1 3fff80 137 0
7fffff 137 80fffe 137 1 7f8000 138 0
7fffff 137 80fffe 137 0 fffd00 129 0
7fffff 137 80fffe 138 1 3f0002 138 0
7fffff 137 80fffe 136 1 3f8000 137 0
7fffff 137 ffffff 137 1 400000 138 0
7fffff 137 ffffff 137 0 fffffc 136 0
7fffff 137 ffffff 138 1 600000 139 0
7fffff 137 ffffff 136 1 000000 137 0
7fffff 137 3fffff 137 1 800000 136 0
7fffff 137 3fffff 137 0 5fffff 138 0
7fffff 137 3fffff 138 1 800000 138 0
7fffff 137 3fffff 136 1 7ffffe 135 0
abcdef 77 abcdf0 77 1 000000 53 0
abcdef 77 abcdf0 77 0 abcdf0 78 0
abcdef 77 abcdf0 78 1 54320f 77 0
abcdef 77 abcdf0 76 1 abcdee 76 0
abcdef 77 abcdf1 77 1 000000 54 0
abcdef 77 abcdf1 77 0 abcdf0 78 0
abcdef 77 abcdf1 78 1 54320d 77 0
abcdef 77 abcdf1 76 1 abcded 76 0
abcdef 77 abcdf2 77 1 400000 55 0
abcdef 77 abcdf2 77 0 abcdf0 78 0
abcdef 77 abcdf2 78 1 54320b 77 0
abcdef 77 abcdf2 76 1 abcdec 76 0
abcdef 77 abceee 77 1 010000 61 0
abcdef 77 abceee 77 0 abce6e 78 0
abcdef 77 abceee 78 1 543013 77 0
abcdef 77 abceee 76 1 abccf0 76 0
abcdef 77 accdee 77 1 000100 69 0
abcdef 77 accdee 77 0 ac4dee 78 0
abcdef 77 accdee 78 1 523213 77 0
abcdef 77 accdee 76 1 aacdf0 76 0
abcdef 77 2bcdef 77 1 c00000 78 0
abcdef 77 2bcdef 77 0 5e6f78 75 0
abcdef 77 2bcdef 78 1 950c84 79 0
abcdef 77 2bcdef 76 1 8af37c 78 0
abcdef 77 6bcdef 77 1 a00000 78 0
abcdef 77 6bcdef 77 0 bcdef0 74 0
abcdef 77 6bcdef 78 1 ea1908 78 0
abcdef 77 6bcdef 76 1 f5e6f8 77 0
800000 1 800000 1 0 800000 2 0
800000 1 800000 1 1 000000 0 1
800000 1 000000 1 0 c00000 0 3
800000 1 000000 1 1 c00000 2 0
800000 1 ffffff 1 0 c00000 2 0
800000 1 ffffff 1 1 c00000 0 3
800000 1 000001 1 0 c00000 0 3
800000 1 000001 1 1 c00000 2 0
000000 1 800000 1 0 c00000 0 3
000000 1 800000 1 1 400000 2 0
000000 1 000000 1 0 000000 2 0
000000 1 000000 1 1 000000 0 1
000000 1 ffffff 1 0 c00000 0 3
000000 1 ffffff 1 1 000000 2 0
000000 1 000001 1 0 000000 2 0
000000 1 000001 1 1 c00000 0 3
ffffff 1 800000 1 0 c00000 2 0
ffffff 1 800000 1 1 200000 0 2
ffffff 1 000000 1 0 c00000 0 3
ffffff 1 000000 1 1 800000 3 0
ffffff 1 ffffff 1 0 ffffff 2 0
ffffff 1 ffffff 1 1 000000 0 1
ffffff 1 000001 1 0 000000 0 1
ffffff 1 000001 1 1 ffffff 2 0
000001 1 800000 1 0 c00000 0 3
000001 1 800000 1 1 400000 2 0
000001 1 000000 1 0 000000 2 0
000001 1 000000 1 1 200000 0 2
000001 1 ffffff 1 0 000000 0 1
000001 1 ffffff 1 1 000001 2 0
000001 1 000001 1 0 000001 2 0
000001 1 000001 1 1 000000 0 1
c00000 1 800000 1 0 a00000 2 0
c00000 1 800000 1 1 200000 0 2
c00000 1 000000 1 0 c00000 0 3
c00000 1 000000 1 1 e00000 2 0
c00000 1 ffffff 1 0 e00000 2 0
c00000 1 ffffff 1 1 c00000 0 3
c00000 1 000001 1 0 c00000 0 3
c00000 1 000001 1 1 e00000 2 0
400000 1 800000 1 0 c00000 0 3
400000 1 800000 1 1 600000 2 0
400000 1 000000 1 0 200000 2 0
400000 1 000000 1 1 200000 0 2
400000 1 ffffff 1 0 200000 0 2
400000 1 ffffff 1 1 200000 2 0
400000 1 000001 1 0 200000 2 0
400000 1 000001 1 1 200000 0 2
800000 8 800000 8 0 800000 9 0
800000 8 800000 8 1 000000 0 1
800000 8 000000 8 0 000000 7 0
800000 8 000000 8 1 c00000 9 0
800000 8 ffffff 8 0 c00000 9 0
800000 8 ffffff 8 1 000002 7 0
800000 8 000001 8 0 000002 7 0
800000 8 000001 8 1 c00000 9 0
000000 8 800000 8 0 000000 7 0
000000 8 800000 8 1 400000 9 0
000000 8 000000 8 0 000000 9 0
000000 8 000000 8 1 000000 0 1
000000 8 ffffff 8 0 c00000 0 3
000000 8 ffffff 8 1 000000 9 0
000000 8 000001 8 0 000000 9 0
000000 8 000001 8 1 c00000 0 3
ffffff 8 800000 8 0 c00000 9 0
ffffff 8 800000 8 1 fffffe 7 0
ffffff 8 000000 8 0 c00000 0 3
ffffff 8 000000 8 1 800000 10 0
ffffff 8 ffffff 8 0 ffffff 9 0
ffffff 8 ffffff 8 1 000000 0 1
ffffff 8 000001 8 0 000000 0 1
ffffff 8 000001 8 1 ffffff 9 0
000001 8 800000 8 0 000002 7 0
000001 8 800000 8 1 400000 9 0
000001 8 000000 8 0 000000 9 0
000001 8 000000 8 1 200000 0 2
000001 8 ffffff 8 0 000000 0 1
000001 8 ffffff 8 1 000001 9 0
000001 8 000001 8 0 000001 9 0
000001 8 000001 8 1 000000 0 1
c00000 8 800000 8 0 a00000 9 0
c00000 8 800000 8 1 800000 7 0
c00000 8 000000 8 0 000000 6 0
c00000 8 000000 8 1 e00000 9 0
c00000 8 ffffff 8 0 e00000 9 0
c00000 8 ffffff 8 1 000004 6 0
c00000 8 000001 8 0 000004 6 0
c00000 8 000001 8 1 e00000 9 0
400000 8 800000 8 0 000000 6 0
400000 8 800000 8 1 600000 9 0
400000 8 000000 8 0 200000 9 0
400000 8 000000 8 1 800000 7 0
400000 8 ffffff 8 0 fffffc 6 0
400000 8 ffffff 8 1 200000 9 0
400000 8 000001 8 0 200000 9 0
400000 8 000001 8 1 fffffc 6 0
800000 15 800000 15 0 800000 16 0
800000 15 800000 15 1 000000 0 1
800000 15 000000 15 0 000000 14 0
800000 15 000000 15 1 c00000 16 0
800000 15 ffffff 15 0 c00000 16 0
800000 15 ffffff 15 1 000002 14 0
800000 15 000001 15 0 000002 14 0
800000 15 000001 15 1 c00000 16 0
000000 15 800000 15 0 000000 14 0
000000 15 800000 15 1 400000 16 0
000000 15 000000 15 0 000000 16 0
000000 15 000000 15 1 000000 0 1
000000 15 ffffff 15 0 c00000 0 3
000000 15 ffffff 15 1 000000 16 0
000000 15 000001 15 0 000000 16 0
000000 15 000001 15 1 c00000 0 3
ffffff 15 800000 15 0 c00000 16 0
ffffff 15 800000 15 1 fffffe 14 0
ffffff 15 000000 15 0 c00000 0 3
ffffff 15 000000 15 1 800000 17 0
ffffff 15 ffffff 15 0 ffffff 16 0
ffffff 15 ffffff 15 1 000000 0 1
ffffff 15 000001 15 0 000000 0 1
ffffff 15 000001 15 1 ffffff 16 0
000001 15 800000 15 0 000002 14 0
000001 15 800000 15 1 400000 16 0
000001 15 000000 15 0 000000 16 0
000001 15 000000 15 1 200000 0 2
000001 15 ffffff 15 0 000000 0 1
000001 15 ffffff 15 1 000001 16 0
000001 15 000001 15 0 000001 16 0
000001 15 000001 15 1 000000 0 1
c00000 15 800000 15 0 a00000 16 0
c00000 15 800000 15 1 800000 14 0
c00000 15 000000 15 0 000000 13 0
c00000 15 000000 15 1 e00000 16 0
c00000 15 ffffff 15 0 e00000 16 0
c00000 15 ffffff 15 1 000004 13 0
c00000 15 000001 15 0 000004 13 0
c00000 15 000001 15 1 e00000 16 0
400000 15 800000 15 0 000000 13 0
400000 15 800000 15 1 600000 16 0
400000 15 000000 15 0 200000 16 0
400000 15 000000 15 1 800000 14 0
400000 15 ffffff 15 0 fffffc 13 0
400000 15 ffffff 15 1 200000 16 0
400000 15 000001 15 0 200000 16 0
400000 15 000001 15 1 fffffc 13 0
800000 22 800000 22 0 800000 23 0
800000 22 800000 22 1 000000 0 1
800000 22 000000 22 0 000000 21 0
800000 22 000000 22 1 c00000 23 0
800000 22 ffffff 22 0 c00000 23 0
800000 22 ffffff 22 1 000002 21 0
800000 22 000001 22 0 000002 21 0
800000 22 000001 22 1 c00000 23 0
000000 22 800000 22 0 000000 21 0
000000 22 800000 22 1 400000 23 0
000000 22 000000 22 0 000000 23 0
000000 22 000000 22 1 000000 0 1
000000 22 ffffff 22 0 c00000 0 3
000000 22 ffffff 22 1 000000 23 0
000000 22 000001 22 0 000000 23 0
000000 22 000001 22 1 c00000 0 3
ffffff 22 800000 22 0 c00000 23 0
ffffff 22 800000 22 1 fffffe 21 0
ffffff 22 000000 22 0 c00000 0 3
ffffff 22 000000 22 1 800000 24 0
ffffff 22 ffffff 22 0 ffffff 23 0
ffffff 22 ffffff 22 1 000000 0 1
ffffff 22 000001 22 0 000000 0 1
ffffff 22 000001 22 1 ffffff 23 0
000001 22 800000 22 0 000002 21 0
000001 22 800000 22 1 400000 23 0
000001 22 000000 22 0 000000 23 0
000001 22 000000 22 1 200000 0 2
000001 22 ffffff 22 0 000000 0 1
000001 22 ffffff 22 1 000001 23 0
000001 22 000001 22 0 000001 23 0
000001 22 000001 22 1 000000 0 1
c00000 22 800000 22 0 a00000 23 0
c00000 22 800000 22 1 800000 21 0
c00000 22 000000 22 0 000000 20 0
c00000 22 000000 22 1 e00000 23 0
c00000 22 ffffff 22 0 e00000 23 0
c00000 22 ffffff 22 1 000004 20 0
c00000 22 000001 22 0 000004 20 0
c00000 22 000001 22 1 e00000 23 0
400000 22 800000 22 0 000000 20 0
400000 22 800000 22 1 600000 23 0
400000 22 000000 22 0 200000 23 0
400000 22 000000 22 1 800000 21 0
400000 22 ffffff 22 0 fffffc 20 0
400000 22 ffffff 22 1 200000 23 0
400000 22 000001 22 0 200000 23 0
400000 22 000001 22 1 fffffc 20 0
800000 29 800000 29 0 800000 30 0
800000 29 800000 29 1 000000 0 1
800000 29 000000 29 0 000000 28 0
800000 29 000000 29 1 c00000 30 0
800000 29 ffffff 29 0 c00000 30 0
800000 29 ffffff 29 1 000002 28 0
800000 29 000001 29 0 000002 28 0
800000 29 000001 29 1 c00000 30 0
000000 29 800000 29 0 000000 28 0
000000 29 800000 29 1 400000 30 0
000000 29 000000 29 0 000000 30 0
000000 29 000000 29 1 000000 0 1
000000 29 ffffff 29 0 000000 5 0
000000 29 ffffff 29 1 000000 30 0
000000 29 000001 29 0 000000 30 0
000000 29 000001 29 1 000000 5 0
ffffff 29 800000 29 0 c00000 30 0
ffffff 29 800000 29 1 fffffe 28 0
ffffff 29 000000 29 0 000000 5 0
ffffff 29 000000 29 1 800000 31 0
ffffff 29 ffffff 29 0 ffffff 30 0
ffffff 29 ffffff 29 1 000000 0 1
ffffff 29 000001 29 0 000000 0 1
ffffff 29 000001 29 1 ffffff 30 0
000001 29 800000 29 0 000002 28 0
000001 29 800000 29 1 400000 30 0
000001 29 000000 29 0 000000 30 0
000001 29 000000 29 1 800000 6 0
000001 29 ffffff 29 0 000000 0 1
000001 29 ffffff 29 1 000001 30 0
000001 29 000001 29 0 000001 30 0
000001 29 000001 29 1 000000 0 1
c00000 29 800000 29 0 a00000 30 0
c00000 29 800000 29 1 800000 28 0
c00000 29 000000 29 0 000000 27 0
c00000 29 000000 29 1 e00000 30 0
c00000 29 ffffff 29 0 e00000 30 0
c00000 29 ffffff 29 1 000004 27 0
c00000 29 000001 29 0 000004 27 0
c00000 29 000001 29 1 e00000 30 0
400000 29 800000 29 0 000000 27 0
400000 29 800000 29 1 600000 30 0
400000 29 000000 29 0 200000 30 0
400000 29 000000 29 1 800000 28 0
400000 29 ffffff 29 0 fffffc 27 0
400000 29 ffffff 29 1 200000 30 0
400000 29 000001 29 0 200000 30 0
400000 29 000001 29 1 fffffc 27 0
800000 36 800000 36 0 800000 37 0
800000 36 800000 36 1 000000 0 1
800000 36 000000 36 0 000000 35 0
800000 36 000000 36 1 c00000 37 0
800000 36 ffffff 36 0 c00000 37 0
800000 36 ffffff 36 1 000002 35 0
800000 36 000001 36 0 000002 35 0
800000 36 000001 36 1 c00000 37 0
000000 36 800000 36 0 000000 35 0
000000 36 800000 36 1 400000 37 0
000000 36 000000 36 0 000000 37 0
000000 36 000000 36 1 000000 0 1
000000 36 ffffff 36 0 000000 12 0
000000 36 ffffff 36 1 000000 37 0
000000 36 000001 36 0 000000 37 0
000000 36 000001 36 1 000000 12 0
ffffff 36 800000 36 0 c00000 37 0
ffffff 36 800000 36 1 fffffe 35 0
ffffff 36 000000 36 0 000000 12 0
ffffff 36 000000 36 1 800000 38 0
ffffff 36 ffffff 36 0 ffffff 37 0
ffffff 36 ffffff 36 1 000000 0 1
ffffff 36 000001 36 0 000000 0 1
ffffff 36 000001 36 1 ffffff 37 0
000001 36 800000 36 0 000002 35 0
000001 36 800000 36 1 400000 37 0
000001 36 000000 36 0 000000 37 0
000001 36 000000 36 1 800000 13 0
000001 36 ffffff 36 0 000000 0 1
000001 36 ffffff 36 1 000001 37 0
000001 36 000001 36 0 000001 37 0
000001 36 000001 36 1 000000 0 1
c00000 36 800000 36 0 a00000 37 0
c00000 36 800000 36 1 800000 35 0
c00000 36 000000 36 0 000000 34 0
c00000 36 000000 36 1 e00000 37 0
c00000 36 ffffff 36 0 e00000 37 0
c00000 36 ffffff 36 1 000004 34 0
c00000 36 000001 36 0 000004 34 0
c00000 36 000001 36 1 e00000 37 0
400000 36 800000 36 0 000000 34 0
400000 36 800000 36 1 600000 37 0
400000 36 000000 36 0 200000 37 0
400000 36 000000 36 1 800000 35 0
400000 36 ffffff 36 0 fffffc 34 0
400000 36 ffffff 36 1 200000 37 0
400000 36 000001 36 0 200000 37 0
400000 36 000001 36 1 fffffc 34 0
800000 43 800000 43 0 800000 44 0
800000 43 800000 43 1 000000 0 1
800000 43 000000 43 0 000000 42 0
800000 43 000000 43 1 c00000 44 0
800000 43 ffffff 43 0 c00000 44 0
800000 43 ffffff 43 1 000002 42 0
800000 43 000001 43 0 000002 42 0
800000 43 000001 43 1 c00000 44 0
000000 43 800000 43 0 000000 42 0
000000 43 800000 43 1 400000 44 0
000000 43 000000 43 0 000000 44 0
000000 43 000000 43 1 000000 0 1
000000 43 ffffff 43 0 000000 19 0
000000 43 ffffff 43 1 000000 44 0
000000 43 000001 43 0 000000 44 0
000000 43 000001 43 1 000000 19 0
ffffff 43 800000 43 0 c00000 44 0
ffffff 43 800000 43 1 fffffe 42 0
ffffff 43 000000 43 0 000000 19 0
ffffff 43 000000 43 1 800000 45 0
ffffff 43 ffffff 43 0 ffffff 44 0
ffffff 43 ffffff 43 1 000000 0 1
ffffff 43 000001 43 0 000000 0 1
ffffff 43 000001 43 1 ffffff 44 0
000001 43 800000 43 0 000002 42 0
000001 43 800000 43 1 400000 44 0
000001 43 000000 43 0 000000 44 0
000001 43 000000 43 1 800000 20 0
000001 43 ffffff 43 0 000000 0 1
000001 43 ffffff 43 1 000001 44 0
000001 43 000001 43 0 000001 44 0
000001 43 000001 43 1 000000 0 1
c00000 43 800000 43 0 a00000 44 0
c00000 43 800000 43 1 800000 42 0
c00000 43 000000 43 0 000000 41 0
c00000 43 000000 43 1 e00000 44 0
c00000 43 ffffff 43 0 e00000 44 0
c00000 43 ffffff 43 1 000004 41 0
c00000 43 000001 43 0 000004 41 0
c00000 43 000001 43 1 e00000 44 0
400000 43 800000 43 0 000000 41 0
400000 43 800000 43 1 600000 44 0
400000 43 000000 43 0 200000 44 0
400000 43 000000 43 1 800000 42 0
400000 43 ffffff 43 0 fffffc 41 0
400000 43 ffffff 43 1 200000 44 0
400000 43 000001 43 0 200000 44 0
400000 43 000001 43 1 fffffc 41 0
800000 50 800000 50 0 800000 51 0
800000 50 800000 50 1 000000 0 1
800000 50 000000 50 0 000000 49 0
800000 50 000000 50 1 c00000 51 0
800000 50 ffffff 50 0 c00000 51 0
800000 50 ffffff 50 1 000002 49 0
800000 50 000001 50 0 000002 49 0
800000 50 000001 50 1 c00000 51 0
000000 50 800000 50 0 000000 49 0
000000 50 800000 50 1 400000 51 0
000000 50 000000 50 0 000000 51 0
000000 50 000000 50 1 000000 0 1
000000 50 ffffff 50 0 000000 26 0
000000 50 ffffff 50 1 000000 51 0
000000 50 000001 50 0 000000 51 0
000000 50 000001 50 1 000000 26 0
ffffff 50 800000 50 0 c00000 51 0
ffffff 50 800000 50 1 fffffe 49 0
ffffff 50 000000 50 0 000000 26 0
ffffff 50 000000 50 1 800000 52 0
ffffff 50 ffffff 50 0 ffffff 51 0
ffffff 50 ffffff 50 1 000000 0 1
ffffff 50 000001 50 0 000000 0 1
ffffff 50 000001 50 1 ffffff 51 0
000001 50 800000 50 0 000002 49 0
000001 50 800000 50 1 400000 51 0
000001 50 000000 50 0 000000 51 0
000001 50 000000 50 1 800000 27 0
000001 50 ffffff 50 0 000000 0 1
000001 50 ffffff 50 1 000001 51 0
000001 50 000001 50 0 000001 51 0
000001 50 000001 50 1 000000 0 1
c00000 50 800000 50 0 a00000 51 0
c00000 50 800000 50 1 800000 49 0
c00000 50 000000 50 0 000000 48 0
c00000 50 000000 50 1 e00000 51 0
c00000 50 ffffff 50 0 e00000 51 0
c00000 50 ffffff 50 1 000004 48 0
c00000 50 000001 50 0 000004 48 0
c00000 50 000001 50 1 e00000 51 0
400000 50 800000 50 0 000000 48 0
400000 50 800000 50 1 600000 51 0
400000 50 000000 50 0 200000 51 0
400000 50 000000 50 1 800000 49 0
400000 50 ffffff 50 0 fffffc 48 0
400000 50 ffffff 50 1 200000 51 0
400000 50 000001 50 0 200000 51 0
400000 50 000001 50 1 fffffc 48 0
800000 57 800000 57 0 800000 58 0
800000 57 800000 57 1 000000 0 1
800000 57 000000 57 0 000000 56 0
800000 57 000000 57 1 c00000 58 0
800000 57 ffffff 57 0 c00000 58 0
800000 57 ffffff 57 1 000002 56 0
800000 57 000001 57 0 000002 56 0
800000 57 000001 57 1 c00000 58 0
000000 57 800000 57 0 000000 56 0
000000 57 800000 57 1 400000 58 0
000000 57 000000 57 0 000000 58 0
000000 57 000000 57 1 000000 0 1
000000 57 ffffff 57 0 000000 33 0
000000 57 ffffff 57 1 000000 58 0
000000 57 000001 57 0 000000 58 0
000000 57 000001 57 1 000000 33 0
ffffff 57 800000 57 0 c00000 58 0
ffffff 57 800000 57 1 fffffe 56 0
ffffff 57 000000 57 0 000000 33 0
ffffff 57 000000 57 1 800000 59 0
ffffff 57 ffffff 57 0 ffffff 58 0
ffffff 57 ffffff 57 1 000000 0 1
ffffff 57 000001 57 0 000000 0 1
ffffff 57 000001 57 1 ffffff 58 0
000001 57 800000 57 0 000002 56 0
000001 57 800000 57 1 400000 58 0
000001 57 000000 57 0 000000 58 0
000001 57 000000 57 1 800000 34 0
000001 57 ffffff 57 0 000000 0 1
000001 57 ffffff 57 1 000001 58 0
000001 57 000001 57 0 000001 58 0
000001 57 000001 57 1 000000 0 1
c00000 57 800000 57 0 a00000 58 0
c00000 57 800000 57 1 800000 56 0
c00000 57 000000 57 0 000000 55 0
c00000 57 000000 57 1 e00000 58 0
c00000 57 ffffff 57 0 e00000 58 0
c00000 57 ffffff 57 1 000004 55 0
c00000 57 000001 57 0 000004 55 0
c00000 57 000001 57 1 e00000 58 0
400000 57 800000 57 0 000000 55 0
400000 57 800000 57 1 600000 58 0
400000 57 000000 57 0 200000 58 0
400000 57 000000 57 1 800000 56 0
400000 57 ffffff 57 0 fffffc 55 0
400000 57 ffffff 57 1 200000 58 0
400000 57 000001 57 0 200000 58 0
400000 57 000001 57 1 fffffc 55 0
800000 64 800000 64 0 800000 65 0
800000 64 800000 64 1 000000 0 1
800000 64 000000 64 0 000000 63 0
800000 64 000000 64 1 c00000 65 0
800000 64 ffffff 64 0 c00000 65 0
800000 64 ffffff 64 1 000002 63 0
800000 64 000001 64 0 000002 63 0
800000 64 000001 64 1 c00000 65 0
000000 64 800000 64 0 000000 63 0
000000 64 800000 64 1 400000 65 0
000000 64 000000 64 0 000000 65 0
000000 64 000000 64 1 000000 0 1
000000 64 ffffff 64 0 000000 40 0
000000 64 ffffff 64 1 000000 65 0
000000 64 000001 64 0 000000 65 0
000000 64 000001 64 1 000000 40 0
ffffff 64 800000 64 0 c00000 65 0
ffffff 64 800000 64 1 fffffe 63 0
ffffff 64 000000 64 0 000000 40 0
ffffff 64 000000 64 1 800000 66 0
ffffff 64 ffffff 64 0 ffffff 65 0
ffffff 64 ffffff 64 1 000000 0 1
ffffff 64 000001 64 0 000000 0 1
ffffff 64 000001 64 1 ffffff 65 0
000001 64 800000 64 0 000002 63 0
000001 64 800000 64 1 400000 65 0
000001 64 000000 64 0 000000 65 0
000001 64 000000 64 1 800000 41 0
000001 64 ffffff 64 0 000000 0 1
000001 64 ffffff 64 1 000001 65 0
000001 64 000001 64 0 000001 65 0
000001 64 000001 64 1 000000 0 1
c00000 64 800000 64 0 a00000 65 0
c00000 64 800000 64 1 800000 63 0
c00000 64 000000 64 0 000000 62 0
c00000 64 000000 64 1 e00000 65 0
c00000 64 ffffff 64 0 e00000 65 0
c00000 64 ffffff 64 1 000004 62 0
c00000 64 000001 64 0 000004 62 0
c00000 64 000001 64 1 e00000 65 0
400000 64 800000 64 0 000000 62 0
400000 64 800000 64 1 600000 65 0
400000 64 000000 64 0 200000 65 0
400000 64 000000 64 1 800000 63 0
400000 64 ffffff 64 0 fffffc 62 0
400000 64 ffffff 64 1 200000 65 0
400000 64 000001 64 0 200000 65 0
400000 64 000001 64 1 fffffc 62 0
800000 71 800000 71 0 800000 72 0
800000 71 800000 71 1 000000 0 1
800000 71 000000 71 0 000000 70 0
800000 71 000000 71 1 c00000 72 0
800000 71 ffffff 71 0 c00000 72 0
800000 71 ffffff 71 1 000002 70 0
800000 71 000001 71 0 000002 70 0
800000 71 000001 71 1 c00000 72 0
000000 71 800000 71 0 000000 70 0
000000 71 800000 71 1 400000 72 0
000000 71 000000 71 0 000000 72 0
000000 71 000000 71 1 000000 0 1
000000 71 ffffff 71 0 000000 47 0
000000 71 ffffff 71 1 000000 72 0
000000 71 000001 71 0 000000 72 0
000000 71 000001 71 1 000000 47 0
ffffff 71 800000 71 0 c00000 72 0
ffffff 71 800000 71 1 fffffe 70 0
ffffff 71 000000 71 0 000000 47 0
ffffff 71 000000 71 1 800000 73 0
ffffff 71 ffffff 71 0 ffffff 72 0
ffffff 71 ffffff 71 1 000000 0 1
ffffff 71 000001 71 0 000000 0 1
ffffff 71 000001 71 1 ffffff 72 0
000001 71 800000 71 0 000002 70 0
000001 71 800000 71 1 400000 72 0
000001 71 000000 71 0 000000 72 0
000001 71 000000 71 1 800000 48 0
000001 71 ffffff 71 0 000000 0 1
000001 71 ffffff 71 1 000001 72 0
000001 71 000001 71 0 000001 72 0
000001 71 000001 71 1 000000 0 1
c00000 71 800000 71 0 a00000 72 0
c00000 71 800000 71 1 800000 70 0
c00000 71 000000 71 0 000000 69 0
c00000 71 000000 71 1 e00000 72 0
c00000 71 ffffff 71 0 e00000 72 0
c00000 71 ffffff 71 1 000004 69 0
c00000 71 000001 71 0 000004 69 0
c00000 71 000001 71 1 e00000 72 0
400000 71 800000 71 0 000000 69 0
400000 71 800000 71 1 600000 72 0
400000 71 000000 71 0 200000 72 0
400000 71 000000 71 1 800000 70 0
400000 71 ffffff 71 0 fffffc 69 0
400000 71 ffffff 71 1 200000 72 0
400000 71 000001 71 0 200000 72 0
400000 71 000001 71 1 fffffc 69 0
800000 78 800000 78 0 800000 79 0
800000 78 800000 78 1 000000 0 1
800000 78 000000 78 0 000000 77 0
800000 78 000000 78 1 c00000 79 0
800000 78 ffffff 78 0 c00000 79 0
800000 78 ffffff 78 1 000002 77 0
800000 78 000001 78 0 000002 77 0
800000 78 000001 78 1 c00000 79 0
000000 78 800000 78 0 000000 77 0
000000 78 800000 78 1 400000 79 0
000000 78 000000 78 0 000000 79 0
000000 78 000000 78 1 000000 0 1
000000 78 ffffff 78 0 000000 54 0
000000 78 ffffff 78 1 000000 79 0
000000 78 000001 78 0 000000 79 0
000000 78 000001 78 1 000000 54 0
ffffff 78 800000 78 0 c00000 79 0
ffffff 78 800000 78 1 fffffe 77 0
ffffff 78 000000 78 0 000000 54 0
ffffff 78 000000 78 1 800000 80 0
ffffff 78 ffffff 78 0 ffffff 79 0
ffffff 78 ffffff 78 1 000000 0 1
ffffff 78 000001 78 0 000000 0 1
ffffff 78 000001 78 1 ffffff 79 0
000001 78 800000 78 0 000002 77 0
000001 78 800000 78 1 400000 79 0
000001 78 000000 78 0 000000 79 0
000001 78 000000 78 1 800000 55 0
000001 78 ffffff 78 0 000000 0 1
000001 78 ffffff 78 1 000001 79 0
000001 78 000001 78 0 000001 79 0
000001 78 000001 78 1 000000 0 1
c00000 78 800000 78 0 a00000 79 0
c00000 78 800000 78 1 800000 77 0
c00000 78 000000 78 0 000000 76 0
c00000 78 000000 78 1 e00000 79 0
c00000 78 ffffff 78 0 e00000 79 0
c00000 78 ffffff 78 1 000004 76 0
c00000 78 000001 78 0 000004 76 0
c00000 78 000001 78 1 e00000 79 0
400000 78 800000 78 0 000000 76 0
400000 78 800000 78 1 600000 79 0
400000 78 000000 78 0 200000 79 0
400000 78 000000 78 1 800000 77 0
400000 78 ffffff 78 0 fffffc 76 0
400000 78 ffffff 78 1 200000 79 0
400000 78 000001 78 0 200000 79 0
400000 78 000001 78 1 fffffc 76 0
800000 85 800000 85 0 800000 86 0
800000 85 800000 85 1 000000 0 1
800000 85 000000 85 0 000000 84 0
800000 85 000000 85 1 c00000 86 0
800000 85 ffffff 85 0 c00000 86 0
800000 85 ffffff 85 1 000002 84 0
800000 85 000001 85 0 000002 84 0
800000 85 000001 85 1 c00000 86 0
000000 85 800000 85 0 000000 84 0
000000 85 800000 85 1 400000 86 0
000000 85 000000 85 0 000000 86 0
000000 85 000000 85 1 000000 0 1
000000 85 ffffff 85 0 000000 61 0
000000 85 ffffff 85 1 000000 86 0
000000 85 000001 85 0 000000 86 0
000000 85 000001 85 1 000000 61 0
ffffff 85 800000 85 0 c00000 86 0
ffffff 85 800000 85 1 fffffe 84 0
ffffff 85 000000 85 0 000000 61 0
ffffff 85 000000 85 1 800000 87 0
ffffff 85 ffffff 85 0 ffffff 86 0
ffffff 85 ffffff 85 1 000000 0 1
ffffff 85 000001 85 0 000000 0 1
ffffff 85 000001 85 1 ffffff 86 0
000001 85 800000 85 0 000002 84 0
000001 85 800000 85 1 400000 86 0
000001 85 000000 85 0 000000 86 0
000001 85 000000 85 1 800000 62 0
000001 85 ffffff 85 0 000000 0 1
000001 85 ffffff 85 1 000001 86 0
000001 85 000001 85 0 000001 86 0
000001 85 000001 85 1 000000 0 1
c00000 85 800000 85 0 a00000 86 0
c00000 85 800000 85 1 800000 84 0
c00000 85 000000 85 0 000000 83 0
c00000 85 000000 85 1 e00000 86 0
c00000 85 ffffff 85 0 e00000 86 0
c00000 85 ffffff 85 1 000004 83 0
c00000 85 000001 85 0 000004 83 0
c00000 85 000001 85 1 e00000 86 0
400000 85 800000 85 0 000000 83 0
400000 85 800000 85 1 600000 86 0
400000 85 000000 85 0 200000 86 0
400000 85 000000 85 1 800000 84 0
400000 85 ffffff 85 0 fffffc 83 0
400000 85 ffffff 85 1 200000 86 0
400000 85 000001 85 0 200000 86 0
400000 85 000001 85 1 fffffc 83 0
800000 92 800000 92 0 800000 93 0
800000 92 800000 92 1 000000 0 1
800000 92 000000 92 0 000000 91 0
800000 92 000000 92 1 c00000 93 0
800000 92 ffffff 92 0 c00000 93 0
800000 92 ffffff 92 1 000002 91 0
800000 92 000001 92 0 000002 91 0
800000 92 000001 92 1 c00000 93 0
000000 92 800000 92 0 000000 91 0
000000 92 800000 92 1 400000 93 0
000000 92 000000 92 0 000000 93 0
000000 92 000000 92 1 000000 0 1
000000 92 ffffff 92 0 000000 68 0
000000 92 ffffff 92 1 000000 93 0
000000 92 000001 92 0 000000 93 0
000000 92 000001 92 1 000000 68 0
ffffff 92 800000 92 0 c00000 93 0
ffffff 92 800000 92 1 fffffe 91 0
ffffff 92 000000 92 0 000000 68 0
ffffff 92 000000 92 1 800000 94 0
ffffff 92 ffffff 92 0 ffffff 93 0
ffffff 92 ffffff 92 1 000000 0 1
ffffff 92 000001 92 0 000000 0 1
ffffff 92 000001 92 1 ffffff 93 0
000001 92 800000 92 0 000002 91 0
000001 92 800000 92 1 400000 93 0
000001 92 000000 92 0 000000 93 0
000001 92 000000 92 1 800000 69 0
000001 92 ffffff 92 0 000000 0 1
000001 92 ffffff 92 1 000001 93 0
000001 92 000001 92 0 000001 93 0
000001 92 000001 92 1 000000 0 1
c00000 92 800000 92 0 a00000 93 0
c00000 92 800000 92 1 800000 91 0
c00000 92 000000 92 0 000000 90 0
c00000 92 000000 92 1 e00000 93 0
c00000 92 ffffff 92 0 e00000 93 0
c00000 92 ffffff 92 1 000004 90 0
c00000 92 000001 92 0 000004 90 0
c00000 92 000001 92 1 e00000 93 0
400000 92 800000 92 0 000000 90 0
400000 92 800000 92 1 600000 93 0
400000 92 000000 92 0 200000 93 0
400000 92 000000 92 1 800000 91 0
400000 92 ffffff 92 0 fffffc 90 0
400000 92 ffffff 92 1 200000 93 0
400000 92 000001 92 0 200000 93 0
400000 92 000001 92 1 fffffc 90 0
800000 99 800000 99 0 800000 100 0
800000 99 800000 99 1 000000 0 1
800000 99 000000 99 0 000000 98 0
800000 99 000000 99 1 c00000 100 0
800000 99 ffffff 99 0 c00000 100 0
800000 99 ffffff 99 1 000002 98 0
800000 99 000001 99 0 000002 98 0
800000 99 000001 99 1 c00000 100 0
000000 99 800000 99 0 000000 98 0
000000 99 800000 99 1 400000 100 0
000000 99 000000 99 0 000000 100 0
000000 99 000000 99 1 000000 0 1
000000 99 ffffff 99 0 000000 75 0
000000 99 ffffff 99 1 000000 100 0
000000 99 000001 99 0 000000 100 0
000000 99 000001 99 1 000000 75 0
ffffff 99 800000 99 0 c00000 100 0
ffffff 99 800000 99 1 fffffe 98 0
ffffff 99 000000 99 0 000000 75 0
ffffff 99 000000 99 1 800000 101 0
ffffff 99 ffffff 99 0 ffffff 100 0
ffffff 99 ffffff 99 1 000000 0 1
ffffff 99 000001 99 0 000000 0 1
ffffff 99 000001 99 1 ffffff 100 0
000001 99 800000 99 0 000002 98 0
000001 99 800000 99 1 400000 100 0
000001 99 000000 99 0 000000 100 0
000001 99 000000 99 1 800000 76 0
000001 99 ffffff 99 0 000000 0 1
000001 99 ffffff 99 1 000001 100 0
000001 99 000001 99 0 000001 100 0
000001 99 000001 99 1 000000 0 1
c00000 99 800000 99 0 a00000 100 0
c00000 99 800000 99 1 800000 98 0
c00000 99 000000 99 0 000000 97 0
c00000 99 000000 99 1 e00000 100 0
c00000 99 ffffff 99 0 e00000 100 0
c00000 99 ffffff 99 1 000004 97 0
c00000 99 000001 99 0 000004 97 0
c00000 99 000001 99 1 e00000 100 0
400000 99 800000 99 0 000000 97 0
400000 99 800000 99 1 600000 100 0
400000 99 000000 99 0 200000 100 0
400000 99 000000 99 1 800000 98 0
400000 99 ffffff 99 0 fffffc 97 0
400000 99 ffffff 99 1 200000 100 0
400000 99 000001 99 0 200000 100 0
400000 99 000001 99 1 fffffc 97 0
800000 106 800000 106 0 800000 107 0
800000 106 800000 106 1 000000 0 1
800000 106 000000 106 0 000000 105 0
800000 106 000000 106 1 c00000 107 0
800000 106 ffffff 106 0 c00000 107 0
800000 106 ffffff 106 1 000002 105 0
800000 106 000001 106 0 000002 105 0
800000 106 000001 106 1 c00000 107 0
000000 106 800000 106 0 000000 105 0
000000 106 800000 106 1 400000 107 0
000000 106 000000 106 0 000000 107 0
000000 106 000000 106 1 000000 0 1
000000 106 ffffff 106 0 000000 82 0
000000 106 ffffff 106 1 000000 107 0
000000 106 000001 106 0 000000 107 0
000000 106 000001 106 1 000000 82 0
ffffff 106 800000 106 0 c00000 107 0
ffffff 106 800000 106 1 fffffe 105 0
ffffff 106 000000 106 0 000000 82 0
ffffff 106 000000 106 1 800000 108 0
ffffff 106 ffffff 106 0 ffffff 107 0
ffffff 106 ffffff 106 1 000000 0 1
ffffff 106 000001 106 0 000000 0 1
ffffff 106 000001 106 1 ffffff 107 0
000001 106 800000 106 0 000002 105 0
000001 106 800000 106 1 400000 107 0
000001 106 000000 106 0 000000 107 0
000001 106 000000 106 1 800000 83 0
000001 106 ffffff 106 0 000000 0 1
000001 106 ffffff 106 1 000001 107 0
000001 106 000001 106 0 000001 107 0
000001 106 000001 106 1 000000 0 1
c00000 106 800000 106 0 a00000 107 0
c00000 106 800000 106 1 800000 105 0
c00000 106 000000 106 0 000000 104 0
c00000 106 000000 106 1 e00000 107 0
c00000 106 ffffff 106 0 e00000 107 0
c00000 106 ffffff 106 1 000004 104 0
c00000 106 000001 106 0 000004 104 0
c00000 106 000001 106 1 e00000 107 0
400000 106 800000 106 0 000000 104 0
400000 106 800000 106 1 600000 107 0
400000 106 000000 106 0 200000 107 0
400000 106 000000 106 1 800000 105 0
400000 106 ffffff 106 0 fffffc 104 0
400000 106 ffffff 106 1 200000 107 0
400000 106 000001 106 0 200000 107 0
400000 106 000001 106 1 fffffc 104 0
800000 113 800000 113 0 800000 114 0
800000 113 800000 113 1 000000 0 1
800000 113 000000 113 0 000000 112 0
800000 113 000000 113 1 c00000 114 0
800000 113 ffffff 113 0 c00000 114 0
800000 113 ffffff 113 1 000002 112 0
800000 113 000001 113 0 000002 112 0
800000 113 000001 113 1 c00000 114 0
000000 113 800000 113 0 000000 112 0
000000 113 800000 113 1 400000 114 0
000000 113 000000 113 0 000000 114 0
000000 113 000000 113 1 000000 0 1
000000 113 ffffff 113 0 000000 89 0
000000 113 ffffff 113 1 000000 114 0
000000 113 000001 113 0 000000 114 0
000000 113 000001 113 1 000000 89 0
ffffff 113 800000 113 0 c00000 114 0
ffffff 113 800000 113 1 fffffe 112 0
ffffff 113 000000 113 0 000000 89 0
ffffff 113 000000 113 1 800000 115 0
ffffff 113 ffffff 113 0 ffffff 114 0
ffffff 113 ffffff 113 1 000000 0 1
ffffff 113 000001 113 0 000000 0 1
ffffff 113 000001 113 1 ffffff 114 0
000001 113 800000 113 0 000002 112 0
000001 113 800000 113 1 400000 114 0
000001 113 000000 113 0 000000 114 0
000001 113 000000 113 1 800000 90 0
000001 113 ffffff 113 0 000000 0 1
000001 113 ffffff 113 1 000001 114 0
000001 113 000001 113 0 000001 114 0
000001 113 000001 113 1 000000 0 1
c00000 113 800000 113 0 a00000 114 0
c00000 113 800000 113 1 800000 112 0
c00000 113 000000 113 0 000000 111 0
c00000 113 000000 113 1 e00000 114 0
c00000 113 ffffff 113 0 e00000 114 0
c00000 113 ffffff 113 1 000004 111 0
c00000 113 000001 113 0 000004 111 0
c00000 113 000001 113 1 e00000 114 0
400000 113 800000 113 0 000000 111 0
400000 113 800000 113 1 600000 114 0
400000 113 000000 113 0 200000 114 0
400000 113 000000 113 1 800000 112 0
400000 113 ffffff 113 0 fffffc 111 0
400000 113 ffffff 113 1 200000 114 0
400000 113 000001 113 0 200000 114 0
400000 113 000001 113 1 fffffc 111 0
800000 120 800000 120 0 800000 121 0
800000 120 800000 120 1 000000 0 1
800000 120 000000 120 0 000000 119 0
800000 120 000000 120 1 c00000 121 0
800000 120 ffffff 120 0 c00000 121 0
800000 120 ffffff 120 1 000002 119 0
800000 120 000001 120 0 000002 119 0
800000 120 000001 120 1 c00000 121 0
000000 120 800000 120 0 000000 119 0
000000 120 800000 120 1 400000 121 0
000000 120 000000 120 0 000000 121 0
000000 120 000000 120 1 000000 0 1
000000 120 ffffff 120 0 000000 96 0
000000 120 ffffff 120 1 000000 121 0
000000 120 000001 120 0 000000 121 0
000000 120 000001 120 1 000000 96 0
ffffff 120 800000 120 0 c00000 121 0
ffffff 120 800000 120 1 fffffe 119 0
ffffff 120 000000 120 0 000000 96 0
ffffff 120 000000 120 1 800000 122 0
ffffff 120 ffffff 120 0 ffffff 121 0
ffffff 120 ffffff 120 1 000000 0 1
ffffff 120 000001 120 0 000000 0 1
ffffff 120 000001 120 1 ffffff 121 0
000001 120 800000 120 0 000002 119 0
000001 120 800000 120 1 400000 121 0
000001 120 000000 120 0 000000 121 0
000001 120 000000 120 1 800000 97 0
000001 120 ffffff 120 0 000000 0 1
000001 120 ffffff 120 1 000001 121 0
000001 120 000001 120 0 000001 121 0
000001 120 000001 120 1 000000 0 1
c00000 120 800000 120 0 a00000 121 0
c00000 120 800000 120 1 800000 119 0
c00000 120 000000 120 0 000000 118 0
c00000 120 000000 120 1 e00000 121 0
c00000 120 ffffff 120 0 e00000 121 0
c00000 120 ffffff 120 1 000004 118 0
c00000 120 000001 120 0 000004 118 0
c00000 120 000001 120 1 e00000 121 0
400000 120 800000 120 0 000000 118 0
400000 120 800000 120 1 600000 121 0
400000 120 000000 120 0 200000 121 0
400000 120 000000 120 1 800000 119 0
400000 120 ffffff 120 0 fffffc 118 0
400000 120 ffffff 120 1 200000 121 0
400000 120 000001 120 0 200000 121 0
400000 120 000001 120 1 fffffc 118 0
800000 127 800000 127 0 800000 128 0
800000 127 800000 127 1 000000 0 1
800000 127 000000 127 0 000000 126 0
800000 127 000000 127 1 c00000 128 0
800000 127 ffffff 127 0 c00000 128 0
800000 127 ffffff 127 1 000002 126 0
800000 127 000001 127 0 000002 126 0
800000 127 000001 127 1 c00000 128 0
000000 127 800000 127 0 000000 126 0
000000 127 800000 127 1 400000 128 0
000000 127 000000 127 0 000000 128 0
000000 127 000000 127 1 000000 0 1
000000 127 ffffff 127 0 000000 103 0
000000 127 ffffff 127 1 000000 128 0
000000 127 000001 127 0 000000 128 0
000000 127 000001 127 1 000000 103 0
ffffff 127 800000 127 0 c00000 128 0
ffffff 127 800000 127 1 fffffe 126 0
ffffff 127 000000 127 0 000000 103 0
ffffff 127 000000 127 1 800000 129 0
ffffff 127 ffffff 127 0 ffffff 128 0
ffffff 127 ffffff 127 1 000000 0 1
ffffff 127 000001 127 0 000000 0 1
ffffff 127 000001 127 1 ffffff 128 0
000001 127 800000 127 0 000002 126 0
000001 127 800000 127 1 400000 128 0
000001 127 000000 127 0 000000 128 0
000001 127 000000 127 1 800000 104 0
000001 127 ffffff 127 0 000000 0 1
000001 127 ffffff 127 1 000001 128 0
000001 127 000001 127 0 000001 128 0
000001 127 000001 127 1 000000 0 1
c00000 127 800000 127 0 a00000 128 0
c00000 127 800000 127 1 800000 126 0
c00000 127 000000 127 0 000000 125 0
c00000 127 000000 127 1 e00000 128 0
c00000 127 ffffff 127 0 e00000 128 0
c00000 127 ffffff 127 1 000004 125 0
c00000 127 000001 127 0 000004 125 0
c00000 127 000001 127 1 e00000 128 0
400000 127 800000 127 0 000000 125 0
400000 127 800000 127 1 600000 128 0
400000 127 000000 127 0 200000 128 0
400000 127 000000 127 1 800000 126 0
400000 127 ffffff 127 0 fffffc 125 0
400000 127 ffffff 127 1 200000 128 0
400000 127 000001 127 0 200000 128 0
400000 127 000001 127 1 fffffc 125 0
800000 134 800000 134 0 800000 135 0
800000 134 800000 134 1 000000 0 1
800000 134 000000 134 0 000000 133 0
800000 134 000000 134 1 c00000 135 0
800000 134 ffffff 134 0 c00000 135 0
800000 134 ffffff 134 1 000002 133 0
800000 134 000001 134 0 000002 133 0
800000 134 000001 134 1 c00000 135 0
000000 134 800000 134 0 000000 133 0
000000 134 800000 134 1 400000 135 0
000000 134 000000 134 0 000000 135 0
000000 134 000000 134 1 000000 0 1
000000 134 ffffff 134 0 000000 110 0
000000 134 ffffff 134 1 000000 135 0
000000 134 000001 134 0 000000 135 0
000000 134 000001 134 1 000000 110 0
ffffff 134 800000 134 0 c00000 135 0
ffffff 134 800000 134 1 fffffe 133 0
ffffff 134 000000 134 0 000000 110 0
ffffff 134 000000 134 1 800000 136 0
ffffff 134 ffffff 134 0 ffffff 135 0
ffffff 134 ffffff 134 1 000000 0 1
ffffff 134 000001 134 0 000000 0 1
ffffff 134 000001 134 1 ffffff 135 0
000001 134 800000 134 0 000002 133 0
000001 134 800000 134 1 400000 135 0
000001 134 000000 134 0 000000 135 0
000001 134 000000 134 1 800000 111 0
000001 134 ffffff 134 0 000000 0 1
000001 134 ffffff 134 1 000001 135 0
000001 134 000001 134 0 000001 135 0
000001 134 000001 134 1 000000 0 1
c00000 134 800000 134 0 a00000 135 0
c00000 134 800000 134 1 800000 133 0
c00000 134 000000 134 0 000000 132 0
c00000 134 000000 134 1 e00000 135 0
c00000 134 ffffff 134 0 e00000 135 0
c00000 134 ffffff 134 1 000004 132 0
c00000 134 000001 134 0 000004 132 0
c00000 134 000001 134 1 e00000 135 0
400000 134 800000 134 0 000000 132 0
400000 134 800000 134 1 600000 135 0
400000 134 000000 134 0 200000 135 0
400000 134 000000 134 1 800000 133 0
400000 134 ffffff 134 0 fffffc 132 0
400000 134 ffffff 134 1 200000 135 0
400000 134 000001 134 0 200000 135 0
400000 134 000001 134 1 fffffc 132 0
800000 141 800000 141 0 800000 142 0
800000 141 800000 141 1 000000 0 1
800000 141 000000 141 0 000000 140 0
800000 141 000000 141 1 c00000 142 0
800000 141 ffffff 141 0 c00000 142 0
800000 141 ffffff 141 1 000002 140 0
800000 141 000001 141 0 000002 140 0
800000 141 000001 141 1 c00000 142 0
000000 141 800000 141 0 000000 140 0
000000 141 800000 141 1 400000 142 0
000000 141 000000 141 0 000000 142 0
000000 141 000000 141 1 000000 0 1
000000 141 ffffff 141 0 000000 117 0
000000 141 ffffff 141 1 000000 142 0
000000 141 000001 141 0 000000 142 0
000000 141 000001 141 1 000000 117 0
ffffff 141 800000 141 0 c00000 142 0
ffffff 141 800000 141 1 fffffe 140 0
ffffff 141 000000 141 0 000000 117 0
ffffff 141 000000 141 1 800000 143 0
ffffff 141 ffffff 141 0 ffffff 142 0
ffffff 141 ffffff 141 1 000000 0 1
ffffff 141 000001 141 0 000000 0 1
ffffff 141 000001 141 1 ffffff 142 0
000001 141 800000 141 0 000002 140 0
000001 141 800000 141 1 400000 142 0
000001 141 000000 141 0 000000 142 0
000001 141 000000 141 1 800000 118 0
000001 141 ffffff 141 0 000000 0 1
000001 141 ffffff 141 1 000001 142 0
000001 141 000001 141 0 000001 142 0
000001 141 000001 141 1 000000 0 1
c00000 141 800000 141 0 a00000 142 0
c00000 141 800000 141 1 800000 140 0
c00000 141 000000 141 0 000000 139 0
c00000 141 000000 141 1 e00000 142 0
c00000 141 ffffff 141 0 e00000 142 0
c00000 141 ffffff 141 1 000004 139 0
c00000 141 000001 141 0 000004 139 0
c00000 141 000001 141 1 e00000 142 0
400000 141 800000 141 0 000000 139 0
400000 141 800000 141 1 600000 142 0
400000 141 000000 141 0 200000 142 0
400000 141 000000 141 1 800000 140 0
400000 141 ffffff 141 0 fffffc 139 0
400000 141 ffffff 141 1 200000 142 0
400000 141 000001 141 0 200000 142 0
400000 141 000001 141 1 fffffc 139 0
800000 148 800000 148 0 800000 149 0
800000 148 800000 148 1 000000 0 1
800000 148 000000 148 0 000000 147 0
800000 148 000000 148 1 c00000 149 0
800000 148 ffffff 148 0 c00000 149 0
800000 148 ffffff 148 1 000002 147 0
800000 148 000001 148 0 000002 147 0
800000 148 000001 148 1 c00000 149 0
000000 148 800000 148 0 000000 147 0
000000 148 800000 148 1 400000 149 0
000000 148 000000 148 0 000000 149 0
000000 148 000000 148 1 000000 0 1
000000 148 ffffff 148 0 000000 124 0
000000 148 ffffff 148 1 000000 149 0
000000 148 000001 148 0 000000 149 0
000000 148 000001 148 1 000000 124 0
ffffff 148 800000 148 0 c00000 149 0
ffffff 148 800000 148 1 fffffe 147 0
ffffff 148 000000 148 0 000000 124 0
ffffff 148 000000 148 1 800000 150 0
ffffff 148 ffffff 148 0 ffffff 149 0
ffffff 148 ffffff 148 1 000000 0 1
ffffff 148 000001 148 0 000000 0 1
ffffff 148 000001 148 1 ffffff 149 0
000001 148 800000 148 0 000002 147 0
000001 148 800000 148 1 400000 149 0
000001 148 000000 148 0 000000 149 0
000001 148 000000 148 1 800000 125 0
000001 148 ffffff 148 0 000000 0 1
000001 148 ffffff 148 1 000001 149 0
000001 148 000001 148 0 000001 149 0
000001 148 000001 148 1 000000 0 1
c00000 148 800000 148 0 a00000 149 0
c00000 148 800000 148 1 800000 147 0
c00000 148 000000 148 0 000000 146 0
c00000 148 000000 148 1 e00000 149 0
c00000 148 ffffff 148 0 e00000 149 0
c00000 148 ffffff 148 1 000004 146 0
c00000 148 000001 148 0 000004 146 0
c00000 148 000001 148 1 e00000 149 0
400000 148 800000 148 0 000000 146 0
400000 148 800000 148 1 600000 149 0
400000 148 000000 148 0 200000 149 0
400000 148 000000 148 1 800000 147 0
400000 148 ffffff 148 0 fffffc 146 0
400000 148 ffffff 148 1 200000 149 0
400000 148 000001 148 0 200000 149 0
400000 148 000001 148 1 fffffc 146 0
800000 155 800000 155 0 800000 156 0
800000 155 800000 155 1 000000 0 1
800000 155 000000 155 0 000000 154 0
800000 155 000000 155 1 c00000 156 0
800000 155 ffffff 155 0 c00000 156 0
800000 155 ffffff 155 1 000002 154 0
800000 155 000001 155 0 000002 154 0
800000 155 000001 155 1 c00000 156 0
000000 155 800000 155 0 000000 154 0
000000 155 800000 155 1 400000 156 0
000000 155 000000 155 0 000000 156 0
000000 155 000000 155 1 000000 0 1
000000 155 ffffff 155 0 000000 131 0
000000 155 ffffff 155 1 000000 156 0
000000 155 000001 155 0 000000 156 0
000000 155 000001 155 1 000000 131 0
ffffff 155 800000 155 0 c00000 156 0
ffffff 155 800000 155 1 fffffe 154 0
ffffff 155 000000 155 0 000000 131 0
ffffff 155 000000 155 1 800000 157 0
ffffff 155 ffffff 155 0 ffffff 156 0
ffffff 155 ffffff 155 1 000000 0 1
ffffff 155 000001 155 0 000000 0 1
ffffff 155 000001 155 1 ffffff 156 0
000001 155 800000 155 0 000002 154 0
000001 155 800000 155 1 400000 156 0
000001 155 000000 155 0 000000 156 0
000001 155 000000 155 1 800000 132 0
000001 155 ffffff 155 0 000000 0 1
000001 155 ffffff 155 1 000001 156 0
000001 155 000001 155 0 000001 156 0
000001 155 000001 155 1 000000 0 1
c00000 155 800000 155 0 a00000 156 0
c00000 155 800000 155 1 800000 154 0
c00000 155 000000 155 0 000000 153 0
c00000 155 000000 155 1 e00000 156 0
c00000 155 ffffff 155 0 e00000 156 0
c00000 155 ffffff 155 1 000004 153 0
c00000 155 000001 155 0 000004 153 0
c00000 155 000001 155 1 e00000 156 0
400000 155 800000 155 0 000000 153 0
400000 155 800000 155 1 600000 156 0
400000 155 000000 155 0 200000 156 0
400000 155 000000 155 1 800000 154 0
400000 155 ffffff 155 0 fffffc 153 0
400000 155 ffffff 155 1 200000 156 0
400000 155 000001 155 0 200000 156 0
400000 155 000001 155 1 fffffc 153 0
800000 162 800000 162 0 800000 163 0
800000 162 800000 162 1 000000 0 1
800000 162 000000 162 0 000000 161 0
800000 162 000000 162 1 c00000 163 0
800000 162 ffffff 162 0 c00000 163 0
800000 162 ffffff 162 1 000002 161 0
800000 162 000001 162 0 000002 161 0
800000 162 000001 162 1 c00000 163 0
000000 162 800000 162 0 000000 161 0
000000 162 800000 162 1 400000 163 0
000000 162 000000 162 0 000000 163 0
000000 162 000000 162 1 000000 0 1
000000 162 ffffff 162 0 000000 138 0
000000 162 ffffff 162 1 000000 163 0
000000 162 000001 162 0 000000 163 0
000000 162 000001 162 1 000000 138 0
ffffff 162 800000 162 0 c00000 163 0
ffffff 162 800000 162 1 fffffe 161 0
ffffff 162 000000 162 0 000000 138 0
ffffff 162 000000 162 1 800000 164 0
ffffff 162 ffffff 162 0 ffffff 163 0
ffffff 162 ffffff 162 1 000000 0 1
ffffff 162 000001 162 0 000000 0 1
ffffff 162 000001 162 1 ffffff 163 0
000001 162 800000 162 0 000002 161 0
000001 162 800000 162 1 400000 163 0
000001 162 000000 162 0 000000 163 0
000001 162 000000 162 1 800000 139 0
000001 162 ffffff 162 0 000000 0 1
000001 162 ffffff 162 1 000001 163 0
000001 162 000001 162 0 000001 163 0
000001 162 000001 162 1 000000 0 1
c00000 162 800000 162 0 a00000 163 0
c00000 162 800000 162 1 800000 161 0
c00000 162 000000 162 0 000000 160 0
c00000 162 000000 162 1 e00000 163 0
c00000 162 ffffff 162 0 e00000 163 0
c00000 162 ffffff 162 1 000004 160 0
c00000 162 000001 162 0 000004 160 0
c00000 162 000001 162 1 e00000 163 0
400000 162 800000 162 0 000000 160 0
400000 162 800000 162 1 600000 163 0
400000 162 000000 162 0 200000 163 0
400000 162 000000 162 1 800000 161 0
400000 162 ffffff 162 0 fffffc 160 0
400000 162 ffffff 162 1 200000 163 0
400000 162 000001 162 0 200000 163 0
400000 162 000001 162 1 fffffc 160 0
800000 169 800000 169 0 800000 170 0
800000 169 800000 169 1 000000 0 1
800000 169 000000 169 0 000000 168 0
800000 169 000000 169 1 c00000 170 0
800000 169 ffffff 169 0 c00000 170 0
800000 169 ffffff 169 1 000002 168 0
800000 169 000001 169 0 000002 168 0
800000 169 000001 169 1 c00000 170 0
000000 169 800000 169 0 000000 168 0
000000 169 800000 169 1 400000 170 0
000000 169 000000 169 0 000000 170 0
000000 169 000000 169 1 000000 0 1
000000 169 ffffff 169 0 000000 145 0
000000 169 ffffff 169 1 000000 170 0
000000 169 000001 169 0 000000 170 0
000000 169 000001 169 1 000000 145 0
ffffff 169 800000 169 0 c00000 170 0
ffffff 169 800000 169 1 fffffe 168 0
ffffff 169 000000 169 0 000000 145 0
ffffff 169 000000 169 1 800000 171 0
ffffff 169 ffffff 169 0 ffffff 170 0
ffffff 169 ffffff 169 1 000000 0 1
ffffff 169 000001 169 0 000000 0 1
ffffff 169 000001 169 1 ffffff 170 0
000001 169 800000 169 0 000002 168 0
000001 169 800000 169 1 400000 170 0
000001 169 000000 169 0 000000 170 0
000001 169 000000 169 1 800000 146 0
000001 169 ffffff 169 0 000000 0 1
000001 169 ffffff 169 1 000001 170 0
000001 169 000001 169 0 000001 170 0
000001 169 000001 169 1 000000 0 1
c00000 169 800000 169 0 a00000 170 0
c00000 169 800000 169 1 800000 168 0
c00000 169 000000 169 0 000000 167 0
c00000 169 000000 169 1 e00000 170 0
c00000 169 ffffff 169 0 e00000 170 0
c00000 169 ffffff 169 1 000004 167 0
c00000 169 000001 169 0 000004 167 0
c00000 169 000001 169 1 e00000 170 0
400000 169 800000 169 0 000000 167 0
400000 169 800000 169 1 600000 170 0
400000 169 000000 169 0 200000 170 0
400000 169 000000 169 1 800000 168 0
400000 169 ffffff 169 0 fffffc 167 0
400000 169 ffffff 169 1 200000 170 0
400000 169 000001 169 0 200000 170 0
400000 169 000001 169 1 fffffc 167 0
800000 176 800000 176 0 800000 177 0
800000 176 800000 176 1 000000 0 1
800000 176 000000 176 0 000000 175 0
800000 176 000000 176 1 c00000 177 0
800000 176 ffffff 176 0 c00000 177 0
800000 176 ffffff 176 1 000002 175 0
800000 176 000001 176 0 000002 175 0
800000 176 000001 176 1 c00000 177 0
000000 176 800000 176 0 000000 175 0
000000 176 800000 176 1 400000 177 0
000000 176 000000 176 0 000000 177 0
000000 176 000000 176 1 000000 0 1
000000 176 ffffff 176 0 000000 152 0
000000 176 ffffff 176 1 000000 177 0
000000 176 000001 176 0 000000 177 0
000000 176 000001 176 1 000000 152 0
ffffff 176 800000 176 0 c00000 177 0
ffffff 176 800000 176 1 fffffe 175 0
ffffff 176 000000 176 0 000000 152 0
ffffff 176 000000 176 1 800000 178 0
ffffff 176 ffffff 176 0 ffffff 177 0
ffffff 176 ffffff 176 1 000000 0 1
ffffff 176 000001 176 0 000000 0 1
ffffff 176 000001 176 1 ffffff 177 0
000001 176 800000 176 0 000002 175 0
000001 176 800000 176 1 400000 177 0
000001 176 000000 176 0 000000 177 0
000001 176 000000 176 1 800000 153 0
000001 176 ffffff 176 0 000000 0 1
000001 176 ffffff 176 1 000001 177 0
000001 176 000001 176 0 000001 177 0
000001 176 000001 176 1 000000 0 1
c00000 176 800000 176 0 a00000 177 0
c00000 176 800000 176 1 800000 175 0
c00000 176 000000 176 0 000000 174 0
c00000 176 000000 176 1 e00000 177 0
c00000 176 ffffff 176 0 e00000 177 0
c00000 176 ffffff 176 1 000004 174 0
c00000 176 000001 176 0 000004 174 0
c00000 176 000001 176 1 e00000 177 0
400000 176 800000 176 0 000000 174 0
400000 176 800000 176 1 600000 177 0
400000 176 000000 176 0 200000 177 0
400000 176 000000 176 1 800000 175 0
400000 176 ffffff 176 0 fffffc 174 0
400000 176 ffffff 176 1 200000 177 0
400000 176 000001 176 0 200000 177 0
400000 176 000001 176 1 fffffc 174 0
800000 183 800000 183 0 800000 184 0
800000 183 800000 183 1 000000 0 1
800000 183 000000 183 0 000000 182 0
800000 183 000000 183 1 c00000 184 0
800000 183 ffffff 183 0 c00000 184 0
800000 183 ffffff 183 1 000002 182 0
800000 183 000001 183 0 000002 182 0
800000 183 000001 183 1 c00000 184 0
000000 183 800000 183 0 000000 182 0
000000 183 800000 183 1 400000 184 0
000000 183 000000 183 0 000000 184 0
000000 183 000000 183 1 000000 0 1
000000 183 ffffff 183 0 000000 159 0
000000 183 ffffff 183 1 000000 184 0
000000 183 000001 183 0 000000 184 0
000000 183 000001 183 1 000000 159 0
ffffff 183 800000 183 0 c00000 184 0
ffffff 183 800000 183 1 fffffe 182 0
ffffff 183 000000 183 0 000000 159 0
ffffff 183 000000 183 1 800000 185 0
ffffff 183 ffffff 183 0 ffffff 184 0
ffffff 183 ffffff 183 1 000000 0 1
ffffff 183 000001 183 0 000000 0 1
ffffff 183 000001 183 1 ffffff 184 0
000001 183 800000 183 0 000002 182 0
000001 183 800000 183 1 400000 184 0
000001 183 000000 183 0 000000 184 0
000001 183 000000 183 1 800000 160 0
000001 183 ffffff 183 0 000000 0 1
000001 183 ffffff 183 1 000001 184 0
000001 183 000001 183 0 000001 184 0
000001 183 000001 183 1 000000 0 1
c00000 183 800000 183 0 a00000 184 0
c00000 183 800000 183 1 800000 182 0
c00000 183 000000 183 0 000000 181 0
c00000 183 000000 183 1 e00000 184 0
c00000 183 ffffff 183 0 e00000 184 0
c00000 183 ffffff 183 1 000004 181 0
c00000 183 000001 183 0 000004 181 0
c00000 183 000001 183 1 e00000 184 0
400000 183 800000 183 0 000000 181 0
400000 183 800000 183 1 600000 184 0
400000 183 000000 183 0 200000 184 0
400000 183 000000 183 1 800000 182 0
400000 183 ffffff 183 0 fffffc 181 0
400000 183 ffffff 183 1 200000 184 0
400000 183 000001 183 0 200000 184 0
400000 183 000001 183 1 fffffc 181 0
800000 190 800000 190 0 800000 191 0
800000 190 800000 190 1 000000 0 1
800000 190 000000 190 0 000000 189 0
800000 190 000000 190 1 c00000 191 0
800000 190 ffffff 190 0 c00000 191 0
800000 190 ffffff 190 1 000002 189 0
800000 190 000001 190 0 000002 189 0
800000 190 000001 190 1 c00000 191 0
000000 190 800000 190 0 000000 189 0
000000 190 800000 190 1 400000 191 0
000000 190 000000 190 0 000000 191 0
000000 190 000000 190 1 000000 0 1
000000 190 ffffff 190 0 000000 166 0
000000 190 ffffff 190 1 000000 191 0
000000 190 000001 190 0 000000 191 0
000000 190 000001 190 1 000000 166 0
ffffff 190 800000 190 0 c00000 191 0
ffffff 190 800000 190 1 fffffe 189 0
ffffff 190 000000 190 0 000000 166 0
ffffff 190 000000 190 1 800000 192 0
ffffff 190 ffffff 190 0 ffffff 191 0
ffffff 190 ffffff 190 1 000000 0 1
ffffff 190 000001 190 0 000000 0 1
ffffff 190 000001 190 1 ffffff 191 0
000001 190 800000 190 0 000002 189 0
000001 190 800000 190 1 400000 191 0
000001 190 000000 190 0 000000 191 0
000001 190 000000 190 1 800000 167 0
000001 190 ffffff 190 0 000000 0 1
000001 190 ffffff 190 1 000001 191 0
000001 190 000001 190 0 000001 191 0
000001 190 000001 190 1 000000 0 1
c00000 190 800000 190 0 a00000 191 0
c00000 190 800000 190 1 800000 189 0
c00000 190 000000 190 0 000000 188 0
c00000 190 000000 190 1 e00000 191 0
c00000 190 ffffff 190 0 e00000 191 0
c00000 190 ffffff 190 1 000004 188 0
c00000 190 000001 190 0 000004 188 0
c00000 190 000001 190 1 e00000 191 0
400000 190 800000 190 0 000000 188 0
400000 190 800000 190 1 600000 191 0
400000 190 000000 190 0 200000 191 0
400000 190 000000 190 1 800000 189 0
400000 190 ffffff 190 0 fffffc 188 0
400000 190 ffffff 190 1 200000 191 0
400000 190 000001 190 0 200000 191 0
400000 190 000001 190 1 fffffc 188 0
800000 197 800000 197 0 800000 198 0
800000 197 800000 197 1 000000 0 1
800000 197 000000 197 0 000000 196 0
800000 197 000000 197 1 c00000 198 0
800000 197 ffffff 197 0 c00000 198 0
800000 197 ffffff 197 1 000002 196 0
800000 197 000001 197 0 000002 196 0
800000 197 000001 197 1 c00000 198 0
000000 197 800000 197 0 000000 196 0
000000 197 800000 197 1 400000 198 0
000000 197 000000 197 0 000000 198 0
000000 197 000000 197 1 000000 0 1
000000 197 ffffff 197 0 000000 173 0
000000 197 ffffff 197 1 000000 198 0
000000 197 000001 197 0 000000 198 0
000000 197 000001 197 1 000000 173 0
ffffff 197 800000 197 0 c00000 198 0
ffffff 197 800000 197 1 fffffe 196 0
ffffff 197 000000 197 0 000000 173 0
ffffff 197 000000 197 1 800000 199 0
ffffff 197 ffffff 197 0 ffffff 198 0
ffffff 197 ffffff 197 1 000000 0 1
ffffff 197 000001 197 0 000000 0 1
ffffff 197 000001 197 1 ffffff 198 0
000001 197 800000 197 0 000002 196 0
000001 197 800000 197 1 400000 198 0
000001 197 000000 197 0 000000 198 0
000001 197 000000 197 1 800000 174 0
000001 197 ffffff 197 0 000000 0 1
000001 197 ffffff 197 1 000001 198 0
000001 197 000001 197 0 000001 198 0
000001 197 000001 197 1 000000 0 1
c00000 197 800000 197 0 a00000 198 0
c00000 197 800000 197 1 800000 196 0
c00000 197 000000 197 0 000000 195 0
c00000 197 000000 197 1 e00000 198 0
c00000 197 ffffff 197 0 e00000 198 0
c00000 197 ffffff 197 1 000004 195 0
c00000 197 000001 197 0 000004 195 0
c00000 197 000001 197 1 e00000 198 0
400000 197 800000 197 0 000000 195 0
400000 197 800000 197 1 600000 198 0
400000 197 000000 197 0 200000 198 0
400000 197 000000 197 1 800000 196 0
400000 197 ffffff 197 0 fffffc 195 0
400000 197 ffffff 197 1 200000 198 0
400000 197 000001 197 0 200000 198 0
400000 197 000001 197 1 fffffc 195 0
800000 204 800000 204 0 800000 205 0
800000 204 800000 204 1 000000 0 1
800000 204 000000 204 0 000000 203 0
800000 204 000000 204 1 c00000 205 0
800000 204 ffffff 204 0 c00000 205 0
800000 204 ffffff 204 1 000002 203 0
800000 204 000001 204 0 000002 203 0
800000 204 000001 204 1 c00000 205 0
000000 204 800000 204 0 000000 203 0
000000 204 800000 204 1 400000 205 0
000000 204 000000 204 0 000000 205 0
000000 204 000000 204 1 000000 0 1
000000 204 ffffff 204 0 000000 180 0
000000 204 ffffff 204 1 000000 205 0
000000 204 000001 204 0 000000 205 0
000000 204 000001 204 1 000000 180 0
ffffff 204 800000 204 0 c00000 205 0
ffffff 204 800000 204 1 fffffe 203 0
ffffff 204 000000 204 0 000000 180 0
ffffff 204 000000 204 1 800000 206 0
ffffff 204 ffffff 204 0 ffffff 205 0
ffffff 204 ffffff 204 1 000000 0 1
ffffff 204 000001 204 0 000000 0 1
ffffff 204 000001 204 1 ffffff 205 0
000001 204 800000 204 0 000002 203 0
000001 204 800000 204 1 400000 205 0
000001 204 000000 204 0 000000 205 0
000001 204 000000 204 1 800000 181 0
000001 204 ffffff 204 0 000000 0 1
000001 204 ffffff 204 1 000001 205 0
000001 204 000001 204 0 000001 205 0
000001 204 000001 204 1 000000 0 1
c00000 204 800000 204 0 a00000 205 0
c00000 204 800000 204 1 800000 203 0
c00000 204 000000 204 0 000000 202 0
c00000 204 000000 204 1 e00000 205 0
c00000 204 ffffff 204 0 e00000 205 0
c00000 204 ffffff 204 1 000004 202 0
c00000 204 000001 204 0 000004 202 0
c00000 204 000001 204 1 e00000 205 0
400000 204 800000 204 0 000000 202 0
400000 204 800000 204 1 600000 205 0
400000 204 000000 204 0 200000 205 0
400000 204 000000 204 1 800000 203 0
400000 204 ffffff 204 0 fffffc 202 0
400000 204 ffffff 204 1 200000 205 0
400000 204 000001 204 0 200000 205 0
400000 204 000001 204 1 fffffc 202 0
800000 211 800000 211 0 800000 212 0
800000 211 800000 211 1 000000 0 1
800000 211 000000 211 0 000000 210 0
800000 211 000000 211 1 c00000 212 0
800000 211 ffffff 211 0 c00000 212 0
800000 211 ffffff 211 1 000002 210 0
800000 211 000001 211 0 000002 210 0
800000 211 000001 211 1 c00000 212 0
000000 211 800000 211 0 000000 210 0
000000 211 800000 211 1 400000 212 0
000000 211 000000 211 0 000000 212 0
000000 211 000000 211 1 000000 0 1
000000 211 ffffff 211 0 000000 187 0
000000 211 ffffff 211 1 000000 212 0
000000 211 000001 211 0 000000 212 0
000000 211 000001 211 1 000000 187 0
ffffff 211 800000 211 0 c00000 212 0
ffffff 211 800000 211 1 fffffe 210 0
ffffff 211 000000 211 0 000000 187 0
ffffff 211 000000 211 1 800000 213 0
ffffff 211 ffffff 211 0 ffffff 212 0
ffffff 211 ffffff 211 1 000000 0 1
ffffff 211 000001 211 0 000000 0 1
ffffff 211 000001 211 1 ffffff 212 0
000001 211 800000 211 0 000002 210 0
000001 211 800000 211 1 400000 212 0
000001 211 000000 211 0 000000 212 0
000001 211 000000 211 1 800000 188 0
000001 211 ffffff 211 0 000000 0 1
000001 211 ffffff 211 1 000001 212 0
000001 211 000001 211 0 000001 212 0
000001 211 000001 211 1 000000 0 1
c00000 211 800000 211 0 a00000 212 0
c00000 211 800000 211 1 800000 210 0
c00000 211 000000 211 0 000000 209 0
c00000 211 000000 211 1 e00000 212 0
c00000 211 ffffff 211 0 e00000 212 0
c00000 211 ffffff 211 1 000004 209 0
c00000 211 000001 211 0 000004 209 0
c00000 211 000001 211 1 e00000 212 0
400000 211 800000 211 0 000000 209 0
400000 211 800000 211 1 600000 212 0
400000 211 000000 211 0 200000 212 0
400000 211 000000 211 1 800000 210 0
400000 211 ffffff 211 0 fffffc 209 0
400000 211 ffffff 211 1 200000 212 0
400000 211 000001 211 0 200000 212 0
400000 211 000001 211 1 fffffc 209 0
800000 218 800000 218 0 800000 219 0
800000 218 800000 218 1 000000 0 1
800000 218 000000 218 0 000000 217 0
800000 218 000000 218 1 c00000 219 0
800000 218 ffffff 218 0 c00000 219 0
800000 218 ffffff 218 1 000002 217 0
800000 218 000001 218 0 000002 217 0
800000 218 000001 218 1 c00000 219 0
000000 218 800000 218 0 000000 217 0
000000 218 800000 218 1 400000 219 0
000000 218 000000 218 0 000000 219 0
000000 218 000000 218 1 000000 0 1
000000 218 ffffff 218 0 000000 194 0
000000 218 ffffff 218 1 000000 219 0
000000 218 000001 218 0 000000 219 0
000000 218 000001 218 1 000000 194 0
ffffff 218 800000 218 0 c00000 219 0
ffffff 218 800000 218 1 fffffe 217 0
ffffff 218 000000 218 0 000000 194 0
ffffff 218 000000 218 1 800000 220 0
ffffff 218 ffffff 218 0 ffffff 219 0
ffffff 218 ffffff 218 1 000000 0 1
ffffff 218 000001 218 0 000000 0 1
ffffff 218 000001 218 1 ffffff 219 0
000001 218 800000 218 0 000002 217 0
000001 218 800000 218 1 400000 219 0
000001 218 000000 218 0 000000 219 0
000001 218 000000 218 1 800000 195 0
000001 218 ffffff 218 0 000000 0 1
000001 218 ffffff 218 1 000001 219 0
000001 218 000001 218 0 000001 219 0
000001 218 000001 218 1 000000 0 1
c00000 218 800000 218 0 a00000 219 0
c00000 218 800000 218 1 800000 217 0
c00000 218 000000 218 0 000000 216 0
c00000 218 000000 218 1 e00000 219 0
c00000 218 ffffff 218 0 e00000 219 0
c00000 218 ffffff 218 1 000004 216 0
c00000 218 000001 218 0 000004 216 0
c00000 218 000001 218 1 e00000 219 0
400000 218 800000 218 0 000000 216 0
400000 218 800000 218 1 600000 219 0
400000 218 000000 218 0 200000 219 0
400000 218 000000 218 1 800000 217 0
400000 218 ffffff 218 0 fffffc 216 0
400000 218 ffffff 218 1 200000 219 0
400000 218 000001 218 0 200000 219 0
400000 218 000001 218 1 fffffc 216 0
800000 225 800000 225 0 800000 226 0
800000 225 800000 225 1 000000 0 1
800000 225 000000 225 0 000000 224 0
800000 225 000000 225 1 c00000 226 0
800000 225 ffffff 225 0 c00000 226 0
800000 225 ffffff 225 1 000002 224 0
800000 225 000001 225 0 000002 224 0
800000 225 000001 225 1 c00000 226 0
000000 225 800000 225 0 000000 224 0
000000 225 800000 225 1 400000 226 0
000000 225 000000 225 0 000000 226 0
000000 225 000000 225 1 000000 0 1
000000 225 ffffff 225 0 000000 201 0
000000 225 ffffff 225 1 000000 226 0
000000 225 000001 225 0 000000 226 0
000000 225 000001 225 1 000000 201 0
ffffff 225 800000 225 0 c00000 226 0
ffffff 225 800000 225 1 fffffe 224 0
ffffff 225 000000 225 0 000000 201 0
ffffff 225 000000 225 1 800000 227 0
ffffff 225 ffffff 225 0 ffffff 226 0
ffffff 225 ffffff 225 1 000000 0 1
ffffff 225 000001 225 0 000000 0 1
ffffff 225 000001 225 1 ffffff 226 0
000001 225 800000 225 0 000002 224 0
000001 225 800000 225 1 400000 226 0
000001 225 000000 225 0 000000 226 0
000001 225 000000 225 1 800000 202 0
000001 225 ffffff 225 0 000000 0 1
000001 225 ffffff 225 1 000001 226 0
000001 225 000001 225 0 000001 226 0
000001 225 000001 225 1 000000 0 1
c00000 225 800000 225 0 a00000 226 0
c00000 225 800000 225 1 800000 224 0
c00000 225 000000 225 0 000000 223 0
c00000 225 000000 225 1 e00000 226 0
c00000 225 ffffff 225 0 e00000 226 0
c00000 225 ffffff 225 1 000004 223 0
c00000 225 000001 225 0 000004 223 0
c00000 225 000001 225 1 e00000 226 0
400000 225 800000 225 0 000000 223 0
400000 225 800000 225 1 600000 226 0
400000 225 000000 225 0 200000 226 0
400000 225 000000 225 1 800000 224 0
400000 225 ffffff 225 0 fffffc 223 0
400000 225 ffffff 225 1 200000 226 0
400000 225 000001 225 0 200000 226 0
400000 225 000001 225 1 fffffc 223 0
800000 232 800000 232 0 800000 233 0
800000 232 800000 232 1 000000 0 1
800000 232 000000 232 0 000000 231 0
800000 232 000000 232 1 c00000 233 0
800000 232 ffffff 232 0 c00000 233 0
800000 232 ffffff 232 1 000002 231 0
800000 232 000001 232 0 000002 231 0
800000 232 000001 232 1 c00000 233 0
000000 232 800000 232 0 000000 231 0
000000 232 800000 232 1 400000 233 0
000000 232 000000 232 0 000000 233 0
000000 232 000000 232 1 000000 0 1
000000 232 ffffff 232 0 000000 208 0
000000 232 ffffff 232 1 000000 233 0
000000 232 000001 232 0 000000 233 0
000000 232 000001 232 1 000000 208 0
ffffff 232 800000 232 0 c00000 233 0
ffffff 232 800000 232 1 fffffe 231 0
ffffff 232 000000 232 0 000000 208 0
ffffff 232 000000 232 1 800000 234 0
ffffff 232 ffffff 232 0 ffffff 233 0
ffffff 232 ffffff 232 1 000000 0 1
ffffff 232 000001 232 0 000000 0 1
ffffff 232 000001 232 1 ffffff 233 0
000001 232 800000 232 0 000002 231 0
000001 232 800000 232 1 400000 233 0
000001 232 000000 232 0 000000 233 0
000001 232 000000 232 1 800000 209 0
000001 232 ffffff 232 0 000000 0 1
000001 232 ffffff 232 1 000001 233 0
000001 232 000001 232 0 000001 233 0
000001 232 000001 232 1 000000 0 1
c00000 232 800000 232 0 a00000 233 0
c00000 232 800000 232 1 800000 231 0
c00000 232 000000 232 0 000000 230 0
c00000 232 000000 232 1 e00000 233 0
c00000 232 ffffff 232 0 e00000 233 0
c00000 232 ffffff 232 1 000004 230 0
c00000 232 000001 232 0 000004 230 0
c00000 232 000001 232 1 e00000 233 0
400000 232 800000 232 0 000000 230 0
400000 232 800000 232 1 600000 233 0
400000 232 000000 232 0 200000 233 0
400000 232 000000 232 1 800000 231 0
400000 232 ffffff 232 0 fffffc 230 0
400000 232 ffffff 232 1 200000 233 0
400000 232 000001 232 0 200000 233 0
400000 232 000001 232 1 fffffc 230 0
800000 239 800000 239 0 800000 240 0
800000 239 800000 239 1 000000 0 1
800000 239 000000 239 0 000000 238 0
800000 239 000000 239 1 c00000 240 0
800000 239 ffffff 239 0 c00000 240 0
800000 239 ffffff 239 1 000002 238 0
800000 239 000001 239 0 000002 238 0
800000 239 000001 239 1 c00000 240 0
000000 239 800000 239 0 000000 238 0
000000 239 800000 239 1 400000 240 0
000000 239 000000 239 0 000000 240 0
000000 239 000000 239 1 000000 0 1
000000 239 ffffff 239 0 000000 215 0
000000 239 ffffff 239 1 000000 240 0
000000 239 000001 239 0 000000 240 0
000000 239 000001 239 1 000000 215 0
ffffff 239 800000 239 0 c00000 240 0
ffffff 239 800000 239 1 fffffe 238 0
ffffff 239 000000 239 0 000000 215 0
ffffff 239 000000 239 1 800000 241 0
ffffff 239 ffffff 239 0 ffffff 240 0
ffffff 239 ffffff 239 1 000000 0 1
ffffff 239 000001 239 0 000000 0 1
ffffff 239 000001 239 1 ffffff 240 0
000001 239 800000 239 0 000002 238 0
000001 239 800000 239 1 400000 240 0
000001 239 000000 239 0 000000 240 0
000001 239 000000 239 1 800000 216 0
000001 239 ffffff 239 0 000000 0 1
000001 239 ffffff 239 1 000001 240 0
000001 239 000001 239 0 000001 240 0
000001 239 000001 239 1 000000 0 1
c00000 239 800000 239 0 a00000 240 0
c00000 239 800000 239 1 800000 238 0
c00000 239 000000 239 0 000000 237 0
c00000 239 000000 239 1 e00000 240 0
c00000 239 ffffff 239 0 e00000 240 0
c00000 239 ffffff 239 1 000004 237 0
c00000 239 000001 239 0 000004 237 0
c00000 239 000001 239 1 e00000 240 0
400000 239 800000 239 0 000000 237 0
400000 239 800000 239 1 600000 240 0
400000 239 000000 239 0 200000 240 0
400000 239 000000 239 1 800000 238 0
400000 239 ffffff 239 0 fffffc 237 0
400000 239 ffffff 239 1 200000 240 0
400000 239 000001 239 0 200000 240 0
400000 239 000001 239 1 fffffc 237 0
800000 246 800000 246 0 800000 247 0
800000 246 800000 246 1 000000 0 1
800000 246 000000 246 0 000000 245 0
800000 246 000000 246 1 c00000 247 0
800000 246 ffffff 246 0 c00000 247 0
800000 246 ffffff 246 1 000002 245 0
800000 246 000001 246 0 000002 245 0
800000 246 000001 246 1 c00000 247 0
000000 246 800000 246 0 000000 245 0
000000 246 800000 246 1 400000 247 0
000000 246 000000 246 0 000000 247 0
000000 246 000000 246 1 000000 0 1
000000 246 ffffff 246 0 000000 222 0
000000 246 ffffff 246 1 000000 247 0
000000 246 000001 246 0 000000 247 0
000000 246 000001 246 1 000000 222 0
ffffff 246 800000 246 0 c00000 247 0
ffffff 246 800000 246 1 fffffe 245 0
ffffff 246 000000 246 0 000000 222 0
ffffff 246 000000 246 1 800000 248 0
ffffff 246 ffffff 246 0 ffffff 247 0
ffffff 246 ffffff 246 1 000000 0 1
ffffff 246 000001 246 0 000000 0 1
ffffff 246 000001 246 1 ffffff 247 0
000001 246 800000 246 0 000002 245 0
000001 246 800000 246 1 400000 247 0
000001 246 000000 246 0 000000 247 0
000001 246 000000 246 1 800000 223 0
000001 246 ffffff 246 0 000000 0 1
000001 246 ffffff 246 1 000001 247 0
000001 246 000001 246 0 000001 247 0
000001 246 000001 246 1 000000 0 1
c00000 246 800000 246 0 a00000 247 0
c00000 246 800000 246 1 800000 245 0
c00000 246 000000 246 0 000000 244 0
c00000 246 000000 246 1 e00000 247 0
c00000 246 ffffff 246 0 e00000 247 0
c00000 246 ffffff 246 1 000004 244 0
c00000 246 000001 246 0 000004 244 0
c00000 246 000001 246 1 e00000 247 0
400000 246 800000 246 0 000000 244 0
400000 246 800000 246 1 600000 247 0
400000 246 000000 246 0 200000 247 0
400000 246 000000 246 1 800000 245 0
400000 246 ffffff 246 0 fffffc 244 0
400000 246 ffffff 246 1 200000 247 0
400000 246 000001 246 0 200000 247 0
400000 246 000001 246 1 fffffc 244 0
800000 253 800000 253 0 800000 254 0
800000 253 800000 253 1 000000 0 1
800000 253 000000 253 0 000000 252 0
800000 253 000000 253 1 c00000 254 0
800000 253 ffffff 253 0 c00000 254 0
800000 253 ffffff 253 1 000002 252 0
800000 253 000001 253 0 000002 252 0
800000 253 000001 253 1 c00000 254 0
000000 253 800000 253 0 000000 252 0
000000 253 800000 253 1 400000 254 0
000000 253 000000 253 0 000000 254 0
000000 253 000000 253 1 000000 0 1
000000 253 ffffff 253 0 000000 229 0
000000 253 ffffff 253 1 000000 254 0
000000 253 000001 253 0 000000 254 0
000000 253 000001 253 1 000000 229 0
ffffff 253 800000 253 0 c00000 254 0
ffffff 253 800000 253 1 fffffe 252 0
ffffff 253 000000 253 0 000000 229 0
ffffff 253 000000 253 1 800000 255 0
ffffff 253 ffffff 253 0 ffffff 254 0
ffffff 253 ffffff 253 1 000000 0 1
ffffff 253 000001 253 0 000000 0 1
ffffff 253 000001 253 1 ffffff 254 0
000001 253 800000 253 0 000002 252 0
000001 253 800000 253 1 400000 254 0
000001 253 000000 253 0 000000 254 0
000001 253 000000 253 1 800000 230 0
000001 253 ffffff 253 0 000000 0 1
000001 253 ffffff 253 1 000001 254 0
000001 253 000001 253 0 000001 254 0
000001 253 000001 253 1 000000 0 1
c00000 253 800000 253 0 a00000 254 0
c00000 253 800000 253 1 800000 252 0
c00000 253 000000 253 0 000000 251 0
c00000 253 000000 253 1 e00000 254 0
c00000 253 ffffff 253 0 e00000 254 0
c00000 253 ffffff 253 1 000004 251 0
c00000 253 000001 253 0 000004 251 0
c00000 253 000001 253 1 e00000 254 0
400000 253 800000 253 0 000000 251 0
400000 253 800000 253 1 600000 254 0
400000 253 000000 253 0 200000 254 0
400000 253 000000 253 1 800000 252 0
400000 253 ffffff 253 0 fffffc 251 0
400000 253 ffffff 253 1 200000 254 0
400000 253 000001 253 0 200000 254 0
400000 253 000001 253 1 fffffc 251 0
